timestamp_ms,left_brightness,right_brightness
2,0,0
19,0,0
35,0,0
53,0,0
70,0,0
87,0,0
103,0,0
120,0,0
137,0,0
153,0,0
170,0,0
187,0,0
203,0,0
220,0,0
237,0,0
253,0,0
270,0,0
287,0,0
304,0,0
321,0,0
337,0,0
354,0,0
372,0,0
388,0,0
405,0,0
422,0,0
438,0,0
455,0,0
472,0,0
488,0,0
506,0,0
522,0,0
540,0,0
556,0,0
572,0,0
589,0,0
606,0,0
622,0,0
638,0,0
655,0,0
672,0,0
689,0,0
707,0,0
723,0,0
740,0,0
757,0,0
774,0,0
792,0,0
809,0,0
825,0,0
842,0,0
860,0,0
877,0,0
894,0,0
910,0,0
927,0,0
944,0,0
961,0,0
979,0,0
996,0,0
1013,0,0
1030,0,0
1047,0,0
1064,0,0
1081,0,0
1098,0,0
1115,0,0
1133,0,0
1150,0,0
1167,0,0
1184,0,0
1200,0,0
1216,0,0
1233,0,0
1250,0,0
1267,0,0
1284,0,0
1301,0,0
1318,0,0
1335,0,0
1352,0,0
1369,0,0
1386,0,0
1403,0,0
1420,0,0
1437,0,0
1454,0,0
1471,0,0
1488,0,0
1504,0,0
1522,0,0
1539,0,0
1556,0,0
1572,0,0
1590,0,0
1607,0,0
1623,0,0
1640,0,0
1656,0,0
1673,0,0
1690,0,0
1707,0,0
1723,0,0
1740,0,0
1757,0,0
1774,0,0
1791,0,0
1808,0,0
1825,0,0
1843,0,0
1860,0,0
1877,0,0
1894,0,0
1911,0,0
1927,0,0
1943,0,0
1960,0,0
1976,0,0
1993,0,0
2010,0,0
2028,0,0
2044,0,0
2060,54,51
2077,44,49
2093,49,58
2111,47,53
2127,54,59
2144,50,52
2160,46,54
2176,51,58
2193,44,53
2210,116,124
2227,121,133
2243,123,131
2260,123,132
2278,123,129
2295,121,127
2312,120,127
2329,121,124
2346,119,116
2363,102,114
2380,96,114
2397,100,113
2414,96,108
2430,100,109
2446,97,103
2464,91,101
2481,159,149
2498,144,133
2515,140,142
2531,118,127
2549,92,90
2565,90,95
2582,81,90
2599,90,101
2615,86,95
2632,88,98
2649,105,89
2666,98,83
2684,88,86
2701,118,115
2718,128,142
2734,128,132
2751,146,135
2768,146,117
2785,109,104
2802,122,112
2818,136,158
2834,126,161
2852,131,120
2868,103,115
2885,97,112
2902,101,117
2919,86,113
2935,104,110
2952,87,104
2969,104,107
2987,109,90
3004,100,87
3021,128,91
3038,117,138
3054,134,145
3071,136,125
3087,122,109
3104,130,128
3121,110,100
3138,142,128
3155,155,149
3171,169,129
3189,141,127
3205,154,152
3222,140,155
3239,152,153
3257,146,157
3273,117,118
3290,160,150
3307,143,135
3324,161,160
3341,153,158
3358,170,172
3374,148,156
3392,159,171
3409,171,161
3426,141,133
3442,155,154
3459,168,153
3476,156,146
3492,135,125
3509,154,143
3525,136,144
3542,151,153
3559,162,163
3576,131,128
3592,122,125
3609,126,126
3626,135,131
3643,121,109
3660,130,130
3678,137,149
3694,115,152
3711,129,144
3727,131,135
3745,151,127
3761,119,149
3778,161,149
3794,151,153
3812,155,153
3829,133,124
3845,127,162
3862,121,111
3878,142,152
3895,124,120
3911,116,124
3927,151,147
3945,114,122
3962,162,166
3978,166,127
3995,135,114
4012,129,132
4029,121,116
4046,145,137
4063,134,121
4080,146,130
4097,170,147
4115,127,153
4131,170,150
4148,170,153
4165,143,143
4181,170,143
4197,156,169
4213,130,129
4231,138,138
4247,119,130
4264,170,165
4281,158,160
4298,130,130
4314,121,122
4330,160,160
4347,117,125
4363,134,112
4381,139,133
4397,130,130
4414,155,145
4430,144,120
4447,145,129
4463,120,119
4480,132,135
4497,104,127
4514,123,133
4530,111,112
4548,98,105
4565,105,95
4582,114,111
4599,125,122
4617,96,108
4634,123,126
4651,135,113
4667,126,108
4683,135,123
4700,107,109
4717,126,120
4733,134,126
4750,137,115
4767,119,103
4783,93,99
4800,112,126
4817,118,102
4834,113,103
4850,137,132
4867,133,103
4883,122,107
4900,124,107
4917,128,110
4934,120,113
4950,98,116
4966,136,127
4983,103,121
5000,92,123
5017,97,120
5034,117,118
5051,112,112
5067,115,113
5084,115,113
5100,127,121
5117,118,109
5134,112,102
5150,121,120
5167,113,108
5183,118,104
5200,129,124
5217,126,116
5233,130,113
5251,108,114
5268,132,130
5284,114,99
5301,113,95
5318,98,86
5335,98,86
5352,107,113
5370,92,104
5386,124,120
5403,124,130
5420,121,138
5437,135,119
5453,135,119
5470,128,128
5486,116,118
5503,109,113
5520,135,125
5537,121,123
5554,153,147
5571,151,148
5588,154,147
5605,140,146
5622,155,153
5638,117,127
5655,148,162
5672,99,109
5689,106,121
5706,144,152
5723,131,125
5740,136,145
5757,161,148
5774,123,121
5791,143,124
5807,108,125
5824,108,125
5841,134,115
5858,113,114
5875,139,134
5892,110,111
5909,129,114
5926,119,113
5943,119,113
5959,110,136
5975,98,98
5992,110,98
6008,98,97
6025,120,129
6042,128,138
6059,120,100
6076,123,107
6093,119,109
6110,115,98
6126,115,124
6144,131,120
6161,132,131
6177,151,116
6194,151,116
6211,122,119
6227,119,128
6244,119,115
6262,117,116
6280,112,122
6297,121,107
6313,121,107
6331,126,95
6347,146,133
6363,128,124
6381,142,115
6398,119,121
6415,131,120
6431,129,116
6447,137,121
6464,126,122
6481,120,112
6497,122,122
6513,124,119
6530,104,100
6546,127,121
6563,127,121
6580,130,132
6597,135,128
6613,130,109
6630,120,113
6646,120,113
6664,140,143
6680,117,119
6697,93,113
6713,109,106
6730,109,87
6747,93,99
6764,88,104
6780,141,144
6797,104,161
6813,104,161
6830,137,124
6847,136,148
6863,134,142
6880,153,130
6897,167,172
6913,163,174
6930,173,164
6947,126,103
6963,115,122
6981,122,125
6997,148,151
7014,150,130
7030,103,113
7047,87,99
7063,111,109
7081,116,106
7098,152,144
7114,151,145
7130,154,159
7147,140,128
7164,146,118
7181,128,134
7197,152,142
7214,158,158
7231,152,156
7248,127,144
7265,129,107
7282,125,96
7299,126,124
7316,152,147
7333,152,152
7351,169,156
7367,162,174
7384,161,174
7401,123,139
7419,153,139
7436,151,149
7452,172,147
7468,135,148
7486,139,106
7503,127,124
7520,130,152
7537,149,159
7554,166,151
7571,150,115
7588,118,98
7605,100,122
7622,99,95
7639,156,151
7656,131,146
7673,131,146
7690,115,97
7707,99,99
7724,106,116
7741,159,151
7758,160,166
7775,167,164
7792,167,164
7809,165,165
7825,170,137
7842,174,165
7859,143,131
7875,155,153
7891,109,140
7908,126,136
7925,154,138
7942,162,130
7958,158,153
7975,156,156
7992,155,147
8009,161,133
8025,161,158
8042,172,141
8058,173,155
8075,174,169
8091,161,163
8108,151,120
8125,129,110
8143,136,152
8160,130,124
8177,115,115
8193,129,166
8209,137,128
8227,114,130
8244,143,145
8260,150,135
8277,128,124
8294,130,122
8311,125,136
8327,115,123
8343,139,131
8360,132,125
8377,129,145
8393,160,143
8409,151,172
8426,157,174
8443,134,157
8461,173,157
8478,174,154
8494,159,161
8510,157,173
8528,143,149
8545,150,166
8562,142,152
8578,144,145
8596,127,131
8613,146,113
8629,129,140
8645,141,146
8662,143,158
8678,140,122
8694,151,149
8712,119,116
8728,147,156
8745,133,148
8762,146,149
8778,141,121
8795,133,117
8812,131,137
8828,158,161
8845,134,134
8862,116,100
8880,131,112
8896,131,100
8914,122,117
8930,136,146
8947,125,124
8963,150,134
8980,125,124
8997,158,139
9014,97,108
9031,131,131
9047,107,122
9064,149,153
9081,138,108
9097,168,168
9114,127,111
9131,155,147
9148,124,114
9165,151,145
9181,137,117
9198,126,136
9214,123,134
9231,131,156
9248,116,146
9265,132,134
9282,114,113
9299,133,142
9315,170,170
9331,165,165
9348,167,172
9364,155,142
9381,146,136
9398,145,118
9416,136,126
9432,126,115
9449,137,143
9466,82,98
9482,146,146
9498,91,86
9516,168,159
9533,110,125
9550,84,87
9567,107,101
9584,98,99
9600,95,95
9617,82,78
9634,94,93
9651,75,81
9669,127,124
9685,86,109
9701,87,91
9718,94,113
9736,90,91
9752,92,103
9768,134,149
9785,166,171
9802,139,167
9818,125,143
9834,119,158
9852,121,127
9868,109,124
9884,109,124
9902,109,122
9919,90,112
9935,88,121
9952,101,117
9970,94,105
9986,85,106
10002,99,128
10019,108,112
10036,91,110
10053,104,106
10069,91,110
10086,106,96
10102,90,97
10119,99,97
10135,99,97
10152,74,87
10169,83,92
10185,90,93
10202,102,105
10219,117,114
10235,138,145
10252,138,145
10269,94,101
10286,145,143
10303,123,132
10320,111,120
10338,94,107
10355,92,78
10371,92,78
10389,91,75
10405,93,93
10421,76,81
10438,86,82
10456,102,101
10473,99,105
10491,85,80
10507,98,113
10523,100,79
10540,81,74
10558,73,73
10575,72,77
10592,62,68
10609,67,68
10627,79,87
10643,92,89
10660,94,81
10677,100,82
10694,90,69
10711,120,116
10728,102,106
10745,94,107
10761,80,85
10779,90,79
10795,120,112
10812,87,82
10829,86,81
10846,85,79
10863,125,131
10880,106,110
10897,145,137
10913,113,133
10930,127,146
10947,126,145
10963,80,96
10980,79,103
10997,130,131
11014,138,143
11031,135,140
11048,141,138
11064,98,95
11081,151,144
11098,117,112
11116,103,95
11132,82,87
11149,110,94
11166,79,86
11182,72,78
11199,78,74
11216,84,96
11234,150,156
11250,160,153
11267,166,154
11284,158,159
11301,161,158
11318,152,154
11334,151,140
11351,149,133
11367,144,148
11383,141,126
11400,139,127
11417,135,137
11434,145,125
11451,152,126
11468,100,86
11484,100,86
11501,122,99
11518,105,106
11535,91,77
11552,85,86
11568,84,81
11585,71,68
11601,78,59
11618,72,68
11634,82,63
11652,83,66
11669,76,61
11686,78,54
11702,121,129
11719,123,104
11735,116,99
11751,117,108
11768,110,98
11784,122,101
11800,101,97
11817,106,95
11835,106,87
11851,108,88
11868,120,102
11886,85,87
11902,79,81
11919,131,117
11937,97,112
11954,104,105
11970,106,90
11987,100,100
12004,94,80
12021,133,114
12038,102,91
12054,90,90
12071,102,100
12088,161,164
12104,161,164
12122,117,81
12138,111,108
12155,98,95
12172,168,167
12188,94,91
12205,106,95
12222,106,95
12239,106,88
12255,168,167
12273,108,114
12289,91,87
12306,85,76
12326,148,154
12342,148,154
12359,98,91
12376,73,86
12392,81,74
12409,153,146
12427,98,83
12443,86,67
12460,83,83
12477,138,136
12493,158,163
12510,117,108
12527,115,106
12543,136,128
12560,165,156
12576,157,155
12593,157,155
12610,138,132
12627,123,132
12643,146,139
12660,133,113
12677,123,92
12693,127,118
12710,126,115
12726,133,128
12742,149,141
12759,148,151
12776,163,165
12794,173,174
12810,170,162
12827,114,109
12844,114,109
12860,103,93
12877,96,99
12893,141,127
12910,108,102
12927,102,100
12943,86,90
12961,93,91
12978,103,96
12994,93,96
13011,87,97
13028,94,86
13045,83,72
13061,84,78
13078,78,73
13095,86,74
13112,74,84
13129,81,81
13147,88,80
13164,91,91
13181,74,80
13197,117,131
13214,117,131
13231,124,133
13247,82,95
13265,83,78
13282,77,75
13299,81,84
13316,79,86
13332,79,86
13349,72,79
13366,75,81
13382,87,75
13399,80,86
13416,110,109
13432,151,154
13449,119,109
13467,96,101
13484,168,167
13500,96,90
13517,168,167
13534,109,98
13550,168,167
13567,123,124
13585,101,90
13602,167,162
13618,80,98
13634,107,96
13652,108,106
13669,92,88
13688,128,111
13704,128,111
13721,89,98
13737,122,106
13754,105,105
13771,137,139
13789,128,147
13805,101,89
13822,101,89
13839,166,171
13856,129,103
13872,90,92
13889,129,122
13906,89,88
13923,113,79
13940,102,90
13956,88,94
13973,79,76
13990,78,79
14007,83,86
14023,92,83
14040,103,92
14056,88,76
14073,88,76
14090,94,100
14107,78,76
14123,91,79
14140,84,79
14158,93,89
14175,89,86
14193,89,86
14210,88,90
14227,82,92
14244,89,85
14261,80,94
14278,102,108
14294,101,103
14311,100,108
14328,138,139
14345,129,140
14362,110,121
14379,123,115
14396,130,117
14413,120,112
14430,121,130
14448,99,97
14464,98,92
14480,105,99
14497,136,150
14514,130,144
14531,127,133
14547,139,131
14563,139,131
14580,125,136
14597,122,124
14613,119,136
14631,123,132
14647,128,127
14663,117,128
14681,122,126
14698,134,115
14714,119,110
14731,108,110
14748,113,103
14765,106,96
14781,100,99
14798,140,131
14815,130,120
14832,134,141
14848,128,122
14864,127,131
14881,143,131
14898,146,117
14915,143,131
14931,152,136
14947,149,143
14964,128,135
14980,133,120
14997,136,130
15014,136,125
15030,127,126
15047,120,130
15063,123,128
15080,134,128
15096,129,128
15113,127,126
15130,169,154
15147,138,157
15164,134,146
15181,135,142
15197,164,172
15214,144,152
15231,141,140
15247,161,153
15264,173,155
15281,151,148
15298,155,146
15315,134,159
15331,148,146
15348,158,153
15365,158,167
15381,156,165
15399,158,148
15415,145,159
15431,142,144
15448,152,141
15465,147,142
15482,153,144
15499,159,156
15515,147,136
15531,153,148
15548,148,147
15566,158,164
15583,166,150
15600,168,133
15617,169,152
15634,168,152
15650,158,147
15667,146,149
15684,160,153
15701,160,161
15717,154,171
15734,162,167
15751,158,154
15768,158,159
15785,167,173
15802,174,163
15819,156,166
15835,155,154
15851,150,140
15869,158,140
15886,173,173
15902,164,174
15919,152,165
15935,149,152
15951,132,154
15969,132,141
15986,170,140
16002,160,152
16019,150,141
16036,155,152
16053,149,134
16070,150,136
16087,147,152
16104,133,144
16121,159,142
16138,172,170
16154,140,143
16171,170,171
16188,167,163
16204,117,148
16222,146,140
16238,139,164
16254,156,156
16271,151,152
16287,165,159
16304,158,153
16320,148,154
16337,174,174
16353,174,174
16370,154,159
16386,154,161
16402,156,156
16419,155,150
16437,132,145
16454,123,136
16470,120,144
16487,136,132
16504,131,126
16522,120,134
16538,131,132
16554,114,129
16571,121,127
16588,127,140
16605,100,127
16622,98,133
16639,132,126
16656,138,145
16673,137,130
16690,141,116
16707,143,111
16724,143,121
16741,139,132
16758,149,112
16775,136,118
16792,136,123
16810,120,102
16826,134,112
16844,120,113
16861,154,112
16878,171,124
16894,150,138
16911,146,145
16928,139,159
16944,148,161
16962,145,113
16979,128,159
16996,139,169
17014,135,155
17031,161,147
17047,138,135
17064,154,144
17080,131,146
17097,138,130
17114,148,154
17131,132,126
17147,130,118
17163,127,112
17180,120,124
17198,115,120
17215,118,119
17231,124,121
17247,104,126
17265,102,125
17282,154,163
17299,120,144
17316,101,127
17333,121,145
17351,131,122
17367,104,112
17384,126,135
17400,112,134
17417,109,114
17434,121,101
17451,113,134
17467,135,110
17483,101,118
17500,127,117
17517,125,117
17534,119,121
17550,116,120
17567,114,109
17584,108,109
17601,142,152
17617,134,120
17634,124,112
17652,123,118
17668,98,111
17685,103,108
17701,117,110
17717,111,109
17735,128,141
17751,125,147
17768,115,108
17784,98,106
17801,114,119
17818,111,125
17834,104,115
17850,111,115
17867,112,107
17883,112,107
17900,97,102
17917,113,92
17933,121,114
17951,130,131
17968,120,92
17985,103,94
18002,110,89
18018,94,93
18034,97,97
18051,106,122
18067,105,100
18084,98,110
18101,94,92
18117,85,95
18134,85,95
18150,148,130
18167,143,163
18184,149,168
18200,139,143
18217,121,143
18234,109,133
18250,116,145
18267,128,147
18283,147,135
18300,134,142
18317,137,146
18334,146,140
18351,136,143
18368,122,134
18385,115,103
18402,104,99
18418,99,90
18434,96,87
18451,98,85
18468,111,102
18484,101,92
18502,89,96
18519,96,106
18536,82,89
18552,74,90
18569,91,98
18585,96,93
18601,97,90
18618,94,93
18634,87,85
18651,85,86
18668,127,108
18685,130,105
18702,116,105
18718,114,98
18736,117,107
18752,110,98
18769,114,105
18786,167,157
18803,141,141
18820,151,156
18837,141,152
18853,109,104
18870,151,130
18888,149,150
18904,122,130
18921,155,122
18938,162,144
18955,123,113
18972,149,138
18989,142,141
19006,136,142
19024,163,167
19041,164,157
19058,158,174
19074,173,168
19091,171,165
19108,174,174
19124,173,143
19142,160,165
19159,139,138
19175,161,153
19192,156,165
19208,141,155
19224,171,164
19241,135,173
19258,132,140
19274,145,140
19291,157,135
19308,141,132
19325,153,150
19342,137,129
19358,136,111
19376,113,97
19392,152,135
19409,99,99
19427,128,136
19443,153,146
19460,119,119
19476,157,155
19493,120,124
19510,111,116
19526,169,174
19542,165,174
19559,174,168
19575,157,143
19592,165,156
19608,123,131
19625,162,164
19642,155,150
19659,139,132
19676,142,120
19692,122,128
19709,127,131
19726,134,120
19743,136,128
19760,126,133
19776,123,122
19793,125,105
19810,96,93
19826,93,87
19843,168,168
19860,172,173
19877,173,168
19894,159,172
19911,148,155
19927,136,141
19944,144,134
19961,120,149
19977,124,172
19994,159,153
20010,152,135
20028,138,136
20045,126,127
20062,163,171
20078,156,170
20096,153,163
20112,144,159
20129,109,116
20145,113,108
20162,134,97
20179,166,159
20196,135,140
20213,121,108
20230,104,108
20247,100,124
20263,91,123
20280,165,171
20297,167,174
20315,154,161
20332,119,139
20349,115,99
20366,115,116
20382,141,149
20400,134,136
20417,117,129
20434,113,124
20451,101,118
20468,110,121
20485,158,155
20502,157,171
20518,143,147
20535,101,101
20552,87,86
20569,101,133
20585,89,131
20601,144,144
20618,127,140
20636,133,142
20653,148,149
20670,104,140
20686,115,116
20702,152,152
20718,149,149
20735,126,122
20751,108,114
20768,102,99
20786,123,102
20804,117,125
20820,141,145
20836,141,142
20852,130,131
20869,108,88
20885,95,91
20902,88,81
20918,111,101
20934,118,115
20951,117,118
20968,120,121
20984,112,108
21001,107,107
21018,112,110
21034,91,101
21050,106,108
21068,107,105
21084,107,105
21100,104,105
21118,116,107
21135,107,122
21151,116,118
21168,117,105
21185,132,130
21202,120,121
21218,131,134
21236,134,145
21254,134,144
21271,124,137
21287,127,123
21304,126,123
21321,114,134
21337,102,108
21354,106,110
21372,122,109
21389,150,148
21406,160,163
21423,124,103
21440,165,160
21457,156,153
21474,170,157
21491,156,148
21508,146,147
21525,136,142
21542,123,134
21560,144,157
21576,153,169
21593,172,165
21610,154,159
21626,160,157
21643,169,171
21660,138,166
21677,149,155
21693,159,173
21710,156,157
21727,160,160
21743,152,151
21760,156,149
21777,167,174
21794,174,174
21812,169,167
21829,163,163
21845,173,167
21861,163,164
21879,163,154
21896,174,170
21912,174,165
21929,174,162
21945,164,162
21962,172,164
21978,161,161
21996,153,153
22012,162,151
22029,147,142
22047,137,145
22063,146,143
22081,147,132
22097,147,160
22113,167,159
22131,150,154
22148,163,156
22165,168,160
22181,167,150
22197,159,151
22214,170,168
22230,172,162
22246,168,168
22263,123,145
22280,134,134
22298,131,141
22314,131,141
22331,126,138
22347,124,137
22364,116,133
22381,112,137
22397,124,137
22414,145,150
22431,137,147
22448,124,147
22465,125,142
22482,125,137
22498,132,147
22514,138,146
22531,143,149
22548,140,154
22565,137,153
22582,138,161
22599,124,118
22617,144,127
22634,150,145
22650,133,135
22667,127,130
22683,127,130
22701,142,123
22717,156,156
22733,133,114
22750,173,156
22767,157,165
22783,159,173
22800,161,170
22816,167,171
22832,141,132
22849,163,159
22867,152,164
22883,158,165
22900,135,156
22917,127,129
22934,127,129
22950,143,126
22967,132,139
22983,129,117
23001,144,143
23018,121,134
23034,161,171
23051,173,172
23067,173,173
23084,153,148
23101,152,148
23118,128,127
23134,145,123
23151,127,122
23168,138,143
23184,151,127
23200,164,160
23217,114,112
23234,169,159
23250,96,110
23266,165,168
23283,108,106
23300,92,97
23317,107,116
23334,112,96
23351,102,89
23368,120,99
23384,150,136
23402,127,101
23419,116,102
23436,113,120
23452,115,110
23469,122,125
23486,150,170
23502,143,168
23518,135,143
23536,110,131
23552,114,128
23568,96,113
23585,101,103
23602,93,100
23618,92,97
23635,95,89
23652,88,92
23669,84,88
23687,89,89
23703,107,97
23720,119,129
23736,110,113
23752,103,107
23769,111,108
23785,112,112
23802,127,122
23818,115,117
23834,125,118
23851,120,109
23867,107,88
23884,96,84
23901,106,89
23918,97,93
23934,90,95
23951,99,87
23967,92,101
23983,100,91
24000,79,90
24016,99,92
24033,119,110
24051,116,100
24068,110,101
24084,106,91
24100,104,103
24117,104,101
24134,103,101
24151,112,108
24167,100,111
24183,90,111
24201,77,88
24217,92,86
24234,100,77
24250,83,77
24267,72,87
24284,72,87
24301,78,83
24318,72,65
24335,78,83
24352,81,82
24368,78,84
24384,83,84
24401,75,65
24418,75,72
24434,79,66
24451,82,83
24468,82,75
24485,72,79
24503,75,82
24519,75,87
24535,84,94
24552,79,80
24569,87,74
24585,82,96
24601,72,88
24618,73,84
24635,70,79
24651,70,79
24667,73,85
24683,78,74
24700,66,81
24717,75,76
24734,75,78
24751,69,82
24767,72,84
24783,74,82
24800,92,76
24817,84,76
24834,78,80
24850,71,72
24867,75,80
24883,76,78
24900,85,75
24917,73,72
24933,60,86
24950,79,79
24967,65,83
24984,77,72
25000,80,82
25017,72,79
25034,68,71
25051,63,66
25068,76,78
25085,74,86
25102,80,68
25119,77,79
25136,76,66
25152,75,55
25168,65,82
25185,75,61
25201,71,64
25218,76,77
25235,62,78
25251,69,79
25268,76,65
25284,67,60
25301,63,74
25319,137,160
25335,114,86
25351,101,96
25368,76,94
25385,77,86
25401,79,73
25417,68,73
25435,65,64
25451,65,65
25468,60,78
25485,76,67
25502,72,71
25519,167,92
25535,113,130
25552,124,166
25569,125,119
25585,91,117
25602,85,92
25619,109,118
25636,121,124
25652,118,113
25669,119,98
25685,125,108
25701,116,100
25718,105,104
25734,100,94
25751,116,101
25767,111,91
25784,109,87
25801,113,99
25818,87,89
25834,90,77
25851,148,148
25869,85,96
25886,104,106
25903,116,134
25920,115,115
25936,110,100
25952,117,135
25970,110,135
25987,130,96
26003,115,109
26021,123,114
26038,88,98
26054,107,96
26071,136,140
26087,151,157
26104,136,142
26120,163,157
26137,153,129
26153,123,102
26170,131,138
26186,146,155
26203,150,143
26221,158,153
26237,139,123
26253,139,123
26270,151,146
26287,155,158
26304,123,137
26321,151,130
26338,170,150
26354,154,160
26371,165,164
26388,151,160
26404,172,162
26422,172,173
26438,172,153
26454,167,166
26471,173,173
26487,160,140
26504,160,140
26520,117,120
26537,116,123
26555,104,107
26571,102,104
26587,97,91
26604,93,94
26620,93,99
26637,98,77
26655,88,98
26671,102,94
26688,85,104
26705,171,167
26722,171,164
26739,141,152
26755,148,135
26772,157,145
26788,128,150
26804,130,103
26821,105,94
26838,108,125
26855,120,104
26872,120,104
26889,98,116
26907,104,103
26924,103,88
26940,104,103
26957,95,85
26973,90,84
26991,93,87
27007,87,94
27023,81,71
27040,83,91
27057,85,76
27073,79,80
27091,83,84
27107,80,81
27124,83,73
27141,102,102
27158,119,122
27175,103,104
27192,94,103
27208,80,97
27225,87,80
27242,102,88
27259,100,104
27276,117,135
27293,90,96
27310,76,96
27327,75,89
27343,124,109
27361,124,98
27378,108,99
27394,109,97
27411,102,105
27429,96,103
27445,93,92
27461,99,83
27478,95,78
27495,97,79
27512,85,102
27528,79,91
27545,95,82
27561,117,107
27578,105,90
27595,112,94
27612,112,99
27628,85,104
27644,107,91
27661,97,87
27678,80,84
27695,82,96
27712,87,93
27728,82,83
27745,83,81
27762,79,78
27779,90,93
27796,114,110
27813,112,117
27829,93,90
27845,98,81
27862,103,89
27879,105,91
27896,85,89
27912,106,103
27929,110,105
27946,110,105
27964,108,113
27980,96,98
27997,125,128
28014,133,120
28031,128,131
28047,110,96
28063,96,89
28081,96,92
28098,142,153
28114,171,156
28131,167,172
28148,134,125
28164,124,138
28182,106,137
28199,164,162
28216,151,143
28232,154,153
28249,103,133
28266,110,127
28283,131,106
28301,122,127
28317,150,142
28334,159,131
28351,111,126
28368,90,106
28385,121,113
28403,131,95
28419,159,150
28436,139,149
28453,131,142
28471,134,154
28487,149,154
28503,163,164
28520,152,141
28536,160,138
28552,169,164
28568,149,130
28586,136,144
28603,124,139
28620,124,113
28638,173,172
28654,174,159
28670,142,145
28687,161,166
28704,142,131
28721,125,131
28737,125,120
28754,135,141
28770,133,149
28787,121,118
28803,122,136
28820,109,101
28837,108,98
28855,116,114
28871,107,106
28887,102,110
28904,118,109
28921,119,101
28937,124,100
28953,128,110
28970,112,98
28987,108,109
29003,125,115
29020,111,119
29037,112,116
29053,108,122
29071,132,134
29088,114,106
29105,124,125
29122,119,121
29138,113,122
29155,162,171
29172,151,167
29189,153,140
29206,155,162
29222,159,173
29239,130,150
29255,112,136
29272,152,154
29288,172,145
29306,132,129
29323,150,130
29339,139,136
29355,131,129
29372,137,117
29388,161,147
29405,152,146
29422,143,127
29439,137,148
29456,139,155
29473,128,141
29490,169,169
29507,154,154
29524,162,163
29541,174,174
29558,167,166
29574,167,166
29591,166,164
29608,174,174
29625,174,174
29642,164,174
29658,174,174
29674,163,174
29690,158,154
29707,173,173
29723,147,158
29740,143,142
29757,168,172
29773,135,134
29791,120,127
29807,94,100
29823,94,100
29841,105,136
29858,103,103
29874,95,110
29891,85,94
29908,162,155
29926,169,161
29942,169,161
29959,134,136
29977,113,107
29994,102,116
30011,141,147
30028,134,136
30047,125,129
30063,151,131
30080,149,145
30097,128,135
30113,138,136
30130,172,173
30147,164,159
30164,169,159
30180,172,174
30197,174,172
30213,164,162
30230,173,172
30247,174,174
30263,173,173
30280,133,136
30297,123,116
30313,123,116
30331,118,110
30347,174,174
30363,174,173
30380,143,131
30397,108,117
30413,128,104
30429,104,86
30447,138,146
30464,137,155
30481,122,135
30499,139,121
30515,120,92
30531,107,101
30548,134,154
30565,142,130
30581,130,130
30598,137,113
30615,118,104
30632,109,96
30648,95,95
30664,120,131
30681,120,120
30697,104,102
30714,99,104
30731,85,90
30749,114,112
30766,140,142
30783,158,153
30800,115,135
30817,111,129
30833,119,126
30850,119,134
30867,104,101
30883,123,135
30901,127,145
30918,112,102
30934,112,102
30950,124,125
30967,117,106
30984,161,132
31001,143,126
31018,132,124
31034,121,131
31050,117,131
31067,112,122
31084,110,125
31100,125,134
31116,124,145
31133,121,139
31150,102,99
31167,103,93
31184,87,89
31201,116,124
31217,150,142
31234,151,151
31250,100,106
31266,92,73
31283,95,71
31300,98,75
31316,72,74
31332,78,76
31349,89,73
31366,85,68
31382,85,67
31399,73,83
31416,152,151
31433,144,152
31449,106,110
31466,102,105
31483,103,99
31500,109,97
31517,130,131
31534,141,140
31551,130,153
31568,128,117
31584,90,87
31601,69,84
31618,74,74
31634,161,140
31651,145,140
31668,147,137
31686,149,135
31702,152,134
31718,133,139
31734,138,133
31751,147,144
31767,120,140
31784,143,138
31801,130,112
31818,133,144
31836,115,129
31853,134,121
31871,143,136
31887,135,131
31904,130,131
31920,145,137
31937,125,99
31953,100,105
31970,81,80
31987,78,79
32003,76,79
32020,80,93
32038,95,108
32054,95,99
32071,174,174
32088,171,167
32105,157,154
32122,147,139
32139,131,122
32156,117,128
32172,121,112
32189,107,119
32206,95,99
32224,98,86
32240,88,66
32256,75,71
32273,78,88
32289,94,94
32305,122,98
32322,107,106
32339,76,89
32357,89,81
32373,125,128
32390,161,152
32406,142,152
32424,139,150
32441,117,122
32457,122,143
32473,122,128
32490,134,125
32507,164,167
32523,159,146
32540,147,147
32557,127,122
32573,140,123
32590,167,169
32607,151,163
32623,154,157
32640,134,148
32658,142,143
32675,155,150
32692,138,127
32709,122,130
32726,128,116
32743,124,126
32760,120,123
32777,124,124
32794,130,118
32810,170,170
32827,170,174
32844,171,174
32861,155,159
32878,159,163
32895,148,150
32911,140,154
32928,152,149
32944,163,159
32961,152,153
32978,172,172
32995,168,168
33011,158,160
33027,164,163
33044,154,154
33061,140,146
33077,139,144
33095,143,140
33112,134,133
33128,164,169
33144,164,169
33162,135,130
33178,131,141
33194,150,151
33212,146,129
33228,112,99
33244,101,101
33261,109,120
33277,115,127
33293,120,118
33311,120,119
33328,115,113
33345,143,154
33362,172,169
33378,143,143
33394,143,143
33411,157,162
33429,181,180
33446,172,168
33464,151,144
33481,147,151
33497,144,145
33515,144,145
33531,121,132
33547,122,116
33564,170,168
33581,162,158
33597,114,120
33614,125,124
33631,119,119
33648,112,113
33666,169,162
33682,157,147
33699,135,121
33717,132,81
33734,84,48
33751,86,47
33767,168,166
33784,174,174
33801,167,162
33818,160,164
33836,157,130
33853,125,120
33870,109,102
33887,97,92
33904,86,79
33921,81,75
33938,73,69
33955,58,67
33972,63,60
33988,159,146
34004,119,125
34022,113,108
34039,139,94
34055,116,88
34072,78,80
34090,104,62
34107,56,56
34124,58,58
34141,69,46
34158,52,46
34175,57,42
34192,57,50
34209,154,153
34226,159,156
34242,161,153
34258,164,144
34275,157,148
34292,155,130
34308,165,152
34325,149,146
34341,147,140
34359,140,156
34376,155,149
34393,147,150
34410,149,159
34427,148,153
34444,139,126
34460,101,118
34477,90,114
34493,90,106
34510,70,90
34527,125,139
34543,131,146
34560,151,142
34577,123,133
34593,121,116
34610,123,142
34628,139,142
34645,125,148
34661,117,130
34678,109,138
34696,127,112
34713,119,107
34730,169,160
34747,154,166
34764,148,149
34781,126,122
34798,120,126
34814,102,115
34831,98,111
34848,136,136
34866,126,121
34883,128,124
34900,127,123
34916,130,98
34933,119,128
34949,155,168
34967,138,135
34983,141,151
35000,129,134
35017,99,120
35033,109,111
35050,125,136
35067,144,147
35083,146,130
35100,146,147
35117,157,154
35134,144,153
35150,158,158
35167,160,160
35184,173,169
35200,152,166
35217,146,165
35233,131,150
35250,160,170
35267,159,169
35284,173,174
35300,158,147
35317,149,137
35334,172,171
35351,147,145
35367,130,135
35384,170,170
35402,171,171
35419,140,143
35436,168,169
35454,159,167
35470,173,173
35487,174,174
35504,174,174
35521,174,174
35538,174,174
35554,148,135
35572,135,120
35589,171,173
35605,122,153
35623,115,141
35640,144,172
35657,126,137
35673,167,168
35690,142,141
35707,126,110
35723,165,132
35740,146,120
35756,134,112
35774,128,120
35790,109,114
35807,142,136
35823,167,159
35841,147,146
35858,151,158
35875,149,156
35892,155,145
35909,163,147
35926,161,157
35943,152,127
35960,138,130
35977,121,133
35994,126,124
36011,121,103
36027,133,154
36044,135,144
36060,147,152
36077,122,126
36094,108,127
36111,98,122
36128,119,108
36144,156,111
36161,154,122
36178,115,114
36194,118,110
36211,92,92
36228,88,72
36245,165,159
36262,136,136
36278,138,118
36295,143,128
36313,108,129
36329,94,97
36346,168,168
36362,140,145
36379,133,136
36396,168,170
36413,169,167
36431,167,166
36448,161,162
36464,157,162
36481,159,163
36499,166,167
36515,173,173
36531,153,174
36548,149,150
36565,139,159
36581,132,142
36598,135,133
36615,129,133
36632,140,123
36649,107,101
36666,97,103
36683,156,157
36700,87,97
36717,106,97
36733,94,111
36751,71,69
36767,57,62
36784,122,137
36801,135,133
36818,110,86
36835,103,87
36852,91,98
36868,135,135
36884,137,144
36901,93,120
36918,142,122
36935,110,91
36952,102,116
36969,127,126
36985,169,152
37002,156,153
37020,139,138
37037,137,143
37053,118,119
37070,105,110
37086,136,143
37103,153,161
37120,167,155
37137,145,131
37154,145,127
37171,117,110
37187,169,169
37203,174,174
37220,174,173
37236,137,138
37252,134,123
37268,82,93
37286,84,84
37303,75,80
37320,61,71
37337,52,62
37353,52,61
37370,51,63
37388,52,60
37404,50,62
37421,74,69
37438,73,67
37455,71,60
37471,72,60
37488,69,58
37506,67,55
37522,72,58
37539,68,51
37556,70,49
37572,70,49
37589,62,48
37606,48,40
37623,43,42
37639,152,154
37657,74,80
37674,72,68
37691,76,77
37708,62,56
37725,121,139
37742,160,171
37759,129,139
37776,121,117
37794,92,114
37810,64,82
37827,58,78
37843,167,167
37860,112,124
37876,77,76
37892,99,111
37909,89,113
37927,63,78
37943,63,78
37960,107,138
37977,46,60
37993,47,56
38010,59,89
38027,38,52
38043,44,53
38060,66,75
38078,67,54
38094,61,54
38111,65,63
38127,57,56
38144,61,51
38161,58,55
38179,51,49
38196,47,45
38212,55,45
38228,46,48
38245,34,35
38263,33,41
38279,39,38
38296,37,34
38312,37,34
38329,34,32
38346,29,29
38363,33,25
38381,164,166
38397,142,150
38414,162,152
38431,157,148
38448,110,107
38466,99,94
38482,115,113
38498,74,72
38515,62,67
38532,44,54
38548,32,29
38566,35,24
38583,35,29
38600,158,159
38617,133,133
38633,164,161
38650,161,155
38667,154,154
38684,154,154
38701,170,168
38717,157,164
38734,165,161
38751,163,157
38769,153,153
38785,142,147
38802,134,132
38819,136,134
38836,112,110
38853,99,103
38870,88,78
38887,89,96
38903,97,89
38920,174,174
38937,169,174
38954,164,154
38971,162,159
38988,154,150
39004,136,135
39022,129,135
39039,139,151
39056,150,152
39073,162,151
39090,138,136
39107,141,128
39124,137,131
39141,142,116
39158,126,121
39174,126,121
39191,118,105
39208,108,109
39225,139,139
39242,171,171
39258,154,174
39275,148,157
39291,149,151
39309,148,155
39325,138,144
39341,165,158
39358,172,169
39375,165,148
39392,141,142
39408,144,135
39425,144,135
39442,143,141
39459,136,149
39476,150,137
39494,139,154
39511,143,150
39527,138,141
39545,138,141
39561,139,146
39578,124,122
39595,113,118
39612,103,104
39628,107,99
39646,102,86
39662,168,167
39679,105,104
39696,121,131
39713,133,137
39730,152,157
39747,149,149
39764,162,146
39781,148,148
39798,163,156
39815,157,162
39832,158,160
39848,167,169
39865,160,155
39882,165,162
39899,167,166
39917,153,148
39934,156,154
39951,153,135
39967,163,161
39984,164,162
40002,154,154
40019,156,151
40035,123,134
40052,150,150
40069,130,117
40085,128,132
40102,156,156
40119,157,148
40136,143,135
40152,146,130
40169,162,152
40186,159,146
40202,173,172
40219,142,141
40236,148,146
40252,159,158
40269,162,160
40286,168,162
40302,159,158
40318,158,158
40335,148,145
40352,138,127
40368,112,100
40385,82,79
40401,83,91
40418,112,101
40435,98,109
40451,82,81
40467,89,73
40484,98,88
40501,87,78
40517,174,174
40534,174,174
40551,93,100
40568,98,121
40585,77,91
40603,81,85
40619,167,168
40636,174,174
40652,174,174
40669,163,151
40685,153,155
40702,160,145
40718,152,137
40734,151,129
40752,166,152
40769,135,138
40785,140,135
40802,125,147
40819,116,128
40837,125,125
40853,125,122
40869,126,125
40886,117,121
40902,117,121
40918,117,116
40935,119,117
40952,121,114
40969,121,123
40985,117,124
41002,121,119
41018,119,118
41035,117,118
41052,114,113
41068,135,127
41085,122,130
41103,128,125
41120,125,124
41137,115,120
41153,117,119
41170,117,110
41186,117,114
41203,119,111
41220,115,117
41236,162,168
41253,151,155
41270,171,153
41287,159,161
41303,158,154
41321,171,159
41338,159,139
41355,154,146
41372,155,128
41389,173,145
41406,143,153
41423,147,151
41440,158,158
41457,133,135
41474,141,140
41491,136,139
41507,119,114
41524,140,136
41541,146,146
41557,147,148
41573,141,142
41591,151,148
41607,130,152
41623,150,147
41641,130,148
41658,130,151
41674,144,144
41691,140,145
41707,162,168
41723,154,153
41741,149,142
41758,142,138
41775,111,145
41793,114,128
41810,161,166
41826,129,143
41844,124,125
41860,112,131
41876,132,117
41894,114,118
41911,134,115
41928,163,166
41945,154,151
41962,136,146
41979,154,147
41995,143,147
42012,143,147
42029,152,156
42046,153,146
42062,132,131
42078,137,125
42095,152,143
42111,132,144
42128,160,159
42144,173,173
42161,174,164
42178,124,119
42196,127,138
42213,132,131
42229,171,171
42246,144,140
42262,124,122
42279,158,157
42296,173,172
42315,174,172
42332,166,166
42349,174,174
42366,174,173
42383,174,174
42401,173,158
42417,138,138
42433,134,132
42451,149,142
42468,166,139
42484,160,168
42501,130,142
42517,148,144
42534,171,172
42550,128,130
42567,162,154
42583,147,137
42601,171,172
42617,143,154
42634,126,137
42650,171,172
42667,132,134
42683,125,127
42700,136,129
42717,169,172
42733,118,125
42751,126,125
42768,144,124
42786,160,166
42802,173,172
42818,174,174
42835,173,171
42852,160,164
42869,162,157
42887,174,174
42903,155,131
42920,150,151
42937,161,149
42953,139,134
42970,154,154
42987,155,125
43004,132,129
43020,153,148
43037,131,134
43053,122,127
43070,121,127
43087,135,143
43103,156,150
43121,157,145
43138,156,153
43155,129,127
43172,133,136
43189,114,106
43205,135,119
43222,142,130
43240,142,137
43256,174,171
43273,174,174
43290,162,171
43306,162,166
43324,163,174
43341,161,161
43357,153,168
43374,165,174
43390,168,169
43407,156,174
43423,168,174
43441,154,163
43458,155,148
43474,163,160
43491,143,158
43507,158,141
43523,144,164
43540,168,143
43558,146,168
43575,139,162
43592,145,131
43609,135,134
43626,160,164
43643,154,153
43659,143,159
43678,149,158
43695,142,162
43713,152,151
43730,134,121
43747,152,159
43764,129,155
43780,139,138
43796,131,144
43813,144,159
43830,107,125
43847,169,170
43863,123,123
43880,150,164
43897,170,174
43915,165,173
43931,165,170
43948,171,174
43965,171,174
43981,153,168
43998,141,147
44016,145,140
44032,122,128
44048,170,170
44065,174,174
44081,162,162
44098,144,141
44115,157,142
44131,139,136
44147,128,124
44164,159,164
44181,135,122
44198,144,136
44214,161,146
44231,147,144
44248,167,157
44264,174,137
44281,154,136
44298,123,144
44316,86,104
44332,101,101
44348,87,109
44366,71,74
44383,116,129
44399,138,139
44415,129,131
44432,118,110
44449,109,119
44466,103,97
44482,100,121
44499,164,159
44516,136,145
44532,141,147
44549,149,149
44566,144,135
44583,139,132
44599,122,139
44617,150,130
44633,139,140
44651,135,140
44667,131,132
44683,140,131
44700,171,174
44718,142,150
44735,159,166
44751,173,174
44768,174,174
44786,174,171
44803,174,174
44820,174,174
44837,174,168
44853,157,160
44870,125,136
44887,109,120
44904,117,119
44920,116,124
44937,83,105
44954,77,101
44971,73,81
44988,60,73
45005,72,85
45022,125,150
45041,156,160
45057,149,145
45074,156,153
45091,151,110
45108,124,114
45125,132,134
45142,129,119
45159,124,117
45176,103,96
45193,98,73
45211,89,75
45228,91,81
45244,122,132
45261,115,119
45278,116,116
45294,88,85
45312,93,64
45329,88,79
45345,169,142
45363,150,141
45380,172,153
45397,155,139
45413,140,128
45430,143,148
45447,145,143
45464,133,130
45482,136,132
45499,138,147
45515,113,127
45531,174,166
45548,160,149
45565,173,164
45582,133,142
45599,154,155
45617,139,136
45633,162,166
45650,142,152
45667,149,172
45683,145,141
45700,156,143
45717,157,153
45734,152,137
45751,151,160
45768,172,172
45784,174,174
45802,169,168
45818,153,155
45835,149,140
45852,153,113
45869,123,117
45887,162,160
45904,130,129
45921,117,111
45938,100,116
45954,121,103
45972,87,95
45988,111,93
46004,129,121
46022,134,105
46038,112,88
46055,91,84
46072,91,84
46089,168,92
46107,121,143
46124,125,168
46140,143,133
46157,104,147
46174,106,128
46190,104,119
46206,95,93
46224,101,109
46240,102,86
46257,86,72
46273,68,66
46290,59,67
46306,80,83
46323,90,94
46340,61,79
46357,64,74
46373,62,65
46390,48,52
46407,49,53
46424,47,53
46441,46,52
46458,46,52
46475,37,34
46492,39,32
46509,41,33
46526,86,85
46544,105,101
46560,104,105
46577,144,145
46593,145,146
46611,140,139
46628,171,171
46645,164,162
46662,149,152
46680,156,156
46696,173,173
46712,168,170
46728,161,159
46745,173,168
46761,161,158
46778,158,144
46794,144,146
46811,150,141
46828,137,129
46844,150,170
46861,173,161
46877,147,140
46894,155,156
46910,138,131
46926,135,139
46944,136,133
46960,123,150
46977,135,160
46994,147,155
47011,139,151
47028,135,158
47044,130,133
47061,171,171
47077,168,173
47094,151,164
47111,166,167
47127,174,172
47144,179,176
47161,173,162
47178,159,148
47195,164,152
47211,148,145
47228,151,146
47245,147,138
47262,122,119
47279,172,166
47295,169,158
47312,167,152
47329,129,130
47345,152,128
47362,132,127
47379,163,171
47395,158,174
47412,147,167
47428,172,172
47444,154,164
47461,133,147
47479,173,172
47496,168,174
47512,170,174
47529,160,155
47546,133,156
47562,141,134
47579,146,146
47596,172,160
47612,151,153
47629,154,157
47645,156,162
47661,128,146
47678,161,145
47695,149,158
47711,158,167
47728,153,142
47745,153,146
47763,136,121
47780,130,118
47798,121,115
47815,161,146
47832,136,130
47849,139,121
47866,116,100
47883,88,76
47901,83,74
47917,122,142
47934,112,119
47951,119,106
47968,130,126
47985,102,123
48002,104,112
48018,131,147
48034,128,147
48052,140,153
48069,154,144
48085,129,119
48102,128,128
48119,170,142
48135,116,110
48151,140,121
48168,111,112
48186,133,120
48203,110,94
48219,118,91
48236,107,81
48252,99,77
48268,83,92
48285,88,99
48303,73,78
48319,74,66
48336,123,138
48353,140,144
48370,142,127
48387,128,123
48404,106,97
48420,102,86
48437,108,80
48453,115,128
48471,104,110
48487,103,85
48503,105,83
48520,71,70
48537,67,65
48553,67,56
48570,150,139
48587,108,115
48604,109,97
48621,103,125
48637,90,108
48654,90,108
48671,142,145
48687,135,151
48705,142,146
48722,115,108
48738,111,122
48754,122,123
48772,152,160
48789,145,148
48806,149,149
48824,146,144
48841,158,147
48858,154,146
48874,167,172
48891,170,149
48908,165,172
48925,160,174
48942,173,161
48959,144,152
48977,140,138
48994,168,171
49011,161,154
49027,134,151
49044,145,142
49061,147,126
49078,155,139
49094,173,171
49111,153,150
49130,167,170
49147,174,164
49164,174,173
49181,174,174
49198,173,173
49214,174,174
49231,174,174
49248,169,159
49266,158,149
49282,131,136
49299,124,133
49315,155,162
49332,168,153
49348,135,153
49364,134,141
49382,128,126
49399,129,123
49416,170,170
49432,174,174
49448,152,157
49464,160,169
49481,154,156
49497,149,136
49513,149,136
49531,163,152
49548,173,159
49564,151,151
49581,127,130
49598,136,138
49615,133,140
49631,144,146
49647,153,142
49665,139,143
49681,136,132
49698,150,138
49715,139,125
49732,171,170
49749,164,147
49766,154,152
49784,170,166
49800,127,138
49817,125,141
49833,123,131
49850,168,130
49868,146,133
49885,139,130
49902,125,139
49919,112,113
49936,111,124
49953,167,170
49970,160,153
49987,155,151
50004,145,155
50020,140,157
50037,132,139
50053,145,135
50070,142,127
50087,135,135
50103,139,140
50121,164,164
50137,158,154
50154,163,168
50170,160,154
50187,158,150
50203,170,172
50220,153,162
50236,147,174
50254,147,174
50270,153,169
50287,143,155
50303,132,136
50320,137,134
50337,129,125
50354,117,120
50371,98,103
50388,102,96
50405,107,128
50422,93,86
50440,91,104
50456,66,67
50473,58,52
50490,147,147
50507,166,165
50523,126,132
50541,87,85
50558,62,89
50574,51,70
50591,138,137
50608,83,107
50626,88,106
50642,135,131
50658,95,81
50675,97,120
50692,141,144
50708,147,144
50724,128,130
50741,152,150
50758,170,174
50774,170,165
50791,152,152
50808,174,174
50824,172,174
50842,158,154
50858,134,140
50875,100,99
50892,87,80
50908,167,167
50924,174,174
50941,152,144
50957,146,138
50974,124,126
50991,135,118
51007,105,99
51024,152,140
51041,141,141
51057,101,70
51074,102,98
51090,64,84
51106,51,65
51122,47,60
51139,119,91
51155,53,59
51172,52,40
51189,32,43
51205,32,33
51222,32,34
51239,42,70
51256,44,57
51273,44,50
51290,44,44
51306,44,42
51324,46,41
51340,134,136
51357,154,154
51373,112,108
51390,74,70
51407,68,74
51424,58,51
51440,44,45
51456,43,43
51473,32,32
51491,35,32
51507,33,38
51523,30,31
51540,40,32
51558,151,151
51575,125,125
51592,114,111
51608,145,147
51626,162,165
51643,159,157
51660,156,158
51677,170,174
51694,156,163
51711,139,137
51728,124,124
51745,138,139
51762,126,117
51779,116,108
51795,95,89
51811,92,83
51828,66,68
51845,61,49
51862,51,52
51878,118,117
51895,132,138
51912,148,152
51928,150,156
51945,138,137
51961,110,99
51978,121,120
51995,113,118
52012,111,107
52029,86,91
52045,67,84
52063,63,86
52080,61,60
52097,159,167
52114,171,174
52130,163,148
52147,155,146
52163,112,99
52181,94,103
52198,119,112
52215,84,88
52232,74,84
52248,51,42
52265,49,54
52281,54,56
52299,158,153
52316,173,173
52332,140,149
52348,165,169
52365,156,159
52382,139,129
52399,114,116
52415,169,166
52432,161,163
52449,138,134
52466,159,162
52484,116,158
52501,132,146
52517,165,169
52533,161,169
52550,141,143
52566,115,116
52583,117,100
52600,99,92
52617,111,106
52634,169,169
52651,169,174
52667,171,162
52684,167,155
52700,148,150
52716,138,129
52733,146,142
52751,163,166
52767,168,158
52783,150,157
52800,168,144
52817,149,124
52833,147,137
52850,169,154
52867,145,131
52884,134,123
52900,134,137
52916,130,118
52933,137,131
52950,171,171
52967,153,174
52984,156,174
53001,160,148
53018,131,145
53035,144,141
53052,166,161
53068,173,142
53084,173,142
53102,151,143
53119,173,143
53136,153,135
53152,145,144
53169,161,161
53185,141,136
53202,145,143
53220,149,145
53237,146,133
53253,135,129
53270,121,118
53286,107,97
53304,92,88
53321,84,84
53338,96,89
53355,90,86
53371,94,78
53387,113,123
53404,152,137
53421,156,146
53438,159,158
53455,159,158
53472,155,149
53489,172,171
53507,141,140
53523,144,144
53540,170,172
53556,174,167
53572,174,167
53589,168,169
53606,174,167
53623,174,174
53641,162,172
53658,174,173
53675,170,161
53691,174,172
53708,174,174
53724,174,174
53742,174,174
53758,169,166
53774,174,174
53791,172,164
53808,111,125
53824,111,125
53841,111,115
53858,109,119
53875,144,161
53892,133,168
53908,170,173
53925,159,158
53942,159,158
53958,164,166
53974,173,174
53990,172,163
54008,159,156
54024,162,164
54041,173,171
54058,140,148
54075,140,148
54092,146,142
54108,143,133
54125,128,144
54142,147,140
54159,133,135
54176,139,138
54192,139,138
54209,148,154
54226,146,146
54244,170,161
54261,168,167
54278,154,158
54294,122,126
54311,143,129
54327,149,142
54343,127,120
54360,146,141
54377,132,146
54393,138,140
54411,146,137
54427,129,134
54444,129,134
54461,170,172
54477,161,173
54494,173,174
54511,157,158
54527,126,115
54543,147,147
54560,172,168
54577,144,145
54594,127,123
54611,125,128
54627,129,132
54644,142,133
54661,136,135
54677,126,127
54694,146,130
54710,136,127
54727,122,126
54744,127,125
54761,125,123
54778,146,142
54794,155,154
54811,156,164
54827,116,120
54843,125,122
54861,148,144
54877,151,162
54893,131,135
54911,136,144
54928,156,169
54945,160,164
54962,145,143
54979,172,166
54996,155,141
55013,123,123
55030,131,119
55047,122,144
55063,97,112
55080,82,83
55097,78,101
55114,135,125
55130,143,134
55147,89,87
55164,135,139
55180,105,97
55197,160,153
55214,113,101
55230,101,97
55246,138,132
55263,106,102
55279,162,158
55295,173,172
55312,143,141
55330,132,128
55347,170,169
55363,154,152
55380,95,80
55397,134,143
55413,112,113
55430,82,87
55447,140,148
55465,104,107
55482,100,119
55498,112,113
55514,143,147
55532,96,106
55548,82,67
55565,125,143
55582,119,125
55599,101,118
55616,142,136
55633,150,142
55650,170,166
55667,130,130
55683,142,147
55701,124,127
55718,134,137
55735,169,166
55751,164,158
55768,154,147
55784,142,132
55800,126,130
55817,135,135
55834,146,132
55850,172,169
55867,168,148
55884,150,156
55900,136,124
55917,128,128
55933,131,128
55950,153,156
55967,155,156
55983,146,150
56001,165,158
56018,152,169
56035,158,161
56052,163,159
56068,174,174
56084,168,174
56102,163,167
56118,156,151
56134,148,148
56152,139,148
56169,150,151
56186,153,144
56202,137,129
56219,139,135
56237,120,121
56253,122,118
56271,151,162
56287,144,137
56304,140,142
56320,131,133
56337,127,132
56353,129,129
56370,123,121
56386,120,117
56404,120,118
56421,114,114
56438,114,115
56454,114,115
56472,115,114
56488,121,120
56505,118,115
56521,117,115
56538,112,115
56556,112,112
56573,111,111
56591,169,169
56607,147,150
56623,158,168
56641,153,154
56658,138,142
56674,147,147
56691,138,142
56708,154,152
56725,171,167
56742,153,146
56758,152,147
56775,149,143
56792,137,134
56809,143,135
56826,140,133
56844,146,137
56860,134,124
56877,119,114
56894,106,103
56910,99,96
56927,145,146
56944,149,150
56961,158,157
56978,174,173
56994,170,170
57010,164,168
57027,171,174
57043,174,174
57060,173,173
57078,172,174
57094,174,174
57111,168,166
57128,173,174
57144,173,174
57161,142,156
57178,157,152
57195,173,172
57211,126,123
57228,170,170
57244,143,153
57261,167,174
57278,159,163
57294,170,170
57311,163,165
57328,162,157
57344,173,173
57361,171,167
57377,136,132
57393,136,132
57410,116,112
57426,105,120
57443,154,160
57460,130,133
57477,123,127
57494,162,144
57511,157,147
57528,130,136
57545,146,138
57562,142,139
57579,171,172
57596,149,145
57612,134,142
57629,134,115
57645,127,136
57662,170,171
57679,139,149
57695,164,152
57711,163,159
57728,163,174
57744,166,166
57761,174,163
57778,174,174
57794,174,174
57811,155,152
57827,147,144
57845,140,131
57862,126,111
57879,128,106
57895,114,135
57911,128,142
57928,140,121
57944,135,109
57961,104,112
57978,115,132
57995,150,133
58012,141,138
58028,139,112
58045,113,104
58063,109,98
58080,105,108
58096,105,97
58114,96,94
58130,102,93
58146,89,101
58163,89,80
58179,100,106
58195,155,160
58212,173,164
58230,114,136
58246,122,126
58262,125,118
58279,117,129
58295,98,94
58313,128,125
58330,124,145
58346,110,101
58363,123,126
58380,126,118
58397,116,102
58414,169,169
58431,139,153
58448,119,124
58465,123,127
58481,127,124
58498,126,116
58515,145,145
58531,162,152
58548,162,165
58564,146,160
58581,153,135
58598,143,143
58615,151,141
58633,151,150
58649,137,135
58666,134,98
58682,119,103
58699,89,81
58715,89,84
58731,108,100
58749,160,158
58765,128,137
58782,138,144
58799,131,132
58815,125,122
58832,122,123
58848,146,150
58866,147,138
58884,133,133
58900,123,113
58917,93,89
58933,104,99
58950,119,103
58966,105,122
58983,112,115
59001,101,85
59017,73,81
59034,69,83
59051,115,115
59068,174,145
59085,151,140
59102,137,124
59119,150,138
59135,135,127
59152,133,134
59169,151,138
59187,148,155
59203,124,141
59220,131,113
59238,135,121
59255,140,134
59271,107,134
59287,142,131
59305,142,133
59322,139,134
59339,144,139
59356,136,123
59374,119,100
59391,134,123
59407,128,131
59424,137,141
59440,168,165
59457,163,168
59473,167,168
59490,173,174
59507,174,174
59523,174,173
59540,158,157
59556,166,158
59574,144,151
59590,163,170
59606,163,161
59624,157,166
59641,153,152
59658,159,162
59674,141,157
59691,148,144
59709,171,156
59726,155,164
59743,105,124
59760,135,158
59777,128,134
59793,116,87
59810,167,172
59827,163,170
59844,164,171
59860,140,138
59877,165,170
59894,123,148
59911,143,168
59928,172,174
59944,146,152
59962,134,127
59979,125,126
59995,129,128
60012,134,130
60029,165,164
60046,172,172
60064,148,144
60081,131,134
60097,171,168
60113,150,147
60130,144,150
60147,135,138
60163,115,124
60180,125,129
60197,123,127
60213,129,119
60229,118,121
60246,127,127
60264,139,140
60281,142,139
60298,139,141
60314,151,152
60331,139,140
60348,171,171
60364,149,146
60382,147,146
60399,153,156
60415,172,173
60432,169,167
60449,161,163
60465,154,153
60482,157,156
60499,152,149
60517,139,134
60533,143,151
60550,171,171
60567,174,169
60583,153,150
60600,131,138
60617,154,156
60634,168,161
60652,117,95
60668,164,156
60685,173,172
60702,172,174
60719,174,174
60736,174,174
60752,167,170
60769,174,172
60786,162,160
60802,138,140
60819,131,128
60835,149,148
60852,144,145
60869,150,148
60885,172,168
60901,161,160
60919,168,168
60936,164,165
60953,154,145
60970,169,164
60987,174,174
61003,174,174
61020,169,168
61038,153,151
61054,167,171
61071,139,136
61088,161,164
61106,149,146
61122,151,150
61139,142,146
61156,145,140
61173,97,100
61190,170,170
61207,174,174
61223,174,171
61240,154,158
61258,149,153
61274,156,130
61291,138,115
61309,136,145
61326,133,135
61343,133,138
61360,131,132
61376,131,137
61393,140,136
61410,142,143
61428,147,155
61445,140,137
61462,113,128
61478,87,99
61495,98,86
61512,89,65
61529,64,86
61545,39,43
61561,42,46
61579,40,37
61596,31,30
61612,28,24
61630,137,144
61647,172,171
61663,174,172
61680,171,168
61697,174,168
61714,141,134
61731,134,123
61748,165,162
61765,163,167
61782,113,113
61799,131,148
61816,108,132
61833,82,85
61850,88,99
61866,76,93
61883,155,147
61900,96,92
61917,144,141
61934,77,91
61951,76,95
61967,131,145
61984,120,144
62001,130,148
62018,111,119
62035,115,134
62053,136,137
62070,137,142
62087,118,126
62104,109,131
62121,114,115
62138,137,123
62155,135,130
62172,133,118
62189,149,146
62206,136,138
62223,140,147
62240,147,148
62258,135,131
62275,160,156
62291,149,143
62308,154,154
62325,164,144
62341,150,139
62358,157,155
62375,174,174
62392,174,165
62409,174,174
62425,172,174
62441,161,159
62457,162,163
62475,161,155
62491,169,160
62508,147,149
62525,157,157
62542,159,153
62559,152,140
62575,156,162
62591,157,158
62609,162,163
62625,138,157
62641,157,173
62657,142,157
62674,156,167
62691,143,153
62707,172,173
62724,168,160
62740,145,152
62757,148,144
62774,138,137
62790,131,144
62806,171,172
62823,155,149
62840,152,145
62857,170,171
62874,174,174
62890,174,174
62907,173,174
62923,174,174
62940,174,174
62957,167,172
62974,163,152
62991,147,141
63007,150,153
63024,152,157
63041,163,172
63057,156,153
63073,162,156
63091,151,160
63108,150,139
63125,142,147
63142,162,165
63158,140,132
63174,140,132
63190,146,131
63208,135,141
63225,133,127
63242,149,163
63259,156,162
63275,137,157
63292,130,140
63309,129,147
63327,134,145
63343,171,165
63359,152,158
63376,159,158
63392,141,151
63409,145,148
63425,143,144
63441,143,145
63459,167,165
63476,175,176
63492,170,175
63509,143,140
63525,161,164
63542,161,164
63559,165,158
63576,149,138
63592,144,129
63609,140,140
63625,134,141
63642,133,116
63659,170,166
63675,164,172
63692,157,155
63709,151,126
63725,132,133
63742,120,133
63758,109,111
63774,169,169
63791,136,140
63807,138,148
63824,145,153
63841,171,169
63857,166,167
63874,162,164
63890,174,167
63907,171,161
63924,172,173
63942,165,164
63959,164,174
63975,167,170
63992,174,174
64009,140,150
64025,130,131
64042,130,131
64059,150,125
64076,112,109
64094,169,167
64111,169,173
64128,159,166
64145,167,152
64162,167,152
64178,159,151
64196,161,158
64214,152,150
64230,151,141
64246,122,92
64263,110,99
64279,96,103
64295,139,139
64312,139,145
64329,101,121
64346,141,118
64362,156,130
64378,103,118
64395,170,165
64412,170,165
64428,145,159
64445,173,174
64461,156,155
64479,167,165
64495,142,141
64511,132,147
64527,133,154
64544,146,152
64561,123,129
64578,119,109
64595,130,117
64612,89,84
64628,174,174
64646,174,171
64663,160,158
64680,144,134
64696,105,114
64712,99,104
64730,140,151
64747,93,103
64763,84,86
64780,89,81
64797,89,100
64813,90,88
64830,79,84
64847,130,114
64863,117,115
64880,94,78
64897,92,75
64913,90,65
64931,86,74
64947,133,135
64963,144,150
64980,138,156
64997,123,125
65013,122,119
65030,113,117
65047,87,89
65063,167,165
65080,151,150
65097,130,148
65113,127,130
65131,124,128
65148,127,105
65165,103,91
65181,80,88
65199,84,86
65215,82,75
65231,70,61
65248,65,64
65266,94,142
65282,136,172
65299,104,107
65316,94,96
65333,88,102
65350,76,73
65366,133,132
65383,156,157
65400,146,146
65416,133,135
65432,154,162
65449,158,148
65466,142,138
65482,131,125
65499,135,140
65515,116,121
65532,116,113
65549,103,94
65565,94,85
65581,80,75
65598,157,168
65616,156,147
65633,151,142
65650,159,161
65666,140,140
65682,114,120
65698,147,147
65715,134,131
65731,111,109
65748,83,85
65765,78,75
65782,82,79
65799,76,72
65817,171,174
65834,144,153
65851,134,138
65867,107,101
65884,107,101
65901,95,96
65917,164,156
65933,154,147
65950,146,147
65968,153,152
65984,154,157
66000,139,126
66017,171,170
66033,157,161
66050,117,119
66067,125,123
66083,160,154
66100,152,151
66117,169,167
66134,169,167
66151,155,161
66167,146,145
66183,162,156
66200,153,151
66216,141,146
66233,171,172
66251,147,142
66268,148,151
66284,146,143
66301,164,162
66318,162,165
66336,173,174
66353,174,174
66371,174,174
66388,170,174
66405,158,162
66421,153,150
66438,132,135
66455,152,151
66472,149,158
66489,153,146
66506,165,142
66524,126,136
66540,135,133
66557,163,161
66575,173,145
66592,144,120
66609,144,124
66626,145,136
66642,131,121
66658,138,135
66676,156,159
66692,158,173
66709,144,160
66726,140,138
66743,140,138
66759,136,137
66777,158,141
66794,159,158
66811,157,139
66827,148,141
66844,135,132
66860,133,133
66876,164,171
66893,164,172
66910,141,146
66927,147,152
66944,126,127
66961,125,120
66978,124,124
66995,107,103
67013,95,103
67030,74,86
67046,66,68
67063,72,66
67079,76,60
67095,118,118
67111,118,118
67128,138,137
67145,155,159
67162,153,147
67179,144,142
67196,171,171
67214,136,132
67230,137,137
67247,152,152
67264,168,166
67280,167,160
67297,162,158
67313,168,173
67330,174,164
67346,156,155
67363,156,155
67379,159,166
67395,156,169
67412,168,171
67428,164,163
67445,169,162
67462,144,145
67479,153,144
67495,150,153
67513,138,133
67530,165,163
67547,174,174
67564,172,172
67581,149,141
67597,174,172
67613,174,172
67630,174,174
67648,131,110
67665,97,85
67682,99,90
67699,79,78
67717,69,65
67734,69,65
67751,131,121
67768,117,106
67784,121,111
67801,122,108
67818,121,104
67835,174,172
67852,174,172
67869,174,174
67885,174,174
67902,153,156
67919,156,153
67936,172,172
67952,174,174
67969,139,145
67986,123,129
68004,147,150
68020,161,160
68037,151,150
68053,172,172
68070,174,174
68087,167,159
68103,167,159
68120,158,160
68137,139,140
68153,136,136
68170,174,173
68186,160,159
68203,169,169
68221,156,158
68238,126,123
68254,120,111
68271,158,163
68287,144,149
68304,123,115
68320,119,112
68337,129,125
68353,129,135
68370,132,123
68387,129,142
68403,129,131
68420,127,124
68436,120,121
68452,115,114
68469,116,120
68486,170,169
68503,164,163
68520,143,142
68536,153,153
68553,144,142
68570,137,133
68587,118,117
68604,113,111
68621,104,102
68638,101,106
68655,103,109
68673,102,99
68690,128,123
68706,160,155
68723,173,171
68740,123,148
68757,136,155
68775,163,156
68792,155,145
68808,137,132
68825,119,125
68842,141,142
68859,134,116
68876,126,138
68893,120,127
68910,169,171
68926,122,123
68942,127,126
68958,114,130
68975,120,130
68991,125,123
69007,111,119
69025,128,118
69042,110,130
69059,117,129
69076,129,127
69092,115,126
69108,130,129
69126,170,170
69143,160,163
69161,154,149
69178,131,134
69195,109,132
69212,109,132
69228,169,168
69245,172,174
69262,174,174
69278,172,170
69294,161,169
69311,155,152
69327,146,145
69343,159,144
69360,174,173
69377,155,150
69393,137,129
69409,147,138
69427,132,139
69443,170,166
69461,144,144
69478,148,155
69495,139,144
69511,134,128
69527,128,127
69544,121,141
69561,174,174
69578,173,174
69595,150,147
69612,138,123
69629,134,143
69646,130,133
69663,170,171
69679,129,121
69696,147,144
69713,157,154
69730,172,172
69748,174,174
69764,161,160
69781,174,174
69798,173,174
69815,173,174
69831,173,155
69848,139,138
69864,126,130
69881,148,143
69898,163,136
69914,158,168
69931,167,166
69949,144,142
69965,174,152
69982,130,137
69998,164,156
70016,150,152
70034,171,172
70050,131,138
70067,135,146
70083,171,172
70100,131,137
70118,130,121
70135,116,136
70152,170,171
70168,123,127
70185,146,132
70202,148,137
70218,174,174
70236,172,169
70252,172,170
70269,171,158
70285,172,164
70302,174,173
70318,174,174
70335,177,175
70352,168,174
70368,166,157
70384,163,160
70401,174,174
70419,137,141
70436,118,108
70452,156,153
70469,130,132
70486,114,122
70503,137,127
70520,117,125
70537,61,62
70553,48,48
70570,43,47
70586,38,37
70604,32,29
70620,55,54
70638,136,135
70655,162,161
70671,170,158
70688,174,172
70704,174,174
70722,160,162
70739,160,160
70756,157,160
70774,159,166
70790,157,163
70807,151,150
70823,163,169
70840,159,174
70857,174,163
70873,150,163
70890,148,154
70907,148,159
70923,169,161
70941,157,140
70958,173,170
70975,173,168
70993,173,174
71010,157,151
71027,156,157
71043,166,173
71060,165,173
71077,130,125
71094,142,136
71111,145,141
71127,127,150
71143,130,141
71160,128,118
71177,132,155
71193,132,144
71210,130,139
71226,133,142
71244,138,151
71261,168,170
71278,158,159
71294,172,170
71311,156,163
71328,135,143
71344,142,139
71361,134,132
71378,174,174
71395,137,139
71412,140,136
71428,136,133
71444,165,170
71462,162,160
71479,173,174
71495,174,174
71511,174,174
71528,167,169
71544,167,169
71561,157,153
71578,155,147
71594,153,159
71611,138,124
71627,145,135
71645,119,116
71661,86,93
71678,69,82
71696,105,99
71712,127,110
71729,71,73
71747,68,80
71763,66,76
71779,67,59
71797,64,58
71814,105,110
71830,109,105
71847,117,113
71864,87,100
71881,103,103
71898,98,100
71915,98,100
71932,174,169
71948,133,129
71964,159,157
71982,160,148
71999,136,147
72016,140,132
72032,124,139
72049,154,150
72066,125,140
72082,127,137
72099,137,141
72117,168,172
72134,171,174
72151,148,148
72167,145,159
72184,155,148
72200,158,163
72217,133,132
72234,154,141
72251,169,161
72267,156,150
72283,156,150
72301,130,129
72318,123,122
72334,139,133
72350,143,130
72368,113,109
72385,96,104
72402,86,93
72419,86,85
72436,74,81
72453,133,118
72470,164,165
72487,157,155
72504,166,163
72521,164,150
72538,136,136
72554,165,163
72571,165,163
72588,146,133
72604,144,133
72621,125,124
72638,134,123
72655,134,123
72671,152,141
72688,128,132
72705,132,124
72721,109,110
72738,108,116
72755,128,117
72771,128,117
72788,153,139
72806,144,119
72822,148,127
72839,122,114
72856,100,95
72872,107,123
72888,121,135
72905,121,135
72921,100,86
72938,82,95
72955,71,93
72972,67,68
72989,143,146
73007,135,136
73023,135,136
73040,115,117
73057,85,89
73073,85,78
73090,167,167
73108,152,161
73124,157,168
73141,148,154
73158,174,169
73175,171,168
73191,171,169
73208,174,174
73225,174,174
73242,158,162
73259,137,134
73276,136,128
73293,156,145
73310,164,167
73328,169,173
73344,166,167
73361,157,150
73378,138,141
73394,138,141
73411,147,124
73427,174,174
73444,171,171
73461,154,154
73477,128,129
73494,140,142
73510,147,142
73527,171,165
73543,174,174
73561,150,156
73577,130,134
73594,128,149
73610,138,155
73627,174,174
73644,174,174
73661,151,154
73678,143,130
73694,140,144
73711,140,136
73729,122,121
73746,136,139
73763,136,139
73780,144,148
73797,137,146
73813,141,143
73830,119,124
73848,147,148
73865,141,137
73881,136,133
73898,147,137
73915,119,125
73932,123,119
73949,171,170
73966,137,135
73982,135,148
73998,140,147
74015,140,147
74032,154,153
74049,148,140
74066,148,140
74084,159,157
74101,160,153
74118,173,173
74135,168,174
74153,170,168
74169,166,164
74185,159,160
74201,141,146
74219,142,142
74236,142,141
74253,142,141
74271,143,145
74288,148,140
74304,158,150
74321,141,140
74338,143,136
74355,115,134
74372,128,123
74389,154,154
74406,174,174
74422,174,174
74440,174,174
74457,171,170
74474,171,171
74491,174,174
74507,170,167
74524,157,168
74541,149,148
74557,156,147
74574,159,145
74591,163,171
74609,170,164
74626,169,166
74643,169,162
74660,173,170
74677,160,157
74693,173,169
74711,174,172
74728,174,170
74745,174,171
74762,147,156
74778,166,174
74794,135,140
74812,174,174
74828,153,171
74844,145,170
74861,166,171
74877,169,166
74894,172,174
74911,173,173
74928,174,174
74946,171,163
74962,161,170
74978,129,126
74995,129,126
75011,126,99
75030,156,155
75047,138,125
75063,142,145
75081,148,142
75098,141,121
75114,141,121
75131,139,162
75148,158,161
75166,147,150
75183,146,145
75200,123,115
75216,114,113
75232,121,122
75249,126,119
75266,118,114
75283,122,106
75300,98,99
75317,72,85
75333,72,76
75350,113,100
75366,90,76
75383,168,143
75401,159,150
75417,148,132
75434,129,96
75451,154,147
75468,158,167
75484,158,167
75501,172,166
75518,166,154
75534,170,158
75551,153,152
75568,157,138
75585,136,152
75601,150,150
75618,143,127
75635,127,133
75652,139,121
75669,143,117
75685,131,152
75702,99,135
75719,119,102
75737,113,124
75754,132,137
75771,86,82
75788,127,106
75804,121,129
75821,108,116
75838,124,113
75855,153,130
75871,138,111
75888,129,136
75904,130,135
75920,141,130
75937,143,117
75954,149,121
75971,127,108
75988,146,160
76005,135,137
76022,142,124
76039,145,134
76056,147,129
76074,136,135
76090,172,174
76106,166,165
76124,171,174
76141,173,172
76158,160,158
76175,151,162
76192,148,155
76209,170,170
76225,144,137
76242,146,142
76259,143,156
76276,151,147
76292,158,161
76310,160,156
76327,168,169
76344,168,169
76361,166,159
76377,144,136
76393,137,149
76410,149,160
76427,169,171
76444,164,158
76460,158,129
76476,137,140
76493,154,140
76510,143,140
76528,157,134
76544,145,136
76561,170,167
76578,174,173
76595,174,173
76612,174,173
76628,173,173
76645,174,174
76662,174,174
76679,167,152
76696,136,149
76713,136,149
76730,140,142
76748,156,155
76764,158,157
76780,142,143
76798,146,153
76815,123,129
76832,134,126
76849,167,157
76867,171,166
76883,161,152
76900,168,146
76918,127,131
76934,142,133
76951,163,164
76967,155,156
76985,143,134
77002,132,141
77019,128,148
77035,134,136
77052,163,153
77068,165,146
77084,165,146
77102,133,146
77119,137,127
77136,127,125
77152,123,126
77169,174,174
77186,178,180
77202,175,167
77218,172,174
77235,147,150
77251,166,155
77268,168,169
77285,156,134
77302,141,127
77320,137,146
77336,152,150
77352,123,121
77369,126,136
77385,163,164
77402,164,154
77418,157,152
77435,136,157
77451,136,157
77469,128,132
77485,170,169
77501,131,121
77519,126,133
77536,163,163
77554,162,163
77570,156,155
77587,149,151
77604,171,172
77621,169,157
77638,165,169
77654,172,163
77671,160,174
77688,162,168
77705,162,168
77721,151,162
77738,141,149
77756,172,169
77773,132,121
77790,95,111
77806,147,157
77822,147,157
77840,166,174
77857,170,163
77873,164,150
77890,156,148
77906,158,156
77923,152,142
77941,172,162
77958,96,86
77974,94,92
77991,72,91
78008,130,130
78025,132,133
78042,78,103
78059,122,117
78076,136,117
78094,85,76
78110,110,115
78127,174,172
78143,140,147
78160,144,147
78178,130,131
78194,130,131
78211,130,132
78227,170,171
78244,172,174
78262,160,153
78278,164,147
78294,170,167
78312,161,165
78329,164,163
78345,174,174
78361,174,174
78378,156,148
78394,140,129
78412,91,85
78429,64,64
78446,128,133
78462,138,145
78479,56,50
78495,69,76
78512,53,66
78529,33,37
78546,87,87
78562,87,87
78579,97,92
78596,54,36
78613,46,51
78630,32,32
78647,28,32
78663,39,71
78681,52,74
78698,43,49
78715,48,49
78732,46,42
78749,49,41
78767,166,154
78784,169,163
78801,81,78
78818,129,104
78834,93,114
78851,65,59
78868,93,56
78886,114,122
78902,119,122
78919,120,122
78936,113,112
78952,108,117
78969,108,106
78986,145,170
79002,168,174
79019,111,119
79035,129,131
79052,129,131
79069,94,108
79086,120,122
79103,164,163
79120,132,135
79137,151,157
79154,128,123
79171,153,147
79188,142,135
79205,134,125
79222,115,117
79239,86,85
79256,61,61
79274,54,50
79291,33,34
79308,109,100
79324,153,158
79340,150,147
79357,154,155
79374,140,130
79391,113,108
79407,165,170
79425,124,130
79442,163,164
79459,161,161
79477,162,160
79494,105,110
79511,96,103
79527,87,88
79544,87,88
79560,165,165
79577,170,169
79593,89,91
79610,168,168
79626,162,157
79643,166,165
79660,173,173
79676,170,174
79693,170,170
79710,134,135
79727,143,136
79744,159,156
79761,151,149
79777,133,137
79794,133,137
79811,136,143
79828,138,144
79845,174,168
79862,174,174
79879,160,158
79896,142,143
79912,142,143
79928,125,140
79946,172,173
79962,136,131
79979,146,146
79996,160,153
80013,164,163
80030,163,165
80047,165,167
80064,173,174
80081,174,174
80098,166,174
80114,149,149
80131,130,126
80148,104,100
80165,148,163
80182,144,150
80198,136,142
80215,141,135
80231,159,119
80248,113,113
80266,160,152
80283,160,152
80300,138,127
80317,144,133
80334,129,98
80351,114,102
80368,117,126
80384,167,163
80401,139,152
80418,124,145
80435,129,101
80452,109,144
80468,118,126
80485,169,170
80501,172,138
80519,130,121
80536,145,130
80552,163,134
80569,115,110
80586,142,148
80602,147,152
80619,111,108
80636,89,97
80654,89,97
80671,95,77
80688,75,67
80706,166,162
80722,155,160
80739,157,153
80756,171,153
80773,171,153
80790,127,116
80806,171,170
80823,149,123
80839,149,155
80857,167,162
80874,162,156
80890,153,151
80907,148,145
80923,172,172
80940,140,136
80957,155,146
80973,167,163
80990,162,163
81007,174,173
81023,174,173
81041,153,158
81057,153,161
81073,161,159
81090,174,174
81106,148,139
81123,158,164
81140,173,173
81157,150,156
81174,172,173
81190,139,137
81207,144,136
81224,168,153
81240,156,159
81257,167,166
81273,167,166
81291,170,171
81307,174,174
81323,151,166
81340,173,174
81357,148,158
81374,136,145
81391,135,145
81408,140,125
81425,147,133
81442,127,127
81459,137,148
81477,133,155
81493,119,148
81510,146,157
81527,143,132
81544,136,132
81561,173,174
81577,174,174
81594,174,169
81610,174,166
81627,151,137
81644,151,137
81661,174,174
81678,158,154
81694,154,148
81711,160,155
81728,163,166
81746,157,156
81762,157,156
81778,174,174
81796,174,169
81812,170,159
81829,161,161
81846,142,139
81863,137,133
81880,132,129
81896,160,156
81913,152,155
81930,147,149
81946,129,119
81962,118,106
81979,163,165
81995,147,143
82011,147,143
82028,110,99
82044,129,115
82061,134,133
82078,134,125
82094,130,123
82111,128,126
82128,121,121
82145,121,123
82161,118,118
82178,118,119
82195,170,158
82212,158,150
82228,173,171
82246,150,142
82262,167,148
82279,145,140
82296,154,155
82313,161,153
82330,131,117
82348,172,167
82365,174,171
82382,174,174
82398,173,160
82416,174,163
82432,160,153
82449,149,122
82467,148,140
82483,125,136
82500,118,121
82517,132,125
82534,131,111
82550,130,134
82567,134,116
82583,103,95
82600,135,139
82617,90,84
82634,165,165
82651,142,138
82668,146,148
82685,121,123
82701,103,99
82718,107,107
82735,109,123
82752,104,109
82769,92,93
82786,145,151
82802,115,136
82818,146,149
82835,156,159
82852,171,165
82868,174,149
82886,159,151
82902,136,134
82918,103,123
82936,169,173
82952,174,174
82968,171,171
82985,174,174
83002,167,166
83018,171,173
83034,174,174
83051,156,150
83068,171,171
83084,143,153
83101,141,130
83118,159,159
83134,165,162
83151,141,133
83168,163,146
83186,171,171
83203,160,158
83219,145,130
83237,169,170
83253,170,174
83270,174,166
83286,174,174
83302,164,168
83320,173,164
83337,145,158
83353,164,167
83370,132,141
83387,162,165
83405,161,157
83422,173,173
83439,174,174
83456,173,169
83473,174,171
83491,174,174
83507,174,174
83523,174,174
83540,163,155
83557,152,130
83573,136,130
83590,159,158
83606,147,153
83623,172,163
83640,140,145
83657,160,158
83673,145,143
83690,148,144
83706,174,172
83722,160,155
83740,167,169
83757,160,166
83773,162,160
83790,171,172
83806,172,157
83824,158,150
83840,157,161
83857,165,150
83873,150,151
83890,154,149
83907,172,163
83923,173,162
83941,171,152
83958,165,158
83975,153,146
83992,162,154
84008,157,149
84025,162,162
84042,173,162
84058,147,150
84074,137,152
84092,150,136
84109,150,143
84126,171,159
84142,161,151
84159,160,154
84175,163,163
84192,162,168
84209,137,129
84225,141,155
84241,171,173
84258,174,172
84274,152,157
84290,146,149
84308,145,148
84325,142,147
84341,142,147
84357,131,147
84374,171,169
84391,161,154
84407,172,170
84424,167,133
84440,173,169
84456,149,148
84473,149,148
84491,146,162
84507,170,172
84524,154,152
84540,149,152
84556,172,168
84573,173,174
84590,173,174
84607,174,173
84624,173,166
84640,165,173
84657,163,169
84673,165,172
84690,131,127
84707,132,123
84724,156,139
84741,162,162
84758,163,166
84775,170,158
84792,153,151
84808,151,149
84824,133,139
84842,157,162
84859,163,170
84876,166,164
84893,169,173
84910,174,174
84926,170,174
84943,174,174
84960,163,151
84977,168,164
84994,169,166
85011,166,141
85028,147,144
85045,143,147
85062,147,135
85078,146,139
85095,174,174
85112,174,173
85129,164,159
85146,161,149
85163,158,153
85180,156,155
85197,159,173
85214,159,173
85230,167,163
85247,164,152
85264,155,144
85281,153,152
85298,162,159
85314,173,173
85330,167,154
85347,160,153
85364,149,152
85381,122,115
85398,124,125
85414,124,116
85431,124,126
85447,125,138
85463,116,120
85480,118,123
85497,136,133
85513,118,132
85530,158,172
85547,128,126
85564,133,128
85582,137,147
85598,130,145
85615,117,122
85633,152,144
85650,150,150
85667,141,158
85684,157,161
85700,150,140
85717,137,131
85734,151,141
85751,158,158
85769,138,149
85785,171,148
85801,154,158
85817,129,122
85834,144,134
85850,149,144
85867,130,114
85884,113,115
85902,120,108
85918,122,121
85937,126,121
85953,112,107
85970,103,92
85987,91,91
86004,103,105
86022,99,97
86039,97,95
86055,114,96
86072,114,96
86090,120,113
86107,106,105
86123,105,102
86141,99,115
86158,107,110
86174,94,121
86191,108,118
86208,116,98
86225,118,113
86242,111,120
86258,107,98
86275,133,129
86292,104,108
86308,103,90
86325,102,104
86342,88,88
86359,93,97
86375,111,126
86392,174,169
86409,169,167
86427,155,154
86444,155,154
86461,140,137
86478,127,123
86495,105,93
86511,104,106
86528,105,102
86545,100,96
86562,100,96
86579,110,106
86596,158,155
86613,173,169
86630,166,159
86647,157,160
86664,141,139
86681,151,151
86698,114,98
86715,155,156
86731,154,155
86748,153,150
86765,147,149
86782,138,137
86799,135,132
86815,135,132
86832,134,143
86849,147,140
86866,151,148
86884,153,150
86901,142,142
86918,152,154
86934,152,154
86950,145,146
86968,158,169
86984,158,163
87001,166,156
87017,151,145
87035,158,155
87052,153,153
87068,135,135
87084,164,159
87102,151,161
87118,146,144
87135,157,158
87152,146,141
87169,142,143
87185,157,158
87201,170,164
87218,107,110
87236,159,158
87252,151,148
87269,126,138
87285,162,164
87302,162,164
87320,139,139
87337,149,143
87353,165,154
87370,170,163
87386,156,164
87402,149,159
87419,156,162
87435,159,163
87452,158,167
87469,155,154
87486,145,138
87502,169,165
87519,165,171
87536,143,149
87552,163,168
87569,164,164
87586,161,170
87603,156,156
87620,165,170
87637,162,172
87654,158,173
87672,163,170
87688,162,163
87705,173,171
87723,143,137
87739,146,148
87756,154,144
87773,165,172
87790,142,165
87807,132,174
87824,159,158
87842,152,136
87858,113,125
87874,126,109
87891,130,147
87907,130,150
87924,150,119
87941,122,124
87957,137,146
87973,138,124
87991,142,143
88008,131,124
88025,130,132
88042,130,132
88059,137,138
88076,122,130
88092,153,144
88110,143,140
88127,135,143
88144,149,153
88161,133,133
88178,132,143
88196,124,125
88212,122,116
88228,109,111
88245,98,95
88263,93,81
88280,106,98
88296,106,107
88313,141,151
88329,103,105
88347,119,116
88364,120,125
88381,108,108
88397,119,109
88414,119,109
88431,169,174
88447,155,174
88464,164,168
88481,148,152
88497,150,156
88514,146,143
88531,159,172
88548,153,162
88565,151,167
88583,151,125
88600,131,128
88616,120,137
88633,137,167
88650,134,151
88667,107,116
88684,108,103
88701,84,89
88717,85,98
88733,101,96
88750,96,95
88767,98,92
88784,89,93
88800,81,91
88817,83,89
88834,82,94
88850,108,101
88867,110,102
88883,118,115
88900,118,104
88916,106,110
88934,119,110
88950,114,112
88967,115,122
88983,109,124
89000,106,100
89017,89,96
89035,99,113
89051,96,105
89068,100,100
89086,77,103
89103,84,79
89119,69,74
89136,69,87
89153,80,86
89170,72,86
89186,67,82
89203,77,80
89220,86,81
89237,78,93
89254,72,81
89271,105,110
89288,138,133
89306,110,110
89323,108,114
89340,112,109
89356,110,98
89373,105,96
89391,103,100
89407,105,103
89424,101,98
89440,99,95
89457,102,100
89473,100,101
89490,91,104
89506,103,102
89522,105,99
89540,98,105
89556,119,131
89574,113,117
89591,127,114
89607,111,119
89624,102,116
89641,130,122
89657,133,136
89674,138,144
89691,142,139
89708,148,136
89725,138,147
89742,151,155
89759,154,152
89777,150,155
89794,147,149
89811,158,149
89828,145,138
89844,150,144
89860,148,144
89877,137,133
89895,156,145
89911,121,129
89928,134,109
89945,122,112
89962,116,114
89979,102,126
89996,98,106
90014,98,106
90030,92,94
90047,99,89
90064,92,82
90081,112,113
90098,100,81
90114,97,98
90132,111,118
90148,163,155
90164,140,148
90181,130,140
90198,134,134
90214,120,122
90231,153,143
90248,166,168
90264,129,148
90281,144,140
90298,126,144
90315,102,132
90331,111,129
90348,154,163
90365,164,166
90383,163,159
90400,159,159
90417,161,162
90434,159,166
90451,168,170
90468,174,172
90484,174,173
90501,174,171
90518,167,167
90534,167,162
90551,158,161
90568,170,154
90584,138,143
90601,135,139
90617,130,141
90633,114,131
90650,125,120
90666,143,141
90682,156,145
90700,139,140
90717,151,160
90733,156,155
90751,133,139
90768,138,136
90785,145,152
90802,172,172
90818,168,171
90835,169,159
90852,143,157
90869,157,138
90887,139,125
90903,148,134
90920,145,130
90937,111,102
90955,114,100
90972,130,122
90988,122,134
91005,131,129
91022,138,126
91038,134,123
91054,132,131
91071,125,132
91089,130,137
91105,128,142
91122,140,141
91138,127,133
91154,132,127
91171,111,119
91188,124,118
91205,89,96
91222,168,167
91238,97,119
91255,95,97
91272,168,166
91289,92,97
91306,143,111
91323,132,136
91341,111,139
91357,111,132
91373,164,171
91390,122,125
91406,114,120
91424,169,169
91441,173,174
91457,174,170
91474,174,173
91490,167,170
91507,165,162
91524,164,163
91541,169,156
91558,86,103
91574,66,76
91590,73,100
91607,70,96
91625,85,111
91641,110,124
91658,127,126
91674,114,107
91691,114,147
91708,110,113
91725,111,113
91741,141,156
91758,155,130
91775,139,171
91792,166,152
91809,162,120
91827,156,151
91844,137,172
91860,119,143
91877,109,111
91895,88,88
91911,88,78
91927,102,77
91944,107,98
91962,149,137
91978,149,146
91994,137,127
92010,139,136
92027,107,120
92043,103,113
92060,128,124
92077,119,135
92093,114,115
92110,109,126
92126,103,123
92142,99,103
92159,145,149
92175,91,91
92191,84,72
92209,84,89
92225,72,100
92241,65,70
92258,71,70
92274,100,99
92291,90,84
92308,91,88
92325,95,96
92342,95,96
92359,86,94
92376,141,142
92392,152,148
92408,154,161
92426,122,120
92442,107,118
92458,94,102
92475,95,95
92491,168,168
92508,163,158
92524,165,143
92541,127,133
92557,111,138
92573,131,135
92590,107,113
92606,111,127
92622,99,112
92640,91,109
92656,94,98
92674,107,91
92690,107,133
92706,118,161
92723,145,151
92740,94,109
92756,92,117
92773,88,92
92790,87,76
92806,70,69
92824,66,77
92841,73,69
92857,72,60
92874,78,61
92891,76,70
92908,106,113
92924,119,134
92942,116,116
92958,111,120
92975,107,112
92992,113,114
93009,126,111
93025,108,112
93042,105,115
93059,102,116
93075,111,112
93092,116,117
93108,127,113
93124,120,102
93141,101,102
93158,121,122
93174,119,110
93191,113,121
93208,114,103
93225,107,107
93241,116,118
93258,118,112
93274,118,125
93291,116,119
93307,127,126
93324,115,122
93342,141,122
93358,132,118
93374,109,98
93392,117,102
93409,101,93
93425,117,104
93442,116,105
93459,114,104
93475,118,107
93492,101,80
93508,103,111
93526,109,115
93542,122,92
93558,126,108
93575,126,108
93592,133,122
93609,121,104
93626,98,115
93642,107,123
93659,160,152
93677,145,164
93693,158,154
93710,168,171
93727,171,171
93744,164,172
93761,156,152
93777,174,165
93793,172,162
93810,152,137
93827,142,137
93844,127,133
93861,142,115
93878,140,151
93894,129,158
93912,138,150
93928,153,133
93945,143,139
93962,148,120
93979,145,135
93995,137,142
94012,141,134
94029,150,132
94046,125,123
94063,109,110
94079,120,116
94095,147,154
94114,133,137
94130,116,109
94147,90,100
94163,121,99
94180,116,118
94197,129,113
94214,110,105
94231,114,101
94248,103,111
94264,109,105
94281,115,101
94297,129,93
94313,129,93
94330,115,105
94346,102,107
94364,106,115
94381,109,120
94397,99,94
94414,127,86
94432,102,94
94448,98,105
94464,110,107
94481,100,93
94498,93,92
94514,104,98
94531,102,123
94547,137,136
94563,137,136
94580,116,95
94597,106,104
94613,110,99
94630,130,158
94646,165,168
94663,160,160
94679,141,167
94696,152,162
94713,151,148
94730,147,155
94746,163,156
94764,171,166
94781,134,140
94797,158,150
94813,158,150
94831,170,163
94847,157,143
94863,171,171
94880,173,160
94898,159,160
94914,172,161
94931,164,168
94948,169,174
94965,173,173
94982,160,156
94999,161,159
95016,174,170
95034,166,160
95050,174,170
95067,147,132
95083,122,144
95101,117,128
95117,90,122
95133,124,112
95150,88,112
95167,106,109
95184,114,102
95200,108,109
95217,109,114
95233,100,103
95250,96,108
95267,161,154
95284,146,158
95301,150,157
95318,152,174
95335,140,156
95351,127,139
95368,141,128
95384,136,137
95401,133,134
95418,128,130
95435,137,120
95451,118,118
95468,120,114
95485,112,119
95501,119,107
95518,124,106
95536,121,102
95552,106,106
95568,105,89
95585,108,95
95602,123,130
95618,113,109
95635,107,106
95653,110,102
95670,111,96
95686,100,105
95703,117,113
95720,157,161
95738,110,107
95754,107,110
95770,90,103
95788,78,91
95805,167,167
95822,123,137
95839,169,169
95857,99,112
95874,108,121
95891,112,124
95907,92,98
95924,85,90
95941,115,119
95959,85,99
95976,127,124
95993,96,111
96010,148,160
96027,106,108
96043,106,108
96060,140,130
96078,130,150
96094,131,102
96111,155,149
96128,150,158
96145,127,135
96162,127,135
96180,117,115
96197,114,125
96214,125,134
96230,111,122
96246,148,131
96263,127,116
96280,101,113
96296,124,122
96313,94,107
96331,94,99
96347,115,108
96363,145,150
96380,113,128
96397,151,144
96413,151,144
96431,147,149
96447,125,142
96464,130,148
96480,141,145
96497,151,148
96514,145,152
96531,135,149
96548,135,124
96565,145,134
96581,111,136
96598,122,121
96615,125,125
96631,119,139
96647,119,119
96664,111,115
96681,141,162
96697,143,149
96714,141,158
96730,132,151
96747,130,131
96763,114,105
96780,124,122
96797,112,113
96814,107,126
96831,98,100
96848,102,109
96865,97,116
96881,95,113
96898,116,103
96914,100,100
96931,95,112
96948,92,93
96965,99,105
96981,109,107
96997,103,100
97014,118,104
97030,102,116
97047,97,99
97064,107,102
97082,102,108
97099,123,121
97115,146,152
97131,148,141
97148,136,126
97165,114,129
97181,120,119
97197,125,114
97214,124,118
97232,121,108
97249,110,110
97266,128,118
97284,126,119
97301,118,115
97318,125,123
97335,118,119
97351,117,115
97368,109,117
97385,113,119
97402,107,128
97418,117,122
97435,110,107
97452,112,126
97468,116,123
97485,106,105
97502,108,117
97518,106,108
97534,113,115
97552,110,114
97569,104,121
97586,117,132
97602,112,118
97619,125,121
97635,120,113
97652,123,120
97668,159,155
97685,104,102
97702,124,123
97718,125,131
97735,126,130
97752,169,170
97768,119,126
97785,104,114
97802,115,116
97819,121,124
97835,112,101
97852,136,135
97869,129,136
97885,120,133
97902,106,110
97918,170,163
97935,150,140
97952,134,129
97969,112,118
97987,119,112
98004,99,107
98021,89,104
98038,90,85
98054,84,89
98071,145,134
98088,172,171
98104,174,174
98121,174,174
98138,170,164
98154,167,165
98170,174,173
98188,174,174
98204,170,170
98220,163,161
98237,164,162
98253,164,162
98270,173,173
98287,169,167
98303,169,149
98320,158,153
98337,158,146
98353,151,143
98371,143,135
98388,155,161
98405,174,169
98421,170,173
98438,165,165
98454,167,163
98471,159,160
98488,174,174
98505,171,158
98521,168,163
98538,157,164
98555,165,156
98572,167,163
98590,152,153
98606,152,152
98623,152,152
98640,146,142
98657,163,162
98674,166,165
98690,160,154
98707,166,173
98723,161,160
98740,158,155
98757,153,147
98774,142,160
98790,151,143
98807,173,174
98824,164,168
98841,157,165
98858,172,173
98875,169,169
98892,163,163
98908,174,174
98925,174,174
98941,167,161
98958,155,147
98975,144,140
98992,144,140
99009,135,116
99026,139,143
99044,126,116
99061,120,116
99077,120,129
99094,107,109
99111,128,112
99128,146,152
99144,136,135
99161,112,130
99177,130,126
99195,129,124
99211,111,111
99228,112,123
99245,111,121
99262,112,121
99278,108,114
99294,108,94
99311,127,131
99328,120,115
99345,170,167
99362,174,168
99379,148,156
99397,162,163
99413,145,149
99430,125,123
99447,143,138
99464,137,134
99481,147,159
99497,158,146
99514,144,140
99532,134,138
99548,136,131
99567,167,174
99584,157,170
99601,155,153
99617,158,153
99634,173,152
99650,154,155
99666,173,132
99683,145,155
99699,151,148
99715,148,159
99732,148,159
99749,156,158
99766,134,138
99782,117,125
99799,123,116
99816,103,104
99833,158,159
99850,126,122
99867,91,105
99884,167,169
99901,86,95
99918,121,139
99934,96,104
99950,167,159
99967,108,118
99984,111,100
100001,173,164
100017,131,121
100034,151,165
100051,153,138
100067,155,159
100084,173,173
100100,152,158
100116,162,167
100133,173,174
100151,163,165
100167,169,168
100184,158,170
100200,174,173
100216,165,167
100233,152,142
100250,145,153
100267,140,140
100284,147,143
100301,141,128
100317,140,140
100333,134,153
100350,132,148
100366,140,136
100383,132,128
100400,127,141
100416,152,163
100434,144,152
100451,152,138
100468,149,158
100484,159,165
100502,144,156
100519,172,171
100536,134,141
100553,163,163
100570,172,172
100587,174,177
100604,172,170
100621,166,168
100638,174,174
100654,174,174
100670,169,160
100687,154,146
100704,140,145
100720,142,132
100738,171,165
100754,174,169
100770,158,162
100787,160,155
100804,159,147
100821,157,159
100838,152,156
100855,153,147
100872,147,142
100888,134,132
100905,124,126
100922,128,145
100938,169,169
100954,174,174
100972,170,171
100988,170,170
101005,139,143
101022,130,133
101038,126,125
101054,165,170
101072,152,162
101089,151,163
101106,147,144
101123,143,141
101139,129,120
101156,163,163
101173,154,158
101190,112,123
101207,125,125
101224,122,126
101241,142,128
101258,125,121
101274,170,170
101291,140,153
101308,153,143
101325,161,149
101342,158,159
101359,104,106
101375,172,172
101392,129,139
101410,130,128
101427,153,163
101444,164,166
101461,158,154
101477,139,140
101494,171,171
101511,160,153
101528,152,152
101545,172,173
101561,171,167
101578,171,169
101594,160,159
101610,151,152
101627,144,142
101644,149,150
101660,147,146
101677,133,138
101693,170,171
101710,171,174
101727,146,148
101743,125,123
101759,159,158
101777,147,126
101793,124,118
101810,164,162
101827,170,173
101843,174,173
101861,174,174
101877,174,174
101894,166,166
101910,174,174
101927,164,170
101943,164,170
101960,157,147
101977,149,143
101993,133,138
102010,130,130
102028,139,160
102044,129,157
102061,125,127
102078,124,138
102095,126,128
102113,125,125
102129,174,174
102145,174,171
102162,174,174
102179,168,166
102196,174,174
102212,174,168
102229,173,173
102245,173,173
102262,157,158
102279,151,141
102295,154,154
102311,167,173
102328,164,161
102345,173,173
102362,174,174
102378,171,165
102395,151,146
102413,140,141
102430,120,103
102446,135,132
102462,120,118
102479,124,130
102496,108,108
102512,117,129
102529,118,116
102546,131,134
102563,131,134
102579,89,89
102596,89,79
102613,80,74
102630,81,80
102647,72,69
102664,167,167
102680,109,109
102697,137,138
102713,133,136
102731,167,167
102748,158,158
102764,153,155
102780,174,173
102797,156,159
102814,156,159
102831,136,151
102848,130,134
102865,117,114
102881,127,124
102899,118,116
102915,106,114
102932,106,114
102948,95,88
102965,80,88
102981,122,101
102998,163,161
103016,157,147
103033,158,151
103050,164,153
103067,134,138
103083,140,142
103100,173,157
103117,130,160
103133,167,173
103151,159,160
103168,159,162
103185,155,160
103202,145,151
103218,168,174
103235,153,158
103251,126,152
103268,141,141
103285,149,144
103301,149,144
103319,154,147
103336,167,169
103353,151,149
103370,161,149
103387,164,174
103403,152,157
103421,162,173
103437,165,173
103454,173,169
103471,142,165
103488,154,123
103504,153,130
103521,174,165
103538,174,165
103555,170,165
103572,160,157
103589,128,138
103606,116,120
103622,114,131
103638,165,168
103656,158,163
103674,158,163
103691,141,131
103707,126,124
103724,122,133
103741,162,164
103758,172,173
103774,162,154
103791,173,172
103809,122,133
103825,141,133
103842,171,170
103859,172,174
103876,173,173
103893,174,174
103911,167,165
103927,174,159
103944,173,172
103960,174,174
103976,156,163
103993,155,154
104011,160,156
104028,142,144
104044,142,144
104060,171,172
104078,168,163
104094,161,151
104111,145,144
104128,130,122
104146,118,107
104163,118,107
104180,148,145
104197,157,174
104213,173,159
104231,161,174
104247,155,155
104264,172,162
104281,174,173
104298,174,169
104314,152,174
104332,153,156
104348,162,154
104364,141,145
104380,174,174
104397,174,174
104414,174,174
104430,169,168
104447,160,162
104464,158,161
104480,166,172
104497,167,171
104513,152,155
104530,132,146
104548,122,122
104565,103,99
104581,99,87
104598,174,174
104615,173,173
104632,167,170
104649,168,171
104665,154,157
104681,163,160
104699,171,158
104715,149,132
104732,120,124
104748,121,91
104765,109,80
104782,108,85
104798,92,83
104814,167,166
104831,161,155
104849,146,144
104866,158,159
104883,153,151
104900,147,150
104917,172,172
104933,124,123
104950,130,128
104967,160,162
104984,161,157
105001,154,153
105020,147,147
105036,146,153
105053,159,157
105070,165,156
105087,157,148
105103,154,149
105120,172,168
105137,159,159
105153,155,155
105170,131,137
105187,119,119
105203,105,114
105220,96,92
105237,143,145
105254,153,159
105271,165,162
105288,166,165
105304,157,157
105322,155,156
105339,173,173
105355,158,157
105372,150,139
105388,160,141
105405,138,138
105423,126,131
105440,120,123
105457,174,162
105473,169,148
105491,164,160
105508,124,142
105525,120,121
105541,122,126
105558,157,150
105576,138,137
105592,129,126
105608,121,122
105626,121,116
105643,121,116
105660,170,170
105678,168,165
105695,171,167
105711,171,163
105728,174,172
105744,171,169
105761,174,174
105778,174,174
105795,164,154
105812,150,147
105829,132,120
105845,114,110
105862,133,132
105878,137,131
105894,78,93
105911,81,59
105928,72,81
105945,68,64
105961,82,69
105978,117,128
105995,86,115
106012,79,88
106029,76,72
106046,72,67
106063,54,83
106081,139,156
106098,156,155
106114,141,152
106130,128,120
106148,106,126
106164,122,118
106181,95,93
106197,174,174
106214,163,166
106230,167,173
106247,167,150
106264,125,124
106280,119,132
106297,149,127
106313,137,159
106330,134,138
106347,152,163
106364,152,163
106381,133,119
106398,169,169
106414,156,174
106430,152,151
106447,171,159
106464,153,146
106480,160,151
106497,143,135
106513,169,141
106530,133,140
106546,136,139
106564,142,135
106581,137,153
106598,130,132
106614,130,132
106631,114,127
106648,80,76
106665,82,62
106682,144,134
106699,86,92
106716,92,93
106733,92,93
106751,163,156
106768,123,118
106784,102,92
106801,149,139
106818,173,158
106834,147,143
106851,120,114
106868,103,100
106885,114,106
106902,102,95
106918,108,92
106936,174,174
106952,166,163
106968,164,165
106986,173,168
107002,164,163
107019,168,165
107036,158,160
107053,173,173
107070,144,148
107087,155,149
107103,155,149
107120,132,135
107137,126,130
107154,130,129
107170,147,149
107187,126,156
107204,129,147
107221,145,120
107238,135,118
107254,129,129
107271,174,172
107288,165,165
107305,166,168
107322,140,141
107339,124,126
107356,130,128
107373,170,169
107390,150,164
107407,160,156
107424,173,173
107440,174,174
107457,173,163
107473,173,163
107490,174,174
107506,174,168
107523,172,169
107540,136,142
107557,136,136
107574,135,132
107591,168,170
107607,162,159
107624,152,146
107641,155,150
107658,164,161
107675,140,145
107693,171,171
107709,151,139
107725,151,146
107742,146,144
107760,125,121
107776,118,119
107792,169,170
107810,174,174
107827,173,174
107843,173,174
107861,140,136
107878,125,118
107894,122,124
107911,172,169
107928,155,159
107944,156,153
107960,140,152
107978,139,128
107995,124,116
108011,167,169
108028,159,151
108045,160,132
108061,145,127
108078,145,122
108095,145,122
108112,140,130
108128,174,152
108146,145,147
108162,155,135
108179,133,122
108196,131,129
108213,131,129
108230,171,168
108247,158,137
108264,154,146
108280,136,135
108297,159,154
108314,148,149
108331,138,146
108347,128,139
108363,157,149
108381,156,164
108397,166,172
108414,171,173
108431,174,173
108448,171,173
108465,163,164
108482,161,165
108499,163,167
108516,164,149
108533,158,149
108550,167,174
108567,149,147
108583,149,147
108600,154,145
108617,142,140
108634,110,121
108650,169,169
108667,161,160
108684,166,163
108700,174,168
108717,174,156
108734,174,168
108751,170,163
108768,174,168
108785,128,144
108802,132,115
108818,106,111
108836,96,104
108852,102,95
108868,89,81
108884,88,88
108901,87,84
108918,90,65
108934,88,80
108951,80,80
108968,166,165
108986,164,171
109002,175,175
109018,174,174
109035,169,170
109052,165,169
109069,156,155
109085,174,174
109102,152,151
109119,128,137
109136,158,160
109153,167,168
109169,159,152
109185,174,174
109202,174,174
109219,174,171
109235,144,148
109253,152,159
109270,137,128
109287,140,140
109304,145,148
109321,138,143
109337,150,138
109354,139,142
109370,107,102
109386,150,142
109403,172,168
109420,150,148
109437,130,126
109454,95,96
109471,113,115
109488,122,123
109504,125,124
109520,114,116
109537,121,122
109555,113,109
109572,112,114
109588,111,114
109606,111,114
109623,169,168
109640,165,163
109657,145,137
109674,125,123
109691,137,119
109707,148,147
109723,144,145
109740,119,127
109757,134,134
109774,155,156
109790,165,166
109806,133,141
109823,141,141
109840,174,174
109857,155,155
109873,152,141
109891,131,136
109907,126,131
109923,138,142
109941,153,144
109958,134,147
109975,123,132
109992,138,125
110008,159,155
110025,117,117
110041,122,126
110059,102,101
110075,57,55
110092,48,53
110109,85,87
110126,63,71
110143,41,51
110160,130,132
110177,113,94
110195,121,74
110212,94,85
110229,93,78
110247,65,63
110263,135,127
110280,79,78
110296,72,67
110313,60,59
110330,61,63
110347,65,78
110364,166,167
110381,165,166
110398,166,167
110414,167,169
110431,166,166
110448,158,158
110464,153,153
110480,172,172
110497,152,146
110514,169,163
110530,173,174
110547,173,174
110564,174,174
110581,171,164
110598,162,164
110615,154,170
110631,162,166
110648,142,135
110665,156,128
110682,140,155
110698,174,174
110716,139,139
110732,148,152
110749,167,172
110765,133,150
110782,149,152
110798,129,138
110814,157,148
110831,154,168
110847,154,169
110863,148,155
110880,123,142
110896,169,170
110913,174,174
110930,167,171
110947,167,157
110964,165,167
110981,168,163
110997,158,166
111013,167,171
111031,156,146
111048,166,155
111065,166,161
111082,149,144
111099,118,143
111115,148,168
111132,154,155
111148,128,135
111164,128,135
111180,143,129
111197,138,125
111213,111,121
111230,174,174
111247,172,174
111264,173,171
111280,167,164
111297,162,157
111314,158,157
111331,171,173
111348,171,174
111364,156,161
111381,156,158
111398,162,165
111414,162,165
111431,146,151
111447,173,174
111463,174,174
111480,169,174
111497,158,158
111514,171,173
111531,167,159
111548,173,174
111566,174,164
111582,161,159
111599,161,143
111617,158,122
111634,163,132
111651,172,169
111667,156,150
111683,153,151
111700,156,155
111718,168,174
111734,160,169
111750,154,159
111767,149,139
111784,149,139
111802,163,162
111818,174,174
111835,166,166
111852,166,166
111869,169,173
111885,173,174
111902,173,174
111919,167,161
111936,166,154
111952,164,163
111968,170,169
111985,161,171
112002,167,174
112019,154,159
112035,158,148
112052,164,156
112069,150,143
112086,161,148
112102,173,162
112118,172,174
112136,169,169
112153,169,169
112169,158,167
112187,171,174
112204,174,174
112220,174,173
112236,172,164
112253,162,161
112269,173,173
112285,174,166
112302,151,159
112318,167,171
112334,174,174
112352,174,174
112369,164,174
112385,149,164
112401,142,149
112419,157,156
112436,138,151
112453,140,141
112469,149,157
112487,137,133
112503,152,141
112520,164,173
112536,167,159
112553,170,162
112570,147,160
112587,167,174
112604,168,166
112621,174,174
112638,174,174
112654,174,174
112671,163,157
112687,156,143
112704,153,141
112721,154,116
112738,130,108
112755,134,112
112772,134,112
112788,118,107
112805,119,104
112821,102,102
112837,126,136
112854,139,123
112870,155,128
112888,158,138
112905,158,138
112921,135,137
112938,132,134
112955,138,136
112972,146,148
112988,132,157
113005,130,149
113023,130,149
113040,170,133
113056,172,171
113072,171,174
113089,150,153
113106,168,165
113123,154,153
113140,155,165
113157,139,150
113173,140,137
113190,138,150
113207,135,138
113224,137,126
113240,150,142
113257,164,174
113273,164,174
113290,165,171
113306,145,148
113324,161,152
113340,164,163
113357,142,145
113373,149,141
113389,154,135
113406,142,145
113422,141,148
113440,151,143
113457,130,132
113473,127,137
113490,117,109
113506,116,104
113523,105,88
113539,95,93
113556,98,103
113572,96,89
113589,121,142
113606,106,109
113622,102,169
113639,169,169
113657,170,129
113673,120,164
113690,172,167
113707,150,142
113724,150,135
113741,169,118
113758,115,129
113775,135,102
113791,170,167
113808,162,157
113825,173,169
113841,169,167
113857,164,163
113874,164,163
113891,155,159
113908,173,173
113924,168,165
113941,139,146
113958,142,143
113974,146,125
113990,127,120
114007,127,132
114023,156,171
114040,133,134
114056,135,151
114073,144,146
114089,136,107
114107,129,146
114124,129,146
114140,168,163
114157,155,146
114173,173,167
114190,133,134
114207,132,137
114223,171,169
114241,156,160
114257,159,157
114273,162,169
114290,171,174
114307,172,171
114324,172,167
114340,174,174
114357,174,174
114374,174,171
114390,147,137
114407,140,139
114424,127,132
114440,171,167
114457,172,168
114473,153,160
114489,158,154
114506,150,156
114523,150,146
114539,151,137
114556,162,156
114572,151,145
114589,130,130
114605,132,130
114622,133,124
114640,129,124
114657,173,174
114674,174,168
114690,161,165
114707,139,139
114724,123,129
114741,120,121
114758,163,169
114774,173,174
114790,164,166
114806,161,168
114823,138,153
114839,137,150
114857,141,142
114874,169,172
114891,145,144
114909,141,145
114926,138,150
114943,136,144
114959,125,128
114976,170,170
114993,171,160
115010,148,140
115027,134,124
115043,144,129
115060,171,168
115076,173,172
115092,160,162
115109,149,155
115126,137,138
115143,146,150
115160,170,166
115177,158,161
115194,173,173
115211,158,158
115228,151,162
115245,153,160
115262,172,173
115279,169,167
115295,170,166
115311,145,160
115328,157,161
115345,158,148
115362,140,146
115379,136,138
115395,172,170
115412,172,171
115428,144,146
115445,160,146
115463,158,150
115479,172,172
115496,157,139
115513,173,169
115530,174,173
115547,174,174
115563,174,171
115580,174,174
115596,174,171
115613,173,162
115630,174,173
115647,159,162
115664,153,155
115680,157,152
115698,162,144
115715,158,134
115732,159,168
115749,166,153
115765,174,169
115783,163,147
115800,135,134
115816,171,172
115832,174,174
115849,174,173
115866,167,167
115883,173,170
115900,170,172
115917,142,143
115935,173,174
115952,151,174
115968,159,168
115984,142,156
116001,159,159
116017,174,174
116034,173,173
116051,174,174
116069,170,162
116085,160,167
116102,160,167
116118,125,133
116134,108,120
116151,131,120
116168,120,115
116185,138,121
116202,143,140
116218,126,121
116235,129,133
116251,131,125
116267,146,158
116284,154,150
116301,154,152
116317,141,121
116335,141,109
116352,131,115
116368,170,169
116384,141,121
116402,146,133
116419,167,160
116435,170,162
116452,165,158
116468,162,163
116484,173,173
116500,174,165
116517,149,139
116533,128,134
116550,96,107
116568,84,107
116585,95,121
116602,161,170
116620,158,141
116637,164,139
116654,150,159
116671,149,147
116687,147,150
116704,147,150
116720,128,129
116737,111,132
116753,119,135
116770,114,117
116787,163,139
116803,130,117
116820,102,96
116837,146,155
116854,140,124
116871,96,97
116888,100,114
116904,92,111
116921,163,165
116938,160,155
116954,160,155
116970,156,135
116988,163,134
117004,165,138
117021,147,144
117038,147,143
117054,142,130
117072,142,145
117088,146,130
117105,136,135
117121,166,160
117138,136,143
117154,131,130
117171,128,120
117187,118,128
117204,118,128
117221,170,166
117238,162,169
117255,161,172
117272,153,161
117289,132,136
117307,138,133
117324,138,133
117341,170,171
117358,158,156
117374,133,138
117391,129,131
117408,120,115
117424,126,118
117441,127,117
117457,134,119
117474,115,115
117491,113,126
117507,115,110
117524,111,107
117542,149,169
117558,159,174
117575,173,174
117592,174,174
117608,162,158
117625,169,161
117641,169,168
117658,174,174
117675,169,171
117692,169,171
117709,154,161
117726,144,144
117742,150,151
117759,171,172
117776,174,174
117792,166,169
117809,167,174
117826,129,125
117843,112,116
117860,101,91
117876,146,161
117892,172,164
117909,156,162
117926,168,158
117943,171,164
117961,159,161
117977,174,174
117994,174,170
118010,163,170
118027,167,166
118044,159,161
118061,157,147
118078,173,173
118094,174,174
118110,173,174
118127,174,174
118143,157,161
118160,159,162
118177,172,164
118193,174,173
118210,160,172
118227,147,149
118244,147,153
118261,130,130
118278,138,145
118294,171,172
118311,174,174
118328,174,172
118345,174,174
118363,153,158
118379,170,174
118397,160,164
118414,154,151
118431,128,136
118447,107,95
118463,88,99
118480,86,81
118497,91,88
118514,157,162
118531,131,131
118547,147,135
118564,155,156
118581,166,168
118597,163,163
118614,167,165
118631,137,140
118650,149,148
118666,147,166
118683,172,173
118700,159,164
118717,159,160
118734,159,160
118751,151,149
118768,166,158
118784,149,155
118801,163,166
118818,155,146
118834,154,158
118851,153,157
118868,150,147
118884,134,139
118901,131,114
118918,121,111
118935,169,169
118952,149,148
118968,171,171
118985,165,167
119002,156,150
119019,174,174
119035,174,174
119052,174,172
119068,148,146
119085,161,160
119101,167,135
119117,169,171
119134,127,144
119150,118,116
119166,170,158
119183,171,154
119199,148,147
119215,143,128
119233,134,130
119250,143,137
119267,155,147
119283,166,171
119300,155,158
119317,152,149
119333,139,124
119350,117,118
119366,169,170
119383,173,172
119400,174,158
119417,174,158
119434,166,144
119451,174,161
119467,174,167
119484,174,174
119500,174,174
119517,160,156
119535,155,150
119552,140,135
119568,112,119
119585,93,105
119602,136,147
119619,123,116
119636,93,97
119653,96,96
119670,92,92
119686,144,131
119703,172,152
119720,173,159
119737,154,146
119754,163,136
119772,173,140
119789,154,132
119807,157,120
119823,143,130
119840,135,119
119856,117,127
119873,122,103
119889,125,113
119907,170,169
119923,167,172
119940,147,151
119957,145,156
119974,130,134
119991,127,120
120008,120,131
120025,114,116
120041,128,142
120059,125,134
120075,129,145
120092,159,150
120110,150,162
120126,165,169
120142,147,155
120159,153,163
120175,140,151
120192,150,148
120209,154,140
120225,164,133
120242,128,151
120259,145,144
120277,149,144
120294,153,163
120311,158,152
120328,135,144
120345,111,124
120362,93,93
120379,89,98
120395,88,101
120412,98,95
120428,78,97
120444,167,159
120461,123,111
120478,115,121
120494,120,111
120511,110,118
120528,85,93
120545,150,147
120562,162,165
120579,152,141
120596,119,117
120613,162,137
120630,153,146
120646,172,172
120664,174,174
120680,174,171
120697,174,172
120713,172,174
120730,166,166
120747,171,174
120763,171,174
120780,163,166
120796,146,148
120813,148,155
120830,149,149
120847,122,127
120863,132,141
120880,151,160
120897,140,144
120913,132,158
120930,166,166
120946,170,161
120963,170,167
120980,155,172
120997,157,161
121013,157,161
121030,171,163
121046,155,172
121063,146,156
121080,172,173
121097,143,172
121113,159,159
121129,157,171
121145,174,174
121163,162,174
121180,171,168
121197,174,174
121214,174,174
121230,169,164
121247,157,147
121264,157,147
121281,149,142
121298,135,140
121315,130,143
121331,138,133
121348,134,123
121366,153,138
121383,153,138
121399,145,146
121415,170,154
121433,154,150
121450,130,123
121466,137,132
121483,135,128
121499,137,127
121515,156,149
121532,163,154
121548,145,147
121565,136,129
121582,136,137
121598,137,133
121614,158,171
121631,173,174
121647,144,145
121663,145,137
121680,123,128
121696,116,136
121712,124,129
121729,152,158
121745,136,138
121761,131,141
121777,133,134
121794,130,130
121810,128,136
121827,170,171
121844,158,149
121861,129,133
121877,128,124
121894,150,149
121910,123,139
121927,134,133
121943,171,171
121959,130,136
121976,137,140
121992,133,130
122008,150,147
122025,159,161
122042,143,144
122058,162,166
122074,170,155
122091,156,164
122107,168,170
122124,168,170
122140,158,157
122157,163,170
122173,164,169
122190,156,171
122206,149,168
122224,148,157
122241,158,151
122257,162,171
122274,160,167
122290,161,151
122307,125,132
122323,130,120
122340,118,103
122356,102,98
122373,169,168
122390,169,167
122406,164,166
122423,170,165
122439,166,167
122455,160,156
122472,173,173
122489,167,173
122506,130,145
122523,136,112
122540,98,100
122557,94,86
122573,96,87
122590,167,154
122607,155,143
122624,135,157
122640,138,141
122657,124,137
122674,118,123
122690,174,174
122707,174,174
122724,172,174
122740,174,174
122757,172,171
122774,162,168
122791,173,172
122807,159,161
122824,169,172
122840,170,173
122857,172,174
122873,169,174
122890,170,169
122907,174,174
122924,174,174
122940,162,152
122957,132,142
122974,130,121
122991,109,110
123008,112,128
123024,107,113
123040,121,116
123057,128,128
123073,100,112
123091,119,117
123107,116,127
123124,144,151
123141,153,157
123157,119,119
123174,123,112
123190,104,112
123206,81,106
123224,167,165
123240,100,118
123257,167,165
123273,134,115
123290,73,89
123307,114,127
123323,84,96
123341,173,164
123357,149,130
123374,116,119
123390,155,155
123407,100,118
123423,76,89
123440,107,106
123456,93,99
123472,93,99
123489,161,152
123506,162,156
123523,153,158
123540,171,172
123556,163,158
123572,169,164
123589,155,145
123606,170,165
123623,157,151
123640,163,149
123656,150,142
123673,157,140
123690,130,135
123706,149,146
123722,149,146
123739,162,162
123756,141,161
123773,150,160
123790,146,140
123807,146,147
123824,162,158
123841,173,168
123859,164,165
123876,154,170
123892,157,173
123909,149,160
123927,136,156
123943,149,163
123960,164,168
123977,158,149
123993,136,138
124010,123,121
124027,119,122
124043,124,118
124060,119,117
124077,169,174
124094,169,174
124111,174,172
124128,167,172
124145,144,154
124161,160,155
124178,159,167
124194,173,174
124211,160,158
124227,172,171
124244,151,155
124261,135,142
124277,120,132
124293,141,144
124310,174,174
124326,169,168
124344,135,163
124361,139,147
124377,142,125
124394,108,123
124410,174,174
124426,166,158
124443,174,167
124460,158,170
124478,151,155
124495,131,134
124512,146,139
124528,130,139
124546,131,126
124562,125,133
124579,157,156
124596,140,143
124613,147,143
124631,174,174
124647,154,149
124664,150,150
124681,122,119
124698,105,111
124716,87,95
124732,99,100
124749,131,132
124765,104,101
124782,93,103
124798,97,106
124814,73,76
124830,166,167
124848,147,138
124865,138,135
124881,142,140
124898,163,163
124914,158,157
124932,173,173
124948,174,174
124965,174,174
124982,174,174
124999,174,174
125016,166,166
125034,157,157
125050,174,168
125067,169,159
125084,155,140
125101,140,124
125117,112,102
125133,95,107
125150,167,167
125167,169,168
125185,174,174
125201,174,174
125218,145,157
125234,152,158
125251,157,164
125268,174,143
125284,158,148
125301,115,121
125317,121,120
125333,146,118
125350,99,114
125367,167,165
125384,138,130
125401,128,149
125419,167,168
125436,163,172
125452,164,170
125468,153,163
125485,125,122
125501,127,127
125518,136,132
125535,159,159
125552,153,153
125568,154,154
125586,151,151
125602,140,140
125618,144,143
125635,143,143
125652,139,139
125669,133,134
125686,171,166
125702,174,168
125718,162,149
125735,154,153
125751,144,143
125767,141,109
125784,135,127
125801,153,155
125818,162,159
125834,172,164
125851,167,166
125867,161,164
125883,155,155
125900,173,173
125917,170,158
125934,170,158
125950,160,161
125967,153,160
125983,162,157
126001,151,165
126018,143,157
126034,134,152
126051,137,138
126068,156,154
126084,163,161
126101,161,158
126117,169,165
126134,164,170
126151,150,162
126168,151,143
126185,147,146
126202,141,145
126219,172,171
126235,172,166
126252,173,173
126268,170,169
126284,174,174
126301,173,173
126319,174,174
126336,174,174
126353,174,174
126371,168,162
126387,144,145
126405,152,148
126422,120,123
126439,123,104
126457,126,112
126473,112,118
126490,117,115
126507,151,146
126523,158,137
126540,173,172
126557,174,167
126573,167,158
126591,158,158
126607,145,138
126623,138,121
126640,132,146
126657,146,143
126674,146,143
126691,139,116
126708,131,117
126725,144,144
126742,119,130
126759,168,162
126776,169,160
126792,169,169
126809,163,144
126826,151,156
126842,138,137
126858,149,145
126875,137,135
126892,166,164
126909,141,133
126925,134,130
126941,143,142
126958,154,165
126974,138,142
126991,160,171
127007,156,162
127024,148,147
127040,150,150
127056,139,153
127073,145,146
127089,170,129
127106,138,154
127123,146,155
127140,149,155
127156,149,151
127172,158,155
127189,130,132
127206,109,110
127222,89,108
127238,89,95
127255,86,93
127272,86,83
127289,83,88
127307,80,93
127324,84,78
127341,84,84
127358,86,86
127375,84,103
127392,76,86
127408,162,157
127424,158,154
127442,139,116
127459,117,129
127476,118,131
127492,103,96
127509,174,168
127525,172,165
127541,168,169
127558,165,168
127575,162,165
127591,158,161
127607,153,155
127624,172,173
127641,151,146
127658,149,153
127676,135,147
127692,145,138
127709,117,132
127727,139,144
127743,144,147
127759,132,148
127776,132,147
127793,132,143
127809,153,134
127826,127,159
127843,170,173
127859,143,131
127875,144,131
127893,166,152
127910,130,132
127926,145,144
127943,172,172
127959,125,135
127976,149,137
127993,172,170
128009,171,171
128025,168,169
128041,170,168
128058,174,174
128074,174,174
128091,170,161
128107,148,147
128123,137,141
128139,137,128
128156,171,165
128174,173,166
128193,154,155
128209,149,149
128226,147,150
128243,147,149
128260,156,145
128277,166,149
128293,140,140
128310,130,126
128327,130,125
128343,131,127
128359,170,170
128376,174,172
128392,173,174
128409,172,174
128426,151,137
128442,126,134
128458,134,150
128475,171,172
128491,153,163
128508,136,154
128524,136,154
128541,148,138
128557,125,141
128573,124,129
128590,160,164
128607,112,130
128623,125,123
128640,118,119
128657,124,127
128673,117,121
128690,170,157
128708,160,158
128724,150,149
128741,159,144
128757,152,156
128774,161,158
128791,155,148
128808,149,152
128824,116,140
128840,150,166
128858,165,169
128874,153,144
128890,128,132
128907,173,173
128923,132,139
128940,168,133
128957,168,169
128973,174,172
128990,166,167
129007,171,165
129023,164,168
129039,173,160
129056,154,157
129073,173,164
129089,170,172
129107,165,160
129123,165,160
129140,140,145
129156,114,135
129174,150,152
129191,129,139
129207,136,128
129225,171,170
129241,169,169
129258,174,174
129275,174,174
129292,170,174
129309,166,169
129326,174,174
129344,173,174
129360,139,146
129377,151,146
129394,136,144
129411,128,151
129428,136,135
129446,138,154
129463,129,154
129479,123,124
129495,121,137
129512,121,121
129529,121,119
129546,174,174
129562,165,168
129579,174,174
129596,168,168
129612,174,172
129629,174,167
129647,173,172
129664,174,174
129681,156,158
129697,149,142
129714,153,153
129731,171,174
129747,164,162
129763,173,173
129780,174,174
129797,165,154
129815,154,147
129832,122,119
129848,103,100
129865,121,122
129882,126,118
129899,132,130
129916,110,109
129933,117,129
129951,109,111
129967,127,129
129983,118,109
130000,88,82
130016,84,80
130034,76,72
130051,79,79
130068,70,65
130085,112,111
130102,136,136
130119,136,134
130136,160,159
130154,167,167
130170,158,158
130187,172,172
130204,174,173
130222,154,159
130239,157,158
130256,133,147
130272,129,131
130289,132,114
130307,119,117
130323,116,121
130340,111,115
130357,109,105
130374,164,153
130390,138,147
130407,150,159
130423,156,165
130441,164,150
130457,160,156
130473,158,157
130490,129,140
130507,168,143
130524,174,156
130540,135,158
130557,148,165
130574,161,158
130591,156,157
130608,164,152
130624,147,149
130640,166,169
130657,153,158
130673,134,149
130691,139,135
130707,152,147
130724,153,140
130740,160,158
130757,160,166
130774,154,147
130790,153,154
130807,157,174
130823,142,156
130840,149,157
130856,166,173
130872,173,170
130889,147,165
130906,160,138
130923,154,131
130940,174,162
130956,170,168
130972,174,167
130990,159,161
131006,131,144
131022,134,143
131039,128,139
131055,170,171
131072,150,153
131089,147,149
131105,138,129
131122,117,129
131138,113,133
131156,159,156
131172,171,173
131188,173,173
131205,172,171
131223,165,157
131239,174,172
131257,173,172
131273,174,174
131290,154,169
131307,140,156
131324,157,163
131341,164,157
131358,168,160
131375,174,174
131392,164,152
131409,173,167
131426,173,168
131442,161,151
131459,174,169
131477,174,174
131493,174,174
131511,172,163
131528,160,160
131545,138,149
131562,142,151
131578,170,170
131595,148,144
131612,164,165
131629,170,166
131645,166,174
131662,170,172
131679,169,168
131695,174,168
131712,165,156
131729,149,149
131747,116,104
131763,110,118
131780,102,101
131797,174,174
131813,174,174
131831,174,174
131847,171,172
131863,174,172
131881,174,166
131897,174,173
131914,174,170
131931,159,147
131947,132,160
131964,132,160
131981,156,131
131998,129,122
132015,174,174
132031,163,159
132047,162,162
132064,172,173
132080,157,156
132098,166,164
132114,160,159
132130,174,170
132147,131,122
132165,136,103
132181,116,96
132197,98,100
132215,98,83
132233,168,162
132249,141,136
132265,146,158
132283,160,157
132300,156,159
132316,153,154
132334,153,154
132351,145,141
132368,124,114
132384,135,140
132401,155,156
132417,159,154
132433,152,151
132450,160,164
132467,161,159
132484,152,152
132501,158,150
132518,161,150
132534,151,144
132551,174,174
132568,173,153
132585,160,164
132601,158,157
132618,152,141
132634,147,137
132651,172,171
132668,171,164
132686,174,174
132703,174,174
132719,159,163
132737,159,156
132754,161,157
132770,174,174
132787,158,163
132803,170,167
132820,144,147
132837,140,133
132853,137,137
132871,165,158
132888,167,159
132904,167,159
132921,158,147
132938,138,147
132954,133,125
132970,146,139
132987,171,171
133003,171,174
133021,141,140
133037,160,144
133054,148,136
133071,146,148
133087,172,172
133104,164,172
133121,166,155
133139,130,137
133155,171,171
133171,162,166
133188,173,173
133205,174,174
133222,174,174
133238,159,155
133255,157,153
133272,136,122
133289,123,107
133306,140,135
133322,114,103
133339,107,84
133356,107,91
133372,82,77
133388,86,92
133405,124,124
133422,109,116
133439,96,92
133455,107,85
133472,81,84
133489,86,79
133505,79,73
133521,149,161
133538,152,149
133554,127,122
133571,125,131
133587,121,117
133605,86,114
133621,168,168
133638,168,163
133655,162,171
133673,160,152
133689,128,119
133706,116,138
133723,111,89
133740,154,155
133756,92,106
133773,100,96
133789,151,152
133806,153,161
133823,135,149
133840,141,150
133857,156,145
133874,148,155
133892,149,149
133908,145,119
133925,144,133
133942,159,138
133958,123,143
133975,122,147
133991,152,141
134008,135,143
134025,134,141
134042,147,143
134058,144,145
134074,139,120
134091,133,125
134108,135,125
134125,133,105
134141,122,132
134158,116,104
134174,127,107
134190,119,99
134207,115,117
134224,131,126
134240,107,89
134257,169,158
134273,154,173
134290,116,147
134307,136,126
134324,137,114
134341,139,123
134358,169,164
134374,174,173
134390,174,170
134407,174,172
134424,161,174
134440,173,173
134457,162,162
134473,165,156
134490,170,172
134508,143,157
134525,153,142
134542,143,141
134559,149,143
134575,133,127
134593,135,147
134609,132,145
134625,138,157
134642,142,136
134658,143,122
134674,143,122
134691,163,162
134708,174,174
134724,174,174
134740,172,174
134757,171,172
134773,174,174
134790,174,173
134807,165,151
134823,148,151
134840,139,140
134856,174,173
134873,164,162
134890,171,159
134908,174,174
134924,174,174
134941,174,172
134957,151,141
134975,153,144
134991,143,142
135008,170,171
135025,161,163
135042,161,163
135058,162,151
135074,164,156
135091,171,165
135107,155,149
135123,173,169
135139,155,145
135157,154,153
135174,145,146
135191,138,135
135207,134,122
135225,171,155
135241,171,174
135259,173,174
135275,158,167
135291,150,135
135307,135,133
135325,140,125
135342,172,173
135359,159,155
135375,151,150
135392,133,147
135409,147,134
135426,131,122
135442,160,170
135458,134,124
135475,136,130
135492,130,130
135508,125,123
135524,124,124
135542,125,124
135559,165,143
135576,148,158
135594,156,155
135610,131,126
135627,121,125
135643,124,125
135661,170,170
135678,135,133
135694,140,135
135711,143,130
135728,155,157
135745,149,151
135761,172,172
135778,162,165
135795,156,169
135812,154,166
135829,166,174
135845,162,164
135862,161,163
135879,162,167
135896,173,174
135913,174,174
135929,160,164
135946,139,153
135963,146,158
135980,173,166
135997,170,164
136013,151,151
136030,157,151
136048,113,109
136064,129,122
136081,170,169
136098,163,161
136115,171,172
136132,171,170
136149,152,149
136165,132,136
136182,160,157
136198,174,174
136214,174,174
136231,152,148
136248,121,115
136264,145,131
136281,136,111
136298,102,116
136314,162,157
136331,103,112
136348,113,107
136365,81,79
136381,78,79
136397,167,166
136415,170,166
136432,170,170
136449,169,166
136467,161,161
136483,161,162
136500,173,173
136517,174,172
136533,157,157
136550,143,151
136567,168,171
136583,158,157
136601,174,174
136617,174,174
136633,174,174
136651,174,174
136668,149,146
136684,156,161
136701,138,143
136719,148,142
136736,145,148
136753,165,161
136770,151,145
136786,141,134
136802,122,118
136820,150,148
136837,169,168
136853,173,174
136869,108,97
136886,116,98
136902,169,158
136919,135,130
136937,171,170
136953,142,133
136970,171,171
136986,167,164
137002,171,169
137019,172,173
137036,173,171
137052,174,174
137068,163,161
137086,147,150
137103,162,162
137120,130,140
137136,125,122
137153,158,165
137170,136,138
137186,155,160
137202,154,146
137219,172,174
137237,139,155
137253,153,170
137270,162,173
137287,163,155
137303,146,156
137320,146,172
137338,130,127
137354,150,146
137371,160,133
137388,127,152
137406,141,161
137422,150,146
137438,171,143
137456,130,133
137473,137,132
137490,131,140
137507,111,139
137523,106,110
137540,127,145
137557,93,106
137573,117,118
137591,131,138
137608,118,106
137624,136,124
137641,132,128
137659,102,104
137676,126,121
137692,155,159
137710,149,106
137726,117,96
137742,105,99
137760,120,94
137776,84,80
137792,168,165
137810,163,161
137827,165,166
137843,168,170
137860,162,163
137877,162,164
137893,160,155
137910,174,174
137926,159,153
137942,151,146
137959,164,166
137975,164,163
137993,160,157
138009,159,161
138026,151,154
138042,140,141
138059,120,127
138076,86,84
138092,77,73
138109,162,167
138125,162,167
138142,161,165
138159,115,118
138176,119,114
138192,91,87
138209,78,67
138226,169,164
138243,169,164
138260,101,93
138277,105,104
138294,118,102
138310,99,95
138327,169,169
138344,174,174
138361,166,174
138378,166,167
138395,160,156
138412,165,162
138429,165,171
138445,174,171
138461,162,150
138478,154,146
138496,164,152
138512,156,158
138529,126,148
138546,163,172
138562,152,156
138579,146,134
138595,120,108
138612,120,108
138629,143,139
138645,170,169
138662,174,174
138679,174,174
138696,174,174
138713,174,166
138731,172,164
138747,157,168
138763,171,174
138780,174,174
138797,152,150
138814,156,152
138831,162,168
138847,147,147
138864,147,147
138881,173,174
138897,174,174
138914,169,174
138930,154,156
138947,169,155
138964,154,169
138981,172,174
138998,174,149
139015,155,137
139031,151,129
139048,151,102
139065,152,127
139082,172,163
139104,125,123
139121,130,131
139138,151,157
139154,157,162
139171,152,149
139188,172,172
139205,145,138
139222,147,147
139239,150,156
139257,168,168
139273,164,165
139291,163,157
139307,156,149
139323,162,152
139341,158,156
139358,153,151
139375,149,144
139393,148,148
139409,169,168
139425,173,168
139442,158,164
139459,147,157
139475,155,134
139493,144,152
139509,151,140
139526,157,144
139543,173,162
139559,172,170
139576,166,165
139594,174,173
139610,173,174
139627,174,174
139644,167,167
139662,155,158
139679,165,162
139696,174,171
139712,161,167
139728,146,158
139745,148,167
139762,173,174
139779,174,174
139796,165,172
139814,149,163
139832,149,158
139850,147,149
139866,130,135
139883,142,131
139900,149,138
139917,153,145
139934,172,172
139951,159,162
139968,172,169
139984,159,163
140001,172,173
140018,167,165
140035,174,174
140052,174,174
140069,172,169
140086,167,160
140103,143,151
140120,149,149
140137,144,115
140154,124,109
140171,126,113
140188,126,107
140204,117,103
140222,112,111
140239,115,96
140256,144,134
140273,148,132
140289,169,133
140307,172,138
140323,138,151
140340,145,150
140357,130,155
140374,127,131
140391,152,144
140408,151,152
140425,156,150
140442,168,143
140468,142,139
140485,171,170
140502,173,173
140518,159,157
140535,159,155
140551,159,151
140568,163,152
140584,163,152
140601,155,144
140618,148,155
140634,135,146
140650,172,154
140667,155,173
140684,137,146
140700,171,172
140718,161,165
140735,161,165
140751,167,151
140767,143,140
140784,155,152
140801,164,119
140818,141,147
140834,141,147
140851,158,138
140868,140,156
140885,136,133
140902,132,143
140918,111,121
140936,115,104
140953,115,104
140969,112,105
140987,104,103
141003,103,99
141020,116,148
141037,136,128
141053,128,170
141070,170,170
141086,170,127
141102,122,166
141119,173,172
141135,152,151
141151,157,156
141168,167,125
141186,148,134
141202,148,134
141219,168,171
141236,169,164
141253,174,169
141269,170,172
141286,165,174
141303,166,172
141321,163,174
141338,173,174
141355,151,141
141372,155,159
141389,155,148
141406,157,142
141423,134,127
141442,140,134
141459,148,150
141475,129,141
141492,137,149
141508,129,126
141525,136,131
141543,152,155
141560,172,173
141577,174,169
141594,174,174
141610,174,176
141627,174,175
141644,174,175
141662,144,163
141679,157,155
141696,157,155
141712,173,173
141729,174,174
141747,174,171
141764,174,174
141781,174,174
141797,171,165
141814,171,165
141831,151,147
141848,135,143
141865,171,171
141883,174,166
141900,150,163
141916,156,150
141934,156,150
141951,161,151
141967,142,140
141984,156,147
142001,150,152
142018,138,136
142034,131,136
142051,147,133
142067,144,140
142085,174,170
142102,174,172
142118,173,156
142136,144,149
142152,130,142
142169,170,172
142187,174,174
142204,174,174
142221,172,171
142238,154,161
142254,127,150
142271,157,155
142288,171,171
142304,171,171
142321,147,147
142338,139,136
142356,157,161
142372,146,141
142389,133,122
142406,174,160
142423,167,165
142440,156,162
142456,174,166
142472,153,155
142489,171,174
142506,173,174
142522,167,162
142538,173,167
142555,163,169
142572,163,163
142588,162,165
142605,161,160
142622,172,173
142639,161,153
142657,171,161
142673,171,161
142691,173,174
142708,174,167
142725,169,171
142742,149,166
142759,152,159
142776,144,155
142792,141,149
142809,149,149
142827,157,164
142844,153,159
142861,148,154
142878,160,152
142895,157,161
142912,122,121
142929,159,151
142947,171,174
142963,170,174
142980,174,174
142998,174,174
143014,174,171
143031,163,169
143047,173,174
143065,171,173
143082,152,167
143098,144,149
143115,159,147
143131,156,148
143147,171,171
143163,171,171
143180,164,164
143197,173,167
143214,154,151
143231,144,155
143247,168,172
143264,174,174
143280,158,152
143297,173,168
143313,174,170
143330,172,173
143347,149,152
143363,171,172
143380,142,167
143397,152,166
143413,152,166
143430,165,171
143448,174,174
143464,170,169
143480,174,174
143497,171,165
143513,156,157
143530,156,152
143546,137,126
143563,125,110
143580,123,100
143598,97,84
143614,94,82
143631,97,91
143648,97,84
143665,90,83
143681,99,78
143698,135,141
143714,129,141
143731,138,123
143747,129,120
143764,135,102
143781,145,110
143798,171,168
143814,144,115
143831,146,142
143848,165,163
143865,169,165
143881,168,174
143898,159,167
143914,173,174
143931,174,166
143948,155,149
143965,139,143
143981,98,106
143998,84,80
144015,108,130
144032,119,139
144049,117,127
144065,128,114
144081,168,169
144098,151,153
144115,144,155
144132,159,156
144149,160,153
144167,151,153
144184,162,161
144200,138,138
144217,160,144
144234,168,131
144252,142,141
144268,145,151
144285,159,151
144302,150,154
144319,148,130
144337,171,172
144353,169,174
144371,172,168
144388,159,156
144405,159,156
144422,152,137
144439,173,147
144456,173,164
144474,152,145
144491,144,143
144507,134,131
144523,134,131
144540,135,130
144557,153,146
144573,139,140
144590,144,151
144606,137,131
144624,143,145
144640,133,134
144657,169,164
144674,162,168
144690,160,166
144706,148,146
144722,133,146
144740,137,128
144756,137,130
144773,171,171
144790,161,158
144807,142,144
144824,147,135
144841,136,122
144857,132,118
144874,129,117
144891,128,127
144908,166,162
144924,143,125
144941,137,140
144958,144,139
144976,169,174
144994,174,174
145011,174,157
145028,174,174
145044,172,174
145061,174,174
145078,174,168
145095,174,171
145112,162,172
145129,167,156
145145,157,155
145162,149,162
145179,170,166
145196,174,174
145213,174,174
145230,155,168
145247,154,174
145264,154,174
145280,152,173
145297,172,172
145313,168,169
145330,167,174
145347,170,173
145363,168,174
145381,176,175
145398,156,157
145414,173,173
145431,170,161
145448,148,145
145464,158,119
145480,155,160
145497,122,122
145514,170,170
145530,174,174
145547,174,173
145564,172,174
145580,171,166
145597,174,173
145613,174,174
145631,174,171
145647,151,156
145663,144,133
145680,134,111
145697,139,137
145713,128,108
145730,168,170
145746,159,166
145763,159,166
145780,169,170
145797,144,148
145813,160,169
145830,173,172
145847,137,138
145864,103,114
145882,103,114
145898,125,127
145921,78,85
145938,89,78
145955,140,124
145972,133,140
145990,149,148
146007,155,156
146024,158,154
146040,153,155
146057,172,173
146073,138,135
146090,132,142
146107,162,164
146123,173,169
146139,161,168
146157,174,173
146174,158,167
146190,164,163
146207,169,170
146224,158,172
146241,159,156
146258,149,157
146274,172,173
146292,174,167
146308,156,170
146326,164,132
146342,153,157
146358,172,151
146375,174,172
146392,173,173
146409,160,157
146426,163,162
146443,173,174
146459,173,172
146476,174,174
146493,174,174
146509,153,156
146526,152,160
146543,158,154
146559,136,151
146576,161,157
146593,156,153
146610,156,138
146627,155,154
146644,142,151
146661,148,164
146677,146,139
146694,154,171
146712,150,147
146729,151,154
146745,145,131
146762,128,116
146779,125,135
146796,171,170
146813,138,144
146829,152,147
146846,169,169
146862,169,169
146879,155,151
146895,164,163
146911,174,174
146929,167,165
146946,151,147
146962,138,141
146978,128,127
146995,111,106
147011,144,137
147028,141,136
147044,116,89
147061,106,94
147078,71,79
147095,64,63
147112,61,62
147130,173,169
147147,167,154
147163,163,147
147180,147,135
147197,162,147
147213,157,136
147230,171,152
147247,133,129
147264,134,123
147283,141,131
147300,106,106
147317,128,98
147334,170,159
147351,169,157
147368,120,138
147384,149,134
147401,127,113
147418,92,96
147435,124,97
147451,153,130
147468,157,129
147485,147,128
147502,102,100
147519,134,110
147535,169,153
147551,145,127
147568,163,147
147585,159,145
147601,159,145
147617,102,82
147635,98,80
147651,93,73
147668,80,84
147684,72,62
147700,82,75
147717,73,74
147733,55,53
147750,80,63
147766,112,106
147783,96,107
147800,119,77
147817,159,160
147833,106,112
147850,99,77
147867,157,166
147884,134,141
147901,150,146
147917,135,146
147934,85,98
147952,162,137
147969,158,169
147985,157,130
148001,122,148
148018,127,130
148034,147,158
148051,93,103
148067,159,169
148084,173,174
148100,174,172
148117,174,162
148133,164,165
148149,168,173
148167,169,163
148184,169,170
148201,160,160
148217,155,148
148234,136,154
148250,149,146
148267,141,131
148283,118,132
148301,150,149
148317,135,157
148334,135,157
148351,128,150
148367,135,125
148384,140,107
148400,153,163
148417,174,174
148433,172,170
148449,129,128
148466,158,146
148483,153,158
148500,133,115
148517,144,154
148533,145,164
148549,154,134
148566,174,174
148582,174,174
148599,165,165
148615,173,173
148632,174,174
148649,174,174
148666,152,142
148682,161,145
148699,144,143
148717,153,153
148734,172,172
148750,161,154
148767,158,142
148784,157,158
148801,160,164
148819,141,142
148835,141,142
148851,155,152
148868,158,161
148886,128,133
148902,126,135
148918,120,123
148935,174,169
148951,174,169
148967,174,172
148984,173,174
149001,143,135
149018,126,128
149034,120,122
149051,173,174
149068,162,150
149085,150,149
149102,139,146
149119,137,125
149135,120,114
149152,162,167
149169,130,124
149185,129,130
149202,129,130
149218,125,117
149235,138,130
149251,123,121
149268,174,148
149286,138,140
149302,149,143
149319,156,155
149337,128,121
149354,123,118
149370,170,170
149387,165,159
149404,148,152
149422,136,133
149439,149,146
149455,147,147
149472,172,167
149489,165,142
149506,150,151
149524,163,159
149540,174,174
149557,174,172
149574,171,173
149590,174,174
149607,171,173
149623,170,165
149640,165,169
149656,172,152
149673,143,149
149690,171,172
149706,154,156
149724,152,148
149741,172,173
149757,142,148
149773,127,128
149791,169,169
149808,172,170
149826,174,174
149843,167,164
149860,164,158
149877,172,170
149894,172,174
149910,172,169
149927,141,147
149944,116,139
149961,124,103
149978,153,146
149994,142,101
150011,156,156
150028,146,139
150045,147,151
150063,170,164
150079,132,118
150095,129,128
150112,170,169
150129,173,174
150145,174,166
150162,171,170
150179,174,167
150195,159,155
150212,168,161
150229,174,174
150247,157,156
150264,158,153
150281,174,174
150298,173,174
150315,158,160
150331,173,173
150348,174,174
150365,174,174
150382,161,155
150399,152,131
150416,146,152
150433,146,152
150450,136,159
150467,137,142
150484,135,136
150500,126,140
150516,115,119
150534,137,132
150551,160,151
150568,140,152
150584,130,132
150601,135,136
150618,147,142
150636,138,149
150653,171,172
150669,143,150
150685,168,170
150702,174,174
150719,172,172
150736,174,174
150752,170,165
150769,174,174
150787,167,170
150804,167,170
150821,160,166
150838,137,141
150855,153,153
150873,128,164
150890,117,115
150907,120,125
150924,120,125
150940,162,160
150956,157,156
150972,129,144
150989,159,170
151005,156,174
151022,160,167
151039,173,172
151056,134,126
151072,148,146
151088,166,151
151106,138,138
151123,153,171
151140,142,149
151157,148,151
151173,128,153
151190,151,151
151208,157,155
151224,165,170
151241,153,149
151258,153,169
151275,171,170
151292,171,170
151308,152,148
151325,146,167
151342,131,138
151358,171,170
151376,149,141
151393,145,159
151410,172,173
151428,157,159
151444,150,153
151461,155,155
151477,154,159
151494,149,158
151511,174,174
151528,174,174
151545,174,174
151562,159,169
151579,153,165
151596,152,162
151612,131,156
151628,156,162
151646,165,157
151662,165,157
151679,173,174
151697,162,153
151713,137,146
151730,163,154
151746,157,170
151764,150,172
151781,154,164
151798,168,159
151814,163,153
151830,172,171
151847,174,173
151864,170,164
151880,174,174
151897,174,174
151914,175,176
151931,174,174
151948,174,174
151965,172,174
151982,156,148
151999,155,169
152016,151,154
152032,151,154
152049,172,173
152066,174,174
152083,174,171
152100,173,173
152118,154,156
152135,146,155
152152,146,155
152169,174,174
152187,174,174
152203,152,155
152220,163,170
152237,174,172
152254,174,171
152271,174,174
152288,174,168
152306,172,163
152323,167,161
152339,169,163
152356,174,173
152373,174,173
152390,174,174
152406,174,174
152423,174,174
152440,173,174
152456,173,174
152473,174,174
152490,174,171
152507,173,172
152523,173,172
152540,164,168
152556,171,165
152572,174,173
152590,173,174
152607,172,174
152624,174,174
152641,173,171
152657,173,174
152674,169,174
152691,172,174
152707,174,172
152724,165,172
152740,170,164
152757,170,166
152774,166,166
152791,154,158
152808,152,152
152824,165,165
152842,173,163
152859,172,171
152875,170,173
152892,170,173
152909,174,173
152925,160,151
152942,153,165
152958,172,173
152975,174,171
152992,174,166
153009,174,169
153026,174,174
153042,174,174
153059,171,174
153075,169,174
153091,171,174
153109,167,174
153126,174,173
153144,165,174
153161,162,166
153178,155,136
153194,147,141
153211,155,133
153227,126,121
153245,136,120
153262,128,123
153279,117,119
153296,118,114
153312,125,129
153329,129,138
153345,143,166
153361,144,150
153379,133,147
153395,131,135
153413,134,141
153430,135,142
153446,138,133
153464,146,147
153481,148,148
153497,114,122
153514,132,115
153531,135,111
153547,116,117
153565,125,113
153582,128,124
153599,110,117
153616,144,108
153633,144,108
153649,125,132
153665,141,135
153682,142,133
153698,133,121
153715,135,115
153733,135,123
153749,140,122
153767,174,174
153783,174,166
153800,156,151
153817,146,124
153834,139,129
153850,141,116
153867,111,107
153884,107,93
153902,103,107
153918,113,92
153935,108,120
153952,108,116
153969,111,135
153986,130,139
154003,130,139
154020,127,117
154037,121,119
154054,117,120
154071,121,111
154088,138,137
154104,146,131
154121,130,135
154137,108,102
154155,110,102
154171,104,98
154187,98,105
154205,101,98
154222,104,108
154239,113,104
154257,79,106
154274,101,101
154290,112,107
154307,138,113
154324,121,120
154341,103,112
154358,99,104
154374,109,114
154390,120,111
154407,140,124
154424,127,129
154441,130,106
154458,106,87
154475,116,104
154491,107,76
154508,98,112
154525,95,96
154542,92,92
154558,98,88
154575,93,110
154592,94,111
154609,110,97
154625,93,102
154642,152,163
154658,141,153
154675,154,144
154692,152,162
154708,156,144
154725,161,168
154742,159,166
154759,151,168
154776,149,160
154792,147,166
154809,158,168
154826,148,160
154843,153,160
154859,151,158
154876,153,159
154892,139,153
154908,151,147
154926,155,162
154942,167,159
154959,160,149
154975,153,154
154991,150,147
155009,106,101
155026,82,79
155042,77,82
155058,170,170
155075,174,172
155091,150,166
155108,158,159
155124,163,163
155141,158,166
155157,156,163
155173,162,167
155190,157,158
155206,159,158
155222,148,156
155238,166,162
155254,157,151
155272,162,155
155289,162,159
155305,158,159
155323,173,164
155339,174,173
155355,174,172
155371,157,155
155388,140,156
155404,127,137
155421,93,105
155438,78,81
155456,84,86
155473,84,86
155490,151,161
155506,131,126
155524,119,127
155540,151,162
155557,108,132
155574,94,107
155591,137,129
155608,129,139
155624,136,134
155641,123,99
155658,85,85
155674,72,72
155691,116,103
155707,141,134
155724,141,134
155741,96,84
155757,74,86
155774,72,78
155790,116,123
155807,155,154
155825,147,141
155842,140,128
155859,77,75
155875,61,65
155891,65,61
155908,165,165
155924,151,155
155940,88,109
155956,150,154
155974,155,150
155991,151,144
156008,124,118
156025,99,104
156042,139,142
156059,144,148
156075,115,111
156092,115,111
156110,137,113
156127,115,115
156143,152,137
156160,150,139
156177,114,123
156194,93,93
156211,65,64
156228,166,166
156244,90,83
156261,114,116
156278,145,146
156295,148,148
156312,140,140
156329,138,137
156347,145,147
156363,152,151
156381,156,154
156397,174,170
156413,174,171
156430,166,167
156447,162,167
156463,162,167
156480,161,166
156497,163,165
156514,160,163
156531,153,166
156548,167,173
156566,150,154
156582,150,154
156598,143,140
156615,142,139
156632,130,132
156648,170,168
156664,152,164
156681,171,173
156698,171,167
156715,164,163
156732,173,171
156748,166,167
156765,162,169
156782,156,162
156799,135,112
156815,92,101
156831,92,101
156848,97,108
156866,105,110
156882,116,133
156898,124,108
156916,112,103
156933,119,97
156950,106,100
156967,113,94
156984,167,168
157001,155,159
157018,137,147
157035,133,144
157051,137,134
157069,138,139
157086,170,172
157102,174,169
157119,161,173
157137,139,146
157153,150,159
157170,147,154
157186,174,174
157203,174,174
157219,162,173
157236,162,166
157253,154,156
157270,145,134
157287,126,131
157303,141,143
157320,143,132
157336,143,144
157353,137,137
157370,132,123
157386,159,154
157402,173,163
157419,174,174
157435,173,164
157451,170,158
157469,156,158
157486,154,144
157502,149,143
157518,174,174
157536,155,163
157553,173,173
157569,170,174
157587,145,149
157603,170,168
157620,174,174
157637,154,156
157654,154,156
157671,134,125
157687,134,139
157703,146,157
157720,150,150
157737,158,149
157753,162,152
157769,152,153
157787,164,153
157803,144,147
157820,155,156
157836,174,173
157852,144,142
157870,148,149
157887,174,174
157904,163,161
157921,163,164
157938,166,162
157954,165,163
157971,142,143
157988,156,161
158004,156,156
158021,129,130
158038,171,171
158054,173,174
158071,151,152
158087,132,128
158104,147,137
158122,127,118
158140,121,112
158156,155,161
158172,157,138
158189,124,97
158206,89,107
158222,102,99
158240,97,85
158256,137,152
158273,115,114
158290,114,121
158307,101,110
158324,168,169
158341,123,120
158358,169,167
158374,174,174
158391,162,162
158408,170,161
158424,166,164
158441,152,154
158457,155,156
158474,169,163
158490,150,161
158507,115,109
158524,116,109
158541,100,94
158558,105,95
158576,158,162
158593,159,158
158610,141,131
158628,131,129
158644,147,148
158661,157,156
158678,133,130
158694,157,157
158711,127,131
158728,114,117
158745,113,117
158762,106,110
158779,97,106
158796,127,142
158812,133,104
158829,103,93
158846,98,93
158863,95,75
158881,104,107
158898,169,169
158914,174,174
158931,174,174
158947,174,171
158964,174,174
158980,167,165
158997,169,165
159013,171,164
159030,159,168
159047,166,162
159064,151,155
159080,162,162
159097,159,159
159113,173,173
159131,172,162
159147,151,143
159163,151,143
159180,162,171
159197,167,174
159213,168,161
159231,174,174
159247,174,174
159264,173,174
159280,147,159
159297,148,164
159313,163,172
159330,173,172
159347,163,165
159363,151,154
159380,157,151
159396,150,148
159412,150,148
159430,157,154
159447,148,159
159463,165,164
159480,157,159
159497,158,164
159513,135,146
159530,145,148
159547,173,173
159563,169,174
159580,150,153
159597,150,147
159613,169,170
159630,142,144
159646,170,167
159663,170,167
159680,134,143
159697,150,148
159713,170,172
159730,152,159
159748,158,159
159765,173,173
159782,142,150
159799,145,156
159815,167,173
159832,174,174
159850,166,162
159866,161,156
159884,161,164
159900,157,155
159917,158,151
159934,147,145
159951,147,142
159967,171,171
159983,173,174
160000,158,158
160017,159,146
160034,159,146
160050,127,127
160067,125,116
160083,131,124
160099,162,160
160116,173,172
160132,169,169
160149,158,159
160166,151,153
160182,164,163
160199,174,174
160216,160,164
160232,148,150
160249,169,167
160265,166,167
160282,174,172
160298,171,172
160315,172,172
160332,159,159
160349,158,148
160365,133,133
160382,129,124
160399,158,162
160416,174,173
160432,165,161
160448,174,172
160465,162,156
160482,172,172
160499,172,172
160515,174,168
160532,146,146
160549,151,151
160566,128,118
160582,120,118
160599,99,93
160616,174,174
160632,174,174
160648,174,167
160666,166,168
160682,154,169
160699,143,137
160715,146,140
160732,148,145
160749,140,141
160766,148,143
160782,152,150
160798,137,131
160815,128,126
160832,170,159
160849,156,150
160866,145,142
160882,145,140
160899,140,134
160915,128,129
160931,129,131
160949,166,173
160965,171,174
160982,174,174
160998,156,158
161014,156,158
161030,137,134
161047,166,171
161063,148,145
161080,142,148
161096,129,130
161112,119,121
161130,113,105
161147,110,110
161164,113,109
161181,109,109
161197,102,102
161213,129,128
161230,117,119
161246,170,169
161263,170,169
161280,160,145
161297,162,159
161313,168,166
161330,169,170
161347,164,160
161364,148,148
161381,161,168
161398,169,163
161414,169,166
161432,144,142
161449,142,134
161466,167,172
161482,171,174
161498,169,170
161516,155,158
161533,150,150
161549,133,123
161566,109,107
161582,103,102
161599,107,107
161616,108,107
161633,108,107
161650,108,96
161667,109,102
161683,95,102
161700,146,155
161717,119,145
161734,116,125
161750,85,96
161767,96,100
161783,105,95
161801,102,92
161818,110,106
161835,81,101
161851,79,116
161867,91,96
161884,88,85
161901,144,145
161918,159,144
161934,143,139
161951,102,98
161968,87,87
161985,100,79
162001,100,79
162017,137,151
162034,129,135
162052,112,97
162068,128,172
162086,168,174
162102,174,142
162119,174,171
162137,157,161
162154,165,147
162171,130,114
162188,152,125
162205,159,149
162223,173,171
162240,159,159
162256,173,172
162273,139,147
162290,173,174
162306,174,174
162322,172,174
162340,174,174
162356,174,174
162373,174,174
162389,167,170
162407,147,156
162424,157,169
162441,172,163
162458,174,163
162475,163,169
162491,170,165
162508,169,174
162524,167,160
162542,173,173
162558,173,163
162575,174,171
162592,169,174
162609,174,174
162626,174,168
162643,172,166
162660,174,169
162677,172,174
162693,172,170
162710,164,173
162727,164,160
162744,173,158
162760,174,173
162776,174,174
162794,174,168
162810,162,166
162826,157,174
162843,152,142
162859,150,166
162875,174,172
162893,174,173
162909,174,168
162925,174,174
162942,174,173
162959,161,153
162975,158,167
162992,154,158
163009,157,151
163026,153,132
163043,148,142
163060,122,150
163077,173,174
163093,172,171
163110,174,174
163127,174,174
163143,169,174
163161,140,155
163177,160,159
163194,173,173
163210,152,144
163227,146,158
163243,156,165
163260,173,170
163277,166,174
163293,160,166
163311,158,172
163327,162,162
163344,165,170
163360,163,161
163376,158,152
163393,148,158
163410,167,174
163427,147,148
163443,156,161
163460,142,137
163476,133,135
163493,133,131
163510,171,170
163527,160,159
163544,173,168
163561,171,173
163578,167,165
163594,162,153
163611,162,162
163628,164,165
163644,161,155
163662,135,123
163679,89,100
163695,79,83
163711,76,73
163728,148,157
163744,151,172
163761,148,149
163777,151,152
163795,146,148
163811,146,148
163828,176,176
163844,176,176
163860,172,171
163877,161,159
163894,140,139
163910,143,152
163927,141,147
163944,166,170
163961,158,165
163977,155,156
163993,130,138
164010,122,132
164028,134,136
164044,171,171
164061,174,174
164078,157,151
164094,157,151
164111,142,156
164128,136,130
164145,157,159
164162,173,173
164180,153,130
164197,138,140
164213,138,140
164230,102,113
164248,84,85
164264,164,149
164281,159,160
164298,148,136
164315,142,138
164332,142,138
164349,130,130
164365,127,128
164381,171,170
164398,154,155
164415,173,173
164431,142,146
164448,168,166
164464,168,166
164481,174,174
164499,150,155
164515,161,160
164531,132,126
164548,138,142
164565,142,141
164582,146,153
164598,151,148
164615,123,131
164632,165,159
164649,154,148
164665,159,150
164682,173,172
164699,174,173
164715,148,153
164732,150,150
164749,173,174
164766,145,145
164783,161,162
164800,162,166
164817,140,142
164834,140,142
164850,156,165
164866,128,128
164883,126,129
164900,171,172
164917,140,144
164933,122,115
164950,124,124
164967,130,125
164983,119,112
165000,98,93
165016,124,120
165032,128,123
165049,81,79
165066,67,70
165082,57,65
165099,61,62
165116,138,150
165132,117,108
165149,97,100
165166,85,85
165182,69,72
165199,66,61
165215,82,64
165231,165,167
165249,130,150
165266,130,139
165282,166,152
165298,145,128
165314,100,94
165331,136,135
165348,150,144
165366,114,130
165383,111,107
165399,85,78
165415,64,69
165432,158,156
165449,163,158
165466,134,137
165484,163,159
165500,162,153
165517,173,159
165534,166,162
165550,173,173
165567,174,174
165583,174,174
165600,163,160
165616,169,168
165633,165,154
165650,173,174
165667,158,161
165683,162,152
165700,160,166
165716,173,165
165732,161,146
165749,149,150
165766,174,174
165782,174,174
165798,164,174
165815,172,168
165833,165,157
165849,154,154
165867,170,170
165884,168,174
165900,158,152
165916,157,140
165933,157,140
165949,161,155
165965,169,168
165982,174,174
165998,150,158
166014,136,139
166031,172,170
166049,170,174
166065,170,174
166083,173,172
166099,174,174
166116,172,171
166134,147,155
166151,162,164
166167,128,143
166184,128,143
166202,168,172
166219,151,145
166236,141,146
166252,140,148
166269,151,150
166285,171,171
166302,171,171
166319,163,166
166336,154,157
166353,130,138
166370,153,154
166387,147,153
166404,116,128
166421,145,142
166438,131,131
166456,144,145
166472,126,130
166489,141,145
166506,171,171
166522,113,115
166539,149,145
166557,158,157
166573,140,142
166590,141,142
166606,154,153
166622,172,172
166639,126,121
166657,129,131
166674,129,131
166691,159,158
166707,152,152
166724,146,146
166740,168,159
166756,153,143
166772,154,145
166789,140,148
166805,143,142
166823,135,138
166839,174,174
166855,147,159
166872,144,135
166889,130,148
166905,115,126
166923,115,126
166939,168,169
166955,153,172
166972,169,174
166990,164,163
167006,161,160
167023,158,156
167039,167,173
167056,167,174
167073,158,158
167090,138,155
167106,163,164
167124,160,159
167140,149,156
167157,165,173
167174,161,162
167191,140,137
167207,144,134
167224,124,122
167240,63,60
167257,143,137
167274,139,132
167290,124,116
167307,96,100
167324,71,64
167341,60,64
167357,141,148
167375,152,154
167391,91,94
167408,96,93
167425,89,93
167442,86,92
167458,85,99
167474,168,168
167491,174,174
167508,156,143
167524,161,157
167541,151,160
167558,142,132
167576,151,127
167593,171,165
167609,133,145
167625,138,132
167642,124,148
167659,129,134
167677,118,115
167693,153,152
167710,143,141
167726,126,128
167744,122,120
167761,117,122
167778,116,116
167794,116,118
167811,167,167
167828,173,173
167845,169,167
167862,155,152
167879,132,131
167895,129,128
167911,163,170
167928,142,150
167945,134,133
167962,125,127
167978,103,103
167996,104,104
168012,106,108
168028,105,98
168044,103,102
168061,91,97
168078,103,99
168095,94,94
168111,168,168
168128,141,137
168145,135,132
168162,147,148
168179,172,163
168196,163,165
168213,162,158
168229,144,154
168246,157,157
168263,168,162
168280,157,159
168297,113,119
168314,123,124
168330,172,171
168347,174,174
168364,153,156
168380,140,143
168398,122,132
168414,119,135
168431,103,111
168449,102,110
168465,99,107
168481,100,94
168498,77,82
168514,74,80
168531,71,85
168548,167,167
168564,166,163
168581,145,138
168598,133,138
168616,132,154
168632,127,150
168649,115,118
168666,152,153
168684,141,146
168701,115,120
168718,104,104
168734,96,99
168750,155,139
168767,170,171
168783,149,155
168800,133,131
168817,100,112
168833,102,100
168849,87,86
168866,145,143
168883,124,129
168900,97,88
168916,97,87
168933,98,79
168949,83,85
168967,168,157
168984,174,173
169001,145,148
169017,132,135
169034,117,123
169051,124,116
169067,103,91
169084,169,168
169100,127,122
169117,146,157
169134,146,157
169151,174,174
169167,173,174
169184,174,172
169200,174,174
169218,174,174
169234,173,168
169251,150,166
169268,148,151
169285,136,143
169302,149,154
169318,158,156
169335,146,139
169351,139,139
169368,139,142
169385,135,139
169401,171,171
169418,169,174
169436,175,174
169452,174,168
169468,146,173
169484,145,153
169502,172,169
169519,174,174
169536,174,174
169552,169,168
169569,162,160
169586,160,151
169603,166,163
169620,174,174
169637,171,166
169654,169,164
169671,144,146
169687,142,151
169703,151,156
169720,171,172
169737,173,174
169754,173,174
169772,173,174
169788,154,151
169804,159,160
169821,174,174
169838,160,164
169854,140,145
169872,149,143
169888,139,144
169905,140,136
169922,142,132
169940,173,174
169957,173,174
169974,174,174
169990,174,172
170007,174,174
170023,162,158
170041,153,168
170058,146,151
170075,145,151
170092,162,158
170108,173,173
170126,163,174
170142,165,170
170159,166,173
170175,156,160
170192,156,156
170208,160,161
170224,156,158
170242,162,160
170259,172,173
170276,155,153
170292,149,151
170309,130,141
170325,134,143
170343,126,132
170360,119,137
170376,153,157
170392,163,160
170410,164,169
170426,170,173
170444,171,172
170461,163,159
170477,166,166
170494,166,166
170511,147,132
170528,108,106
170546,101,99
170563,103,100
170580,112,88
170597,128,119
170613,128,119
170631,113,102
170647,105,94
170663,99,99
170681,104,104
170698,149,155
170714,149,150
170730,137,139
170747,145,140
170763,136,133
170780,129,154
170796,174,171
170813,153,149
170829,149,140
170846,133,138
170864,133,138
170881,123,128
170898,169,171
170914,174,174
170931,166,170
170949,164,168
170965,145,153
170982,162,152
170998,144,158
171015,174,174
171032,157,145
171050,151,149
171067,123,135
171083,103,113
171100,111,100
171117,169,155
171135,161,169
171151,141,146
171168,132,136
171185,128,135
171202,138,138
171218,171,171
171235,171,171
171252,162,170
171269,172,172
171287,145,150
171303,133,132
171320,174,174
171336,174,174
171353,174,174
171371,167,168
171388,133,129
171405,133,142
171421,147,149
171438,149,148
171454,145,147
171472,159,155
171490,155,156
171506,164,162
171523,150,144
171539,173,173
171556,159,159
171574,156,160
171591,168,169
171608,171,174
171624,167,163
171641,165,163
171657,167,161
171674,140,144
171690,167,163
171707,158,163
171723,158,163
171741,139,136
171757,171,170
171774,172,174
171790,145,145
171807,147,144
171823,141,141
171840,126,132
171857,121,128
171873,113,160
171890,157,132
171907,101,89
171923,95,119
171940,99,103
171956,90,92
171972,100,97
171990,116,125
172007,112,120
172023,110,106
172041,135,139
172058,114,122
172074,169,166
172091,174,174
172108,166,168
172125,172,172
172141,163,164
172159,172,166
172175,170,164
172193,174,173
172210,153,164
172226,126,107
172243,120,113
172259,108,99
172275,106,100
172292,156,158
172308,173,171
172325,141,140
172342,158,156
172359,151,152
172375,161,158
172393,130,127
172409,157,166
172426,152,156
172442,143,145
172459,116,129
172475,106,124
172491,109,116
172508,130,140
172526,102,105
172543,98,92
172559,99,91
172576,86,80
172592,104,103
172609,107,108
172627,174,174
172643,174,174
172661,174,169
172677,174,174
172693,174,173
172711,171,169
172728,160,156
172744,159,159
172760,160,164
172777,157,162
172794,166,162
172811,161,162
172829,173,173
172845,174,174
172861,174,168
172878,158,145
172895,174,171
172913,170,174
172929,174,173
172945,172,172
172963,174,174
172980,173,174
172996,153,153
173013,154,158
173030,138,161
173047,174,159
173064,161,153
173081,156,168
173097,163,139
173114,127,143
173131,145,161
173148,173,173
173164,152,162
173180,137,147
173197,158,160
173213,147,141
173230,137,139
173246,161,170
173263,165,157
173280,112,117
173296,139,124
173313,143,143
173330,154,152
173346,148,147
173364,131,125
173380,129,129
173397,135,139
173413,147,145
173430,163,160
173446,155,153
173463,164,164
173481,173,173
173498,140,147
173514,165,172
173530,173,173
173547,174,165
173563,174,165
173580,174,173
173598,172,167
173614,158,158
173631,169,159
173647,168,169
173664,163,159
173681,169,173
173697,174,174
173715,163,174
173731,144,159
173747,165,152
173764,157,157
173781,145,135
173797,142,143
173814,142,143
173831,174,174
173847,177,177
173864,168,167
173881,158,152
173898,174,174
173915,172,168
173931,165,162
173947,158,154
173964,165,169
173981,174,166
173998,156,146
174016,168,162
174032,159,171
174048,142,138
174066,142,136
174083,127,130
174099,108,94
174117,173,172
174133,174,173
174149,174,174
174166,169,170
174183,169,170
174200,162,168
174217,162,165
174234,173,170
174251,146,141
174268,131,123
174285,124,134
174302,124,134
174318,130,117
174334,171,170
174351,174,173
174368,150,155
174385,161,173
174401,162,147
174418,152,148
174435,154,153
174452,144,143
174468,147,151
174485,151,148
174501,129,126
174517,131,135
174534,139,140
174550,171,171
174567,158,154
174583,148,148
174600,139,145
174617,130,131
174633,139,144
174650,171,171
174667,174,174
174684,174,174
174701,174,173
174718,160,163
174734,150,151
174752,132,131
174768,148,140
174784,153,142
174801,156,160
174817,138,133
174833,120,128
174851,137,122
174867,111,117
174883,113,118
174900,110,112
174917,106,110
174935,130,130
174951,118,115
174968,169,169
174984,174,165
175001,136,139
175017,171,170
175033,169,172
175050,155,158
175067,164,159
175084,145,143
175100,164,158
175117,169,168
175133,166,168
175149,131,126
175166,140,144
175182,153,153
175199,174,174
175217,162,162
175234,157,150
175251,142,139
175267,123,115
175283,112,111
175300,129,129
175317,140,126
175334,123,119
175351,109,105
175368,107,98
175385,112,103
175402,158,169
175418,152,151
175436,121,123
175453,108,111
175470,77,103
175487,100,96
175504,168,166
175521,170,172
175538,174,174
175555,168,174
175572,157,174
175589,159,157
175606,151,160
175624,172,173
175641,141,135
175657,121,130
175674,126,125
175691,113,131
175707,145,134
175725,139,128
175742,137,129
175758,153,128
175776,148,131
175792,137,128
175809,153,146
175827,162,161
175844,173,173
175860,153,171
175876,163,154
175893,169,170
175910,157,150
175926,145,145
175942,172,172
175959,151,150
175976,165,158
175993,174,173
176010,174,174
176027,174,174
176044,170,170
176061,174,174
176077,174,174
176094,173,174
176112,166,148
176128,166,171
176144,164,154
176161,172,165
176178,164,151
176195,158,133
176213,168,155
176230,149,146
176246,172,170
176263,174,174
176279,167,155
176297,174,169
176313,168,167
176331,171,171
176348,168,168
176365,174,166
176381,170,174
176398,173,173
176415,171,170
176432,159,154
176448,161,146
176464,173,158
176481,174,173
176498,172,169
176514,170,174
176531,164,155
176547,140,150
176564,129,125
176581,169,170
176598,157,167
176614,159,156
176631,171,174
176649,172,169
176665,155,154
176683,152,146
176700,165,156
176717,152,144
176733,138,149
176750,145,134
176767,126,125
176784,112,146
176800,173,174
176816,174,174
176833,174,174
176850,174,174
176867,144,151
176884,142,142
176901,139,154
176918,160,157
176934,151,150
176950,152,155
176968,172,169
176984,174,164
177000,159,161
177017,162,173
177033,158,167
177050,154,156
177067,159,157
177083,159,159
177101,142,156
177118,171,173
177135,159,167
177151,146,156
177168,130,143
177185,128,125
177201,107,117
177218,170,169
177234,152,148
177251,165,163
177267,169,164
177284,169,172
177301,166,165
177318,164,160
177334,173,173
177351,158,157
177369,132,116
177385,132,116
177402,93,114
177419,75,70
177436,146,151
177452,151,171
177469,146,146
177485,142,141
177503,142,141
177520,147,144
177537,172,171
177554,176,176
177571,171,169
177588,158,157
177604,137,137
177621,140,147
177638,132,134
177654,137,143
177671,160,166
177689,154,155
177706,132,112
177722,119,132
177739,134,134
177756,171,171
177772,174,174
177789,168,166
177806,159,160
177822,141,155
177838,130,134
177856,156,158
177872,156,158
177889,163,138
177906,148,144
177922,136,139
177938,106,91
177956,80,78
177973,167,157
177991,174,168
178007,171,161
178023,174,166
178041,163,144
178058,168,146
178075,174,173
178092,174,171
178109,160,160
178126,172,171
178143,174,173
178160,144,129
178177,174,170
178194,174,174
178211,168,172
178227,135,147
178243,135,147
178260,147,144
178277,150,148
178293,124,148
178311,164,172
178327,150,168
178343,157,154
178360,145,137
178376,138,152
178394,149,145
178411,174,173
178427,143,148
178444,148,145
178461,173,172
178478,143,144
178495,160,161
178512,172,168
178529,136,134
178545,171,169
178561,158,162
178578,130,122
178594,144,134
178612,142,140
178628,167,165
178645,119,111
178662,125,118
178678,124,126
178695,93,96
178711,91,90
178728,168,159
178744,121,119
178762,82,80
178779,90,87
178796,71,75
178814,66,64
178831,130,152
178848,81,85
178864,81,85
178881,57,56
178897,58,55
178913,62,55
178930,60,56
178947,173,173
178963,133,152
178980,168,151
178996,132,136
179012,163,148
179029,100,98
179046,168,171
179063,142,144
179079,116,122
179096,101,113
179113,85,82
179130,72,61
179147,157,157
179163,157,157
179180,173,171
179196,133,125
179213,160,153
179229,142,142
179246,121,110
179262,138,141
179279,163,172
179296,153,164
179312,149,149
179329,134,141
179346,124,120
179362,124,120
179379,143,144
179395,136,126
179412,134,127
179429,135,127
179447,137,142
179464,140,138
179481,171,171
179498,168,174
179514,174,164
179531,173,172
179548,166,165
179564,153,162
179581,170,169
179597,173,174
179614,156,165
179630,156,159
179647,171,173
179664,174,171
179681,171,172
179698,162,144
179716,143,149
179732,132,142
179750,171,169
179766,171,174
179782,160,157
179799,174,174
179816,174,174
179833,173,174
179850,166,174
179867,156,165
179885,135,142
179901,167,171
179917,172,171
179934,148,154
179950,152,147
179967,156,129
179984,155,137
180000,130,134
180016,148,157
180032,164,165
180050,157,159
180067,158,160
180085,139,146
180102,150,155
180118,133,126
180135,143,153
180153,133,143
180169,141,143
180185,111,108
180202,140,141
180219,139,143
180237,117,115
180254,146,144
180271,144,142
180288,142,137
180304,145,142
180321,155,151
180338,173,172
180355,127,122
180371,126,129
180388,158,161
180406,155,156
180423,153,153
180439,172,172
180455,170,162
180472,155,160
180489,156,146
180506,142,144
180522,144,143
180539,171,171
180555,157,155
180573,149,151
180590,154,155
180606,149,144
180622,132,134
180640,132,148
180657,165,161
180674,163,158
180691,164,168
180707,173,167
180724,164,162
180740,157,164
180757,173,173
180774,169,167
180791,144,144
180808,164,161
180824,162,163
180841,159,161
180858,156,155
180874,172,173
180891,174,173
180908,153,162
180924,148,147
180941,113,117
180958,112,113
180975,130,130
180991,104,122
181008,112,108
181025,78,78
181042,75,69
181058,90,86
181076,125,144
181092,165,166
181110,147,139
181127,149,152
181144,150,154
181161,152,155
181179,173,172
181196,174,174
181213,174,174
181229,171,168
181246,163,173
181262,171,151
181279,148,145
181296,171,165
181312,167,156
181329,134,125
181346,135,132
181362,137,150
181379,126,122
181395,164,154
181412,160,154
181429,142,139
181445,140,131
181461,129,127
181478,130,128
181494,125,134
181510,133,135
181527,134,131
181543,139,132
181559,139,139
181576,130,133
181592,124,127
181609,136,128
181626,174,170
181642,170,170
181658,164,173
181676,155,146
181692,155,146
181709,133,140
181726,128,129
181743,114,123
181759,125,128
181775,120,123
181792,115,126
181809,120,120
181825,169,171
181841,174,174
181859,150,151
181876,168,173
181893,174,174
181911,165,170
181928,163,164
181945,157,159
181962,167,159
181979,174,174
181997,166,164
182013,140,129
182030,156,154
182047,168,163
182064,168,163
182080,147,140
182097,148,147
182114,172,167
182130,151,143
182146,127,141
182162,147,152
182179,121,134
182197,153,138
182213,119,139
182230,142,135
182247,139,153
182263,161,172
182281,145,169
182298,142,162
182315,144,161
182331,149,155
182348,149,146
182365,164,129
182383,161,142
182400,135,156
182417,142,141
182433,142,141
182450,154,124
182467,156,142
182483,173,166
182500,173,166
182516,164,166
182533,167,163
182551,174,159
182567,160,156
182583,165,165
182600,157,171
182616,127,125
182633,161,166
182650,164,169
182666,160,168
182683,144,165
182700,174,174
182719,160,163
182736,158,144
182752,159,167
182769,167,157
182785,173,173
182802,173,173
182818,170,173
182835,174,165
182852,174,174
182868,174,171
182885,174,173
182902,174,174
182918,174,174
182935,174,174
182951,174,174
182967,161,163
182984,155,141
183000,154,164
183017,170,163
183033,169,168
183050,160,161
183068,157,154
183085,162,158
183101,144,163
183118,173,172
183135,157,157
183151,156,161
183168,162,140
183185,168,174
183202,174,166
183218,164,166
183235,174,174
183253,173,172
183269,174,174
183286,174,173
183303,174,174
183320,140,156
183337,174,174
183353,166,174
183371,174,171
183387,143,147
183404,158,163
183420,173,173
183436,172,171
183453,169,169
183470,174,171
183487,168,171
183503,154,151
183520,167,172
183537,166,174
183555,162,149
183571,174,162
183588,147,147
183605,164,169
183622,151,144
183639,157,153
183657,150,147
183674,134,143
183690,155,150
183707,140,148
183723,136,140
183741,146,144
183757,172,171
183774,155,152
183791,159,155
183808,163,170
183825,173,174
183842,174,170
183860,163,171
183877,174,173
183893,173,174
183910,174,167
183926,164,174
183943,158,166
183961,169,167
183978,170,174
183994,167,160
184010,156,158
184027,145,146
184043,142,149
184061,141,144
184078,172,172
184094,160,167
184111,174,174
184129,174,175
184146,166,170
184163,174,174
184181,161,152
184197,172,156
184214,157,142
184230,143,137
184246,131,135
184262,122,117
184279,129,119
184296,143,130
184312,145,154
184329,141,137
184346,132,129
184363,123,142
184380,120,111
184396,170,165
184412,174,173
184429,174,174
184445,165,172
184462,168,167
184479,171,167
184495,172,173
184511,174,174
184529,157,162
184546,166,146
184562,169,159
184580,165,168
184596,168,161
184612,174,173
184629,174,174
184646,174,173
184664,170,165
184681,157,166
184697,139,132
184714,154,152
184731,151,171
184748,159,173
184764,159,173
184780,165,166
184798,161,169
184815,154,165
184832,160,171
184849,166,161
184866,174,148
184882,174,160
184898,166,161
184916,165,158
184932,140,147
184949,174,174
184965,174,173
184983,174,174
184999,165,173
185015,174,157
185033,166,144
185050,171,160
185068,144,159
185085,147,146
185101,161,164
185118,132,124
185135,145,128
185152,132,133
185169,152,154
185186,139,137
185203,140,117
185220,129,133
185237,128,124
185254,170,170
185272,174,174
185289,148,144
185305,166,160
185322,173,171
185339,172,168
185356,155,156
185373,161,152
185390,160,166
185406,174,174
185423,171,174
185439,141,134
185456,151,152
185473,151,152
185490,174,174
185506,159,154
185524,172,170
185541,142,129
185558,118,110
185576,169,164
185593,134,143
185610,146,132
185626,110,109
185643,85,97
185660,80,96
185676,79,81
185694,167,167
185710,140,159
185726,148,142
185743,168,152
185759,127,124
185776,137,119
185792,171,170
185809,165,167
185826,173,174
185843,165,165
185860,153,155
185876,162,157
185893,166,166
185910,173,172
185926,166,147
185943,158,140
185960,162,137
185976,145,128
185993,134,136
186009,144,145
186026,171,170
186042,154,153
186058,150,158
186075,172,172
186091,173,173
186108,164,159
186126,162,150
186143,173,166
186160,136,168
186177,149,142
186195,170,170
186212,159,142
186229,158,165
186246,145,146
186263,158,165
186281,171,173
186298,166,165
186315,173,169
186332,174,174
186349,174,174
186367,174,174
186383,172,174
186399,161,163
186416,151,151
186432,159,162
186450,156,159
186466,153,157
186482,162,142
186499,155,149
186515,148,149
186532,154,153
186549,162,167
186565,139,148
186582,133,130
186599,117,133
186617,123,122
186634,100,117
186652,114,114
186669,134,125
186685,158,158
186702,157,158
186719,174,174
186736,174,174
186753,158,164
186770,174,174
186786,162,155
186803,151,129
186820,136,147
186836,147,149
186853,153,152
186870,163,154
186887,163,164
186903,123,136
186921,129,141
186938,149,141
186955,152,157
186971,151,162
186989,172,173
187006,160,160
187023,134,138
187040,148,153
187057,136,142
187073,122,122
187090,149,153
187107,145,156
187123,152,148
187140,171,161
187157,145,141
187174,150,145
187192,172,172
187209,156,154
187225,147,147
187242,150,152
187260,172,172
187277,168,170
187295,168,163
187312,174,155
187328,173,153
187345,155,168
187362,172,165
187379,172,169
187395,152,129
187412,163,148
187429,155,151
187446,148,139
187462,128,139
187480,124,139
187497,131,151
187514,171,172
187530,172,173
187548,174,174
187564,174,176
187581,179,174
187598,167,168
187616,174,173
187633,174,172
187650,139,148
187666,144,143
187682,152,155
187699,125,130
187716,138,160
187732,153,163
187749,165,170
187765,162,165
187781,148,145
187798,143,132
187814,164,157
187831,174,174
187849,174,174
187866,170,167
187883,168,171
187900,173,172
187917,154,154
187934,171,173
187950,138,144
187967,147,157
187983,163,159
188000,174,174
188016,164,165
188034,156,154
188050,174,174
188067,174,174
188084,164,174
188100,158,164
188116,145,133
188133,120,129
188150,97,101
188167,130,128
188183,124,119
188200,128,124
188217,118,116
188234,111,110
188250,123,119
188267,129,136
188284,132,141
188301,135,121
188317,101,101
188333,101,101
188351,98,87
188367,92,87
188384,100,96
188400,90,104
188417,92,70
188434,86,78
188450,73,83
188467,59,64
188484,167,161
188500,151,166
188517,167,152
188534,163,145
188550,152,141
188567,141,131
188583,141,131
188600,144,138
188616,131,123
188633,162,152
188649,148,148
188667,138,148
188683,171,172
188700,174,174
188717,159,164
188734,158,150
188751,171,174
188768,173,164
188784,164,170
188801,174,168
188817,166,168
188834,166,168
188851,165,165
188868,170,168
188884,156,155
188901,163,174
188917,158,162
188935,146,162
188952,146,162
188969,139,148
188986,117,125
189002,120,99
189019,110,91
189035,116,94
189052,116,94
189070,98,110
189087,87,106
189103,84,97
189119,167,168
189136,155,146
189153,152,143
189170,140,125
189187,129,109
189204,129,109
189221,164,161
189238,174,170
189255,172,170
189272,168,174
189290,150,160
189307,149,147
189324,149,147
189340,172,160
189356,150,144
189373,147,136
189391,144,147
189407,143,157
189423,134,145
189440,157,158
189456,169,170
189472,163,171
189489,158,172
189505,156,158
189521,163,155
189538,160,171
189555,168,174
189571,162,155
189588,155,163
189604,150,148
189622,163,157
189638,147,149
189655,172,171
189672,166,166
189690,174,173
189707,168,172
189723,174,174
189741,174,171
189758,174,174
189774,174,174
189790,174,174
189808,166,165
189825,155,150
189841,141,127
189857,166,163
189874,169,173
189890,128,133
189907,150,159
189923,141,144
189940,137,133
189957,128,137
189973,150,148
189989,128,138
190006,157,146
190023,160,160
190040,137,133
190058,148,140
190074,150,156
190090,166,165
190107,160,169
190124,157,169
190142,156,163
190159,125,122
190176,123,118
190193,170,169
190210,160,166
190227,157,153
190243,144,130
190260,133,130
190277,127,121
190295,169,170
190311,163,161
190327,175,176
190344,172,171
190361,133,140
190377,162,163
190393,173,171
190410,174,169
190427,148,147
190444,144,138
190461,136,143
190477,129,119
190494,141,128
190511,173,174
190528,174,174
190544,174,174
190562,174,174
190579,173,174
190596,149,142
190613,134,135
190631,135,143
190648,142,141
190665,141,143
190682,162,161
190699,155,148
190717,160,149
190733,173,172
190750,167,173
190767,160,174
190785,173,174
190801,171,169
190818,172,151
190834,174,171
190851,161,155
190869,148,149
190885,134,157
190902,123,135
190919,132,139
190936,171,172
190952,150,157
190969,170,166
190985,169,175
191001,157,167
191018,166,154
191034,156,147
191050,173,172
191067,163,138
191085,143,128
191101,117,110
191117,125,85
191134,110,84
191151,131,108
191168,130,138
191184,144,149
191201,125,107
191218,81,88
191235,80,78
191253,164,162
191269,174,174
191285,174,174
191302,172,169
191318,169,159
191335,165,156
191352,152,153
191369,174,171
191386,164,163
191403,138,138
191420,146,154
191436,163,166
191454,166,166
191470,172,173
191487,174,174
191504,174,174
191521,146,141
191538,151,157
191555,138,122
191572,137,139
191590,145,153
191606,149,153
191624,160,140
191640,165,152
191656,162,170
191672,145,165
191689,161,162
191706,149,152
191723,130,133
191741,170,160
191757,143,133
191774,157,144
191791,146,140
191807,166,172
191824,135,143
191841,157,144
191857,134,141
191873,171,156
191890,145,135
191906,172,165
191922,169,157
191940,143,146
191957,151,130
191973,127,123
191990,138,113
192007,138,123
192024,134,118
192041,124,119
192058,129,122
192074,131,123
192091,129,113
192108,170,170
192126,148,150
192143,148,150
192159,139,137
192175,166,168
192192,165,160
192209,170,167
192225,148,143
192242,152,152
192260,171,169
192277,163,168
192294,144,154
192310,131,139
192327,162,160
192344,159,159
192361,137,133
192377,126,127
192395,131,119
192412,120,112
192429,103,99
192445,81,78
192462,90,85
192478,87,88
192495,97,116
192512,91,96
192529,108,99
192545,95,84
192561,162,169
192578,145,144
192594,143,128
192611,113,107
192627,110,78
192643,110,78
192660,174,174
192676,165,171
192693,171,174
192711,165,173
192728,168,171
192744,149,154
192761,158,155
192777,174,168
192795,156,153
192811,135,142
192827,112,88
192844,123,107
192861,160,134
192877,173,163
192894,173,163
192910,173,171
192927,172,170
192945,147,134
192962,154,118
192978,161,153
192994,173,167
193011,154,164
193028,154,157
193045,152,155
193061,157,152
193077,173,172
193094,170,166
193110,160,165
193127,160,170
193143,173,174
193160,162,164
193176,169,170
193193,174,174
193210,174,174
193226,174,174
193243,165,169
193260,168,160
193276,149,137
193293,158,151
193310,167,174
193328,168,172
193345,163,166
193362,157,163
193379,162,155
193396,158,167
193413,172,174
193429,148,152
193446,153,138
193463,146,137
193480,114,131
193497,95,100
193513,117,117
193530,167,172
193547,164,167
193564,152,166
193580,166,165
193597,149,156
193614,172,173
193631,174,174
193648,155,150
193665,163,141
193681,155,152
193697,165,158
193714,167,162
193731,150,149
193747,162,161
193764,135,135
193782,144,149
193798,151,166
193815,157,157
193832,168,173
193849,130,127
193865,158,159
193883,143,152
193900,163,164
193916,147,150
193932,140,126
193949,152,157
193966,157,155
193983,153,144
193999,172,170
194016,151,149
194033,153,153
194049,173,173
194065,128,144
194082,145,141
194098,166,168
194115,168,167
194131,161,157
194147,168,152
194164,174,168
194180,169,173
194197,160,174
194214,173,174
194230,173,173
194247,172,147
194264,174,172
194281,169,166
194298,157,152
194315,140,143
194332,139,140
194349,133,154
194365,171,173
194382,164,169
194399,174,165
194416,170,174
194433,166,160
194450,170,168
194467,173,172
194483,174,173
194500,165,157
194517,147,147
194533,144,140
194549,117,120
194566,109,146
194582,143,147
194599,157,156
194615,155,149
194631,143,130
194648,131,98
194665,133,131
194681,168,171
194698,174,173
194714,161,160
194731,173,169
194747,146,150
194764,172,171
194781,156,149
194797,173,174
194813,142,143
194830,146,149
194847,160,167
194863,160,167
194880,169,166
194897,173,173
194914,174,174
194931,174,174
194948,143,151
194965,146,130
194982,146,130
194999,138,122
195016,125,127
195032,136,131
195049,137,135
195067,119,120
195083,122,134
195099,113,127
195116,153,149
195132,151,151
195148,141,142
195165,129,135
195181,118,126
195197,118,122
195214,120,121
195231,170,170
195247,174,174
195263,174,173
195280,167,167
195296,151,151
195312,133,133
195329,171,159
195345,174,156
195362,160,156
195379,166,143
195396,142,123
195412,117,111
195429,120,113
195446,139,116
195463,126,118
195479,131,129
195496,130,124
195513,112,106
195530,101,99
195547,151,150
195565,161,162
195582,165,163
195599,173,173
195616,169,162
195633,150,153
195650,173,138
195667,146,153
195684,130,141
195701,166,159
195718,157,150
195735,125,125
195752,146,146
195768,142,141
195785,113,124
195801,116,142
195818,111,117
195834,151,145
195852,142,138
195868,151,146
195885,147,146
195902,153,146
195918,144,150
195934,130,151
195952,151,149
195969,143,145
195986,168,174
196003,156,147
196019,145,140
196036,116,125
196054,112,148
196070,169,168
196086,174,174
196103,164,162
196121,174,174
196138,167,169
196154,162,155
196170,149,142
196187,171,172
196203,174,174
196220,173,153
196236,145,141
196253,154,146
196271,151,148
196287,157,153
196304,148,151
196321,148,141
196337,132,126
196354,133,142
196371,152,137
196387,127,135
196404,159,165
196421,174,174
196438,145,142
196454,132,127
196471,129,135
196489,132,141
196506,171,172
196523,145,143
196541,149,147
196557,159,157
196574,173,173
196591,168,172
196607,158,158
196624,173,173
196640,174,174
196657,170,174
196673,167,160
196690,136,133
196707,137,136
196724,133,129
196740,163,167
196757,166,166
196774,135,136
196790,160,156
196806,173,153
196822,152,150
196839,172,172
196857,172,141
196873,170,159
196890,143,160
196907,130,124
196923,170,170
196941,147,164
196958,133,160
196974,141,152
196990,134,146
197007,140,137
197024,131,128
197040,170,165
197057,174,174
197073,174,174
197091,158,161
197108,154,156
197125,152,150
197141,169,160
197158,173,174
197175,172,165
197191,174,174
197208,172,174
197225,153,161
197241,160,151
197258,173,167
197275,158,158
197292,160,156
197309,153,167
197327,145,169
197343,157,134
197360,162,167
197377,167,168
197394,174,174
197410,174,174
197426,168,174
197444,168,174
197461,157,159
197478,172,173
197495,168,155
197512,166,171
197529,168,174
197545,166,167
197562,166,167
197579,167,174
197596,174,174
197613,174,160
197630,171,174
197647,173,174
197664,161,170
197681,166,174
197697,174,174
197715,152,157
197732,152,150
197749,173,168
197766,122,129
197783,126,126
197800,155,163
197817,169,173
197833,168,174
197850,164,174
197867,166,164
197883,161,163
197900,173,173
197917,174,168
197934,174,168
197950,140,137
197967,106,100
197983,133,124
198000,147,133
198016,130,154
198033,136,143
198051,155,145
198067,158,137
198083,115,104
198100,154,138
198116,174,174
198132,168,174
198149,174,174
198167,154,155
198183,154,155
198200,150,158
198217,173,173
198234,174,167
198251,174,173
198267,169,172
198284,174,174
198300,174,174
198318,154,157
198334,172,173
198350,174,174
198367,167,167
198383,152,150
198400,151,146
198417,143,147
198433,143,147
198450,156,172
198468,160,174
198484,164,169
198500,168,145
198517,161,157
198534,171,161
198550,164,173
198567,158,166
198583,156,174
198600,174,155
198616,158,133
198634,157,159
198650,171,172
198666,173,174
198684,172,174
198701,174,173
198718,171,170
198735,161,141
198752,146,149
198769,165,158
198786,143,148
198802,143,148
198818,169,147
198835,146,130
198851,149,132
198868,148,140
198885,143,153
198901,136,153
198918,146,111
198935,125,128
198952,116,122
198968,170,169
198985,138,142
199001,136,138
199019,163,169
199035,173,172
199051,157,157
199068,169,162
199085,151,158
199101,157,165
199118,168,173
199135,162,174
199151,136,142
199167,150,144
199184,148,161
199201,169,167
199217,152,156
199234,150,139
199250,141,130
199267,130,119
199284,115,124
199301,108,109
199317,127,133
199334,94,120
199350,90,107
199366,73,101
199383,83,93
199400,168,167
199417,174,174
199434,158,164
199451,147,122
199467,138,121
199484,136,122
199500,160,170
199517,173,173
199534,173,173
199550,167,173
199567,151,155
199583,168,160
199600,167,168
199617,173,173
199634,174,164
199651,171,173
199667,174,153
199683,155,138
199700,124,125
199717,170,167
199734,170,174
199750,142,142
199767,132,135
199784,132,135
199801,125,120
199819,133,132
199836,167,165
199853,174,173
199869,144,154
199886,132,141
199902,132,141
199918,141,134
199935,171,170
199952,168,174
199969,162,168
199987,172,171
200004,173,174
200021,165,168
200037,170,162
200054,174,173
200071,174,174
200087,171,170
200104,174,174
200121,161,166
200138,160,160
200154,160,160
200171,166,162
200187,158,167
200203,162,151
200220,156,156
200236,156,160
200252,158,173
200269,163,165
200286,137,150
200303,142,137
200319,132,143
200335,112,127
200353,100,108
200370,136,131
200387,156,158
200403,156,158
200419,162,160
200436,174,174
200452,174,174
200469,173,173
200486,163,172
200502,161,156
200519,153,127
200536,137,151
200553,156,151
200569,155,155
200586,147,154
200603,168,170
200620,152,160
200637,130,141
200653,160,163
200670,166,155
200686,145,163
200702,167,173
200719,159,160
200736,148,160
200753,160,165
200770,112,131
200787,128,129
200803,170,170
200819,152,153
200836,153,156
200853,169,170
200870,160,158
200888,162,170
200904,165,161
200920,151,144
200937,148,149
200953,149,154
200969,172,173
200986,168,167
201003,168,161
201020,171,173
201037,162,159
201054,173,165
201071,173,173
201087,173,173
201103,161,139
201120,171,150
201137,166,147
201153,158,159
201171,148,140
201187,117,144
201204,121,148
201221,169,173
201238,172,172
201254,173,174
201272,174,174
201288,173,170
201305,170,166
201322,170,163
201339,174,171
201355,157,163
201372,167,172
201389,155,151
201407,157,142
201424,156,160
201441,160,167
201457,173,172
201474,174,170
201491,162,162
201508,149,151
201524,138,137
201541,173,170
201558,174,174
201574,172,162
201591,166,174
201607,172,171
201625,172,171
201641,147,149
201657,174,174
201674,150,144
201691,160,156
201707,160,162
201724,165,167
201741,163,161
201758,173,173
201775,174,174
201791,174,174
201808,154,164
201825,146,137
201842,112,122
201859,109,101
201877,121,113
201893,122,106
201910,132,134
201927,113,95
201943,80,72
201960,82,77
201977,136,133
201994,136,146
202011,143,148
202028,131,128
202044,104,104
202060,102,99
202077,78,89
202093,80,89
202110,73,84
202127,87,81
202144,85,73
202160,66,69
202177,59,66
202193,167,163
202210,153,170
202227,164,156
202244,164,156
202262,155,145
202279,154,132
202297,161,143
202314,138,143
202331,145,137
202348,147,151
202364,147,151
202381,142,157
202397,171,172
202414,174,174
202431,160,163
202448,171,169
202464,172,174
202481,165,162
202498,162,165
202514,164,174
202531,166,169
202547,173,174
202564,166,163
202581,168,167
202598,169,162
202616,158,173
202633,159,160
202649,148,147
202666,128,153
202682,135,135
202700,134,127
202716,168,153
202733,168,153
202751,151,131
202767,106,115
202784,98,109
202801,85,99
202818,84,103
202834,168,155
202851,146,143
202867,155,154
202883,144,132
202901,122,107
202918,131,126
202934,170,160
202950,170,171
202967,170,173
202983,170,173
203000,159,157
203016,144,148
203033,140,143
203050,166,168
203067,156,155
203083,151,138
203100,147,148
203118,145,138
203134,154,153
203150,153,159
203167,169,173
203185,157,172
203201,169,150
203218,137,153
203234,137,153
203251,148,152
203268,167,174
203284,161,157
203301,157,165
203318,172,172
203335,157,156
203352,157,156
203369,171,170
203387,167,163
203403,174,173
203420,166,170
203437,166,174
203454,174,170
203470,174,174
203486,174,174
203503,174,174
203520,167,169
203537,160,146
203554,143,125
203571,166,162
203588,143,135
203606,128,135
203622,170,171
203639,145,140
203655,160,167
203673,132,139
203689,173,172
203706,154,163
203723,154,163
203740,155,162
203756,136,130
203772,140,141
203789,158,159
203806,174,173
203824,163,172
203841,158,166
203858,160,159
203874,162,169
203891,117,120
203908,174,168
203925,159,162
203943,155,156
203960,145,136
203976,136,129
203992,134,127
204010,168,169
204027,170,173
204043,176,177
204061,160,162
204078,155,160
204094,155,160
204111,173,172
204128,174,169
204145,163,154
204162,148,149
204179,153,150
204196,149,134
204212,149,134
204229,173,174
204246,173,174
204264,174,174
204281,174,174
204297,162,158
204314,156,161
204331,143,152
204348,143,147
204364,138,148
204380,149,151
204397,165,168
204415,163,157
204431,166,160
204448,174,165
204464,174,165
204481,174,174
204498,173,174
204514,174,174
204531,173,165
204548,174,174
204566,161,152
204582,161,152
204598,136,147
204616,134,143
204633,131,139
204650,171,172
204666,172,172
204682,167,174
204698,166,162
204715,167,163
204732,174,167
204748,158,147
204765,173,172
204782,174,167
204798,140,121
204815,120,112
204832,120,112
204849,110,94
204865,128,157
204882,128,159
204899,135,124
204915,147,122
204933,105,102
204950,98,121
204967,169,160
204984,174,172
205001,174,174
205018,151,166
205035,173,167
205051,148,146
205068,149,146
205085,161,164
205103,171,173
205120,150,156
205136,175,172
205152,174,174
205169,149,154
205186,174,174
205203,174,174
205220,171,167
205236,155,155
205253,134,140
205269,119,106
205286,112,97
205302,129,122
205319,117,120
205336,139,131
205354,141,116
205370,141,149
205387,159,137
205403,149,142
205420,143,145
205437,105,112
205454,112,137
205471,131,143
205488,154,147
205505,123,129
205522,139,148
205538,121,100
205555,161,143
205572,121,114
205588,166,139
205606,121,93
205623,170,164
205640,138,125
205656,133,107
205673,101,92
205691,92,74
205708,68,66
205724,77,66
205740,68,71
205757,70,79
205774,99,92
205790,83,94
205807,103,107
205824,92,100
205841,168,170
205857,131,133
205873,142,144
205892,169,172
205909,162,165
205927,160,163
205944,157,158
205961,160,159
205977,152,156
205994,143,152
206011,136,147
206028,141,135
206046,137,134
206063,137,134
206079,134,126
206096,125,121
206112,122,113
206128,109,108
206145,105,94
206162,87,83
206178,72,79
206195,71,75
206212,67,75
206228,58,68
206246,30,33
206263,164,166
206279,145,148
206295,128,130
206313,108,105
206329,95,95
206346,72,79
206362,167,167
206379,162,163
206396,160,160
206413,164,165
206429,156,155
206446,154,155
206462,148,149
206478,172,172
206495,166,157
206511,121,128
206528,106,116
206545,86,80
206562,67,73
206579,163,167
206596,172,169
206613,135,130
206630,135,129
206646,140,140
206664,154,162
206680,127,118
206697,152,160
206714,152,144
206730,138,151
206747,113,120
206764,100,97
206782,98,101
206798,168,169
206815,142,146
206832,161,156
206849,173,172
206866,170,172
206882,174,174
206899,174,174
206916,174,174
206933,173,174
206950,169,166
206967,154,155
206984,141,137
207001,152,158
207017,168,174
207034,156,168
207051,146,160
207067,174,166
207083,156,140
207100,164,156
207116,151,149
207132,140,145
207149,142,139
207166,149,138
207183,144,133
207199,132,128
207216,156,160
207232,173,173
207249,164,174
207267,147,167
207283,131,121
207299,142,148
207316,125,140
207332,170,159
207348,166,163
207365,164,155
207381,163,151
207399,164,152
207415,173,161
207432,164,159
207449,142,141
207467,113,113
207483,158,151
207500,160,164
207517,155,148
207534,155,148
207552,148,160
207569,167,169
207585,171,174
207603,168,167
207620,156,156
207637,142,139
207653,171,171
207670,152,156
207687,151,141
207705,151,146
207722,172,174
207739,164,163
207756,174,174
207773,127,130
207790,135,145
207807,158,141
207823,170,165
207840,165,156
207856,170,154
207872,172,170
207889,169,174
207907,174,167
207923,161,174
207940,160,159
207957,174,149
207973,174,172
207990,170,169
208006,151,144
208023,142,145
208040,141,144
208057,138,150
208073,146,152
208090,157,165
208106,174,169
208122,174,170
208139,169,161
208156,174,169
208174,172,166
208190,173,172
208207,151,140
208223,122,129
208240,126,118
208257,130,116
208273,130,116
208290,107,114
208307,123,118
208324,129,125
208342,110,109
208358,97,110
208374,100,93
208391,168,162
208407,173,173
208423,172,166
208440,170,174
208457,167,165
208474,168,165
208491,162,156
208507,173,173
208524,173,173
208541,146,152
208558,154,159
208574,166,169
208591,170,165
208608,173,173
208624,174,174
208641,174,174
208657,174,169
208674,149,149
208690,146,138
208707,142,127
208724,127,118
208741,127,129
208759,134,143
208776,134,140
208793,123,128
208811,122,129
208828,161,156
208844,156,153
208861,143,149
208878,127,126
208896,122,129
208914,126,123
208930,119,124
208946,173,173
208963,174,174
208980,170,170
208997,156,157
209014,156,157
209030,136,133
209047,170,160
209063,174,158
209081,148,150
209098,162,146
209114,143,128
209130,124,112
209148,125,116
209164,138,118
209181,118,122
209197,127,116
209213,124,122
209230,102,113
209246,150,146
209262,150,146
209279,130,137
209296,147,156
209313,155,155
209331,135,130
209347,126,121
209363,170,170
209380,136,138
209397,149,161
209414,154,160
209430,163,167
209447,154,156
209463,160,164
209480,151,150
209497,155,148
209513,173,172
209530,172,174
209546,173,173
209563,174,173
209580,173,173
209597,168,174
209613,170,174
209631,172,174
209647,169,173
209663,174,174
209681,165,173
209698,172,171
209715,174,163
209732,170,160
209749,145,152
209766,139,142
209783,141,147
209800,174,174
209816,171,174
209833,173,174
209850,171,166
209866,163,156
209883,156,150
209900,140,143
209917,174,174
209934,170,156
209950,148,143
209967,155,147
209984,153,147
210001,140,147
210018,147,149
210035,154,152
210052,136,136
210068,150,121
210085,151,153
210102,124,145
210119,170,172
210136,169,167
210152,173,174
210170,166,170
210187,173,171
210203,174,171
210220,174,174
210237,155,157
210254,139,140
210270,163,161
210286,174,173
210303,168,172
210319,161,161
210336,174,174
210352,174,174
210370,172,174
210387,174,174
210403,154,156
210421,165,148
210437,171,168
210453,168,173
210470,168,172
210486,145,157
210503,171,173
210520,165,173
210537,174,155
210554,166,173
210571,165,162
210588,169,173
210605,151,168
210621,137,134
210639,165,172
210655,156,164
210671,147,165
210688,157,152
210705,171,172
210723,154,150
210739,157,152
210755,167,162
210772,174,173
210788,174,174
210805,165,169
210823,150,142
210840,174,172
210857,174,174
210874,162,167
210891,149,160
210908,162,165
210925,147,165
210942,139,170
210958,161,149
210976,162,167
210993,167,173
211010,160,170
211027,161,167
211043,149,157
211060,167,144
211077,142,141
211093,117,135
211110,123,107
211126,109,104
211143,124,110
211160,148,116
211177,126,115
211194,148,125
211210,171,164
211227,174,171
211244,174,173
211260,172,174
211277,170,160
211294,163,164
211311,161,174
211327,170,164
211345,174,166
211362,169,164
211379,170,174
211395,169,168
211413,173,168
211430,170,173
211446,174,169
211464,171,168
211481,161,163
211498,169,168
211514,163,171
211531,149,145
211548,171,166
211565,156,153
211583,150,157
211600,150,150
211617,161,157
211634,136,147
211651,143,143
211668,146,153
211684,137,135
211701,129,151
211719,136,147
211736,143,149
211753,143,147
211771,142,147
211788,143,149
211805,129,139
211823,168,167
211840,174,174
211857,167,174
211873,173,174
211890,171,173
211907,166,167
211923,167,166
211940,174,173
211956,155,162
211973,143,156
211990,145,126
212007,124,121
212024,120,121
212040,170,170
212057,174,170
212074,169,155
212091,154,145
212108,141,145
212124,145,144
212142,140,123
212158,165,171
212174,163,144
212192,130,139
212208,133,125
212224,125,131
212241,125,113
212257,116,108
212273,155,142
212290,162,139
212307,138,131
212324,151,148
212340,146,163
212356,146,155
212373,172,173
212389,164,165
212406,149,142
212423,170,166
212440,164,162
212456,164,165
212473,168,172
212490,174,169
212507,156,165
212524,173,172
212540,163,162
212557,140,140
212574,152,143
212591,172,172
212607,159,143
212624,159,143
212640,163,149
212657,141,156
212673,148,144
212690,159,123
212706,143,135
212723,143,132
212740,154,141
212757,134,107
212774,130,125
212790,145,132
212807,113,143
212824,113,132
212841,124,130
212857,114,131
212874,115,101
212890,143,154
212907,144,144
212925,135,149
212941,158,155
212957,149,142
212974,119,131
212991,116,115
213008,123,133
213025,151,156
213043,127,125
213060,145,148
213076,118,126
213093,116,132
213111,150,127
213127,149,146
213144,130,111
213160,113,119
213177,140,138
213194,118,124
213211,168,167
213228,170,159
213245,142,159
213262,171,150
213279,170,159
213296,113,115
213313,169,154
213330,141,132
213347,148,137
213363,140,141
213380,147,134
213397,121,130
213414,162,160
213430,130,126
213447,106,122
213464,164,170
213481,112,119
213497,100,116
213514,145,139
213530,129,124
213548,125,116
213565,148,129
213581,120,113
213599,126,115
213615,121,123
213631,114,107
213648,138,135
213664,111,99
213681,94,72
213698,97,81
213714,94,85
213731,116,102
213749,120,103
213766,174,174
213783,167,154
213800,144,152
213817,150,151
213834,143,135
213851,128,132
213868,171,156
213884,162,163
213902,130,115
213919,107,111
213936,119,112
213953,100,93
213969,102,105
213986,110,124
214002,115,129
214019,113,112
214035,116,107
214052,114,107
214070,114,101
214087,150,114
214104,144,145
214120,132,139
214136,117,106
214154,124,143
214171,127,139
214187,150,163
214205,116,106
214221,111,113
214238,119,117
214254,107,111
214270,100,123
214287,111,139
214303,111,139
214321,109,124
214337,109,104
214355,108,120
214372,112,116
214389,91,101
214406,138,117
214423,110,92
214440,90,79
214457,114,127
214474,108,90
214490,90,84
214507,136,134
214523,119,113
214540,128,108
214556,128,115
214573,126,120
214591,111,108
214608,113,105
214625,118,102
214642,104,87
214658,105,82
214676,111,95
214692,116,88
214710,102,101
214726,107,106
214743,112,101
214760,101,93
214777,97,102
214794,86,85
214811,79,79
214828,114,128
214844,143,150
214860,141,132
214877,147,136
214893,148,139
214910,121,128
214927,122,121
214943,116,120
214960,111,108
214976,112,111
214993,113,103
215009,107,107
215026,113,106
215043,113,106
215059,109,96
215077,95,101
215093,103,115
215110,104,104
215127,102,103
215144,115,102
215160,134,145
215177,133,129
215194,120,111
215211,122,108
215227,111,100
215243,99,105
215261,168,159
215278,141,148
215294,141,148
215311,106,128
215328,112,108
215345,105,106
215362,113,133
215379,128,141
215396,125,122
215412,125,122
215428,114,106
215446,112,91
215462,88,85
215479,174,174
215496,159,158
215513,142,157
215530,155,165
215547,151,148
215564,141,144
215581,124,121
215597,125,107
215613,114,109
215630,113,112
215646,96,95
215662,96,95
215679,88,83
215695,148,146
215711,131,145
215728,113,125
215746,114,105
215763,109,120
215780,104,102
215797,101,102
215813,86,81
215830,86,74
215848,94,91
215865,87,80
215881,91,90
215898,77,69
215915,153,143
215932,125,136
215949,152,138
215967,121,129
215984,130,128
216001,146,123
216018,125,112
216034,125,112
216051,116,119
216068,111,133
216086,117,125
216102,95,100
216118,116,109
216136,125,117
216152,125,117
216169,126,114
216187,107,116
216203,123,105
216220,132,123
216236,132,149
216253,132,145
216270,143,145
216286,137,136
216303,140,126
216320,125,135
216337,130,146
216353,113,133
216370,116,133
216387,121,112
216404,121,112
216421,121,106
216438,118,103
216455,109,107
216472,113,80
216489,98,99
216507,115,114
216523,115,114
216540,108,131
216556,140,129
216573,150,134
216590,145,136
216607,139,123
216623,149,154
216640,159,127
216656,149,154
216673,146,137
216690,143,115
216707,128,143
216723,129,130
216740,131,133
216758,121,117
216774,113,117
216791,126,108
216807,107,111
216824,104,103
216840,95,97
216857,117,117
216873,110,136
216890,128,136
216906,125,133
216923,121,128
216940,143,152
216956,155,173
216972,150,174
216989,174,174
217006,174,174
217023,174,171
217040,170,168
217057,161,165
217073,147,144
217091,160,152
217107,154,129
217124,157,158
217140,155,150
217157,162,151
217174,165,154
217190,172,173
217206,174,164
217222,173,160
217240,155,152
217256,147,156
217273,134,147
217290,146,150
217307,163,146
217323,151,147
217340,158,143
217357,149,148
217374,139,149
217390,150,146
217407,158,132
217424,121,121
217441,106,100
217458,116,96
217474,112,101
217491,102,100
217509,116,122
217525,108,111
217542,119,135
217559,117,161
217577,124,112
217593,170,137
217610,173,140
217627,159,125
217644,154,155
217661,130,129
217677,131,152
217694,129,130
217711,132,157
217728,119,145
217744,155,140
217761,133,133
217779,121,148
217796,146,147
217813,141,118
217831,128,118
217847,128,129
217863,132,113
217881,115,128
217897,137,134
217914,142,100
217931,123,125
217947,135,129
217964,128,137
217981,133,125
217997,121,111
218014,110,116
218031,106,105
218047,108,95
218064,107,113
218080,88,82
218096,72,86
218113,100,96
218131,91,94
218148,90,105
218164,135,145
218181,109,111
218198,112,111
218215,169,170
218232,115,173
218248,113,127
218265,165,170
218282,96,126
218298,114,121
218315,164,164
218331,121,102
218348,87,83
218364,87,83
218381,95,101
218397,105,141
218414,96,100
218431,94,114
218447,86,82
218464,69,84
218481,138,148
218497,166,158
218513,163,140
218530,124,127
218547,112,129
218563,129,124
218580,155,163
218597,121,138
218615,121,138
218632,152,150
218649,145,144
218665,163,156
218682,161,164
218699,173,162
218716,138,151
218733,138,151
218750,151,163
218766,146,151
218783,153,159
218799,156,163
218816,159,168
218832,141,150
218850,152,149
218867,120,126
218883,121,131
218900,137,143
218917,172,146
218934,172,146
218950,165,150
218966,160,158
218983,160,158
218999,138,163
219015,145,139
219032,129,135
219048,153,163
219066,131,137
219083,118,119
219100,121,111
219116,117,125
219133,135,137
219149,134,152
219166,139,123
219183,126,136
219199,124,163
219216,154,126
219233,154,126
219249,145,149
219266,151,127
219283,163,121
219299,140,143
219316,151,149
219332,149,140
219349,134,134
219365,155,160
219382,156,159
219398,145,172
219415,161,158
219432,137,148
219448,151,170
219466,170,150
219482,159,161
219498,163,148
219515,169,143
219531,143,139
219548,168,153
219565,149,134
219581,106,140
219597,120,135
219614,150,115
219632,123,143
219648,156,138
219665,117,152
219682,113,122
219699,105,128
219716,108,151
219732,95,106
219749,96,75
219765,99,115
219783,115,108
219800,98,98
219817,167,166
219834,102,113
219850,103,98
219867,168,166
219883,136,144
219899,171,170
219916,92,92
219932,123,106
219949,104,124
219965,98,92
219982,140,151
219999,117,99
220015,146,146
220032,155,158
220049,90,108
220066,164,160
220082,142,130
220098,120,113
220116,134,125
220132,125,106
220149,119,118
220166,107,91
220182,94,103
220198,81,94
220214,81,94
220232,109,94
220248,93,85
220264,107,94
220282,83,91
220299,85,92
220315,88,84
220331,88,84
220349,89,83
220366,173,171
220382,174,172
220399,150,132
220415,136,114
220431,146,157
220448,150,151
220466,144,145
220482,145,151
220498,143,155
220515,153,143
220532,149,148
220549,150,141
220567,158,148
220583,158,148
220600,135,145
220616,134,120
220633,102,105
220650,111,99
220667,91,85
220685,80,75
220701,74,71
220717,63,74
220734,71,59
220751,81,82
220768,83,70
220785,72,76
220802,70,74
220818,78,70
220834,78,70
220851,67,64
220867,75,67
220883,61,64
220900,77,87
220917,63,82
220934,93,98
220950,99,96
220967,104,100
220984,102,110
221001,85,89
221017,95,88
221033,93,81
221050,82,91
221067,94,99
221083,86,94
221099,82,86
221116,69,76
221132,75,71
221149,88,87
221166,106,98
221183,86,79
221200,92,94
221217,100,83
221234,91,84
221250,80,83
221268,78,71
221285,62,74
221301,60,76
221319,53,67
221335,69,67
221351,69,74
221368,125,145
221384,113,133
221401,118,133
221418,92,79
221436,98,104
221453,78,98
221470,91,74
221488,143,151
221504,136,138
221522,125,140
221539,96,102
221556,105,85
221572,97,73
221589,89,78
221606,91,81
221623,98,71
221639,62,65
221657,67,73
221674,61,58
221691,56,72
221707,57,68
221724,68,68
221740,63,80
221756,52,66
221772,56,62
221790,127,129
221806,154,166
221824,132,145
221841,129,133
221858,129,140
221874,128,141
221890,101,113
221907,98,78
221924,80,73
221941,79,69
221958,75,79
221975,65,74
221992,66,71
222009,52,69
222025,61,71
222041,65,60
222058,59,62
222074,60,58
222090,66,62
222107,71,69
222123,155,149
222141,146,157
222157,133,155
222173,125,144
222191,133,145
222207,121,136
222224,101,96
222241,102,121
222257,132,143
222273,107,107
222291,106,110
222308,98,102
222324,80,102
222340,134,145
222357,116,120
222374,105,96
222390,75,79
222407,71,81
222423,85,70
222440,116,68
222456,143,146
222474,113,96
222491,99,99
222508,84,86
222524,70,69
222541,79,82
222557,82,77
222574,79,83
222590,71,87
222607,65,69
222623,70,70
222641,74,74
222658,97,106
222674,97,106
222690,93,104
222707,88,103
222725,84,92
222742,68,74
222759,105,132
222777,171,174
222794,164,162
222810,168,172
222826,161,173
222842,173,174
222859,160,171
222877,158,149
222893,173,167
222910,147,154
222926,131,138
222942,146,136
222959,98,100
222976,162,155
222992,138,117
223008,121,130
223025,125,117
223042,156,166
223059,126,119
223077,149,155
223094,149,143
223111,139,154
223128,119,146
223144,134,133
223162,126,115
223179,124,104
223196,147,128
223212,124,110
223229,130,143
223247,157,156
223264,165,166
223280,161,159
223297,159,153
223313,156,159
223330,148,147
223348,145,149
223365,142,142
223382,141,136
223399,143,136
223417,167,151
223434,159,159
223451,160,147
223467,151,148
223484,145,120
223501,133,117
223518,116,120
223535,116,120
223551,114,114
223569,121,106
223586,91,93
223602,99,109
223619,99,80
223637,101,80
223654,88,83
223670,104,103
223687,92,115
223703,112,127
223720,158,151
223737,170,171
223754,144,143
223771,157,144
223789,173,171
223805,151,145
223821,154,141
223838,163,144
223856,146,137
223872,129,157
223889,112,130
223906,167,146
223922,148,135
223939,161,151
223957,167,155
223974,174,173
223991,168,166
224007,154,150
224023,160,146
224040,152,119
224057,169,173
224073,174,165
224090,155,161
224107,146,149
224123,127,134
224140,111,114
224157,120,119
224174,105,110
224190,109,105
224207,114,88
224224,106,88
224240,74,79
224257,99,116
224274,99,116
224291,110,111
224307,107,117
224324,106,104
224340,89,92
224357,134,113
224373,128,139
224391,141,132
224408,132,128
224424,136,122
224441,112,127
224458,111,109
224475,129,109
224493,92,108
224510,94,167
224527,168,174
224543,99,95
224560,96,168
224576,108,109
224592,88,87
224610,159,164
224627,80,100
224643,80,100
224660,162,134
224677,117,88
224693,96,82
224710,157,149
224727,149,95
224743,146,96
224761,110,115
224778,155,158
224795,173,164
224812,137,104
224829,144,139
224845,155,146
224863,156,155
224880,142,142
224897,140,139
224914,171,171
224931,155,155
224947,156,167
224964,173,174
224982,172,174
224999,171,159
225015,162,164
225032,157,161
225049,164,163
225066,162,155
225082,173,172
225099,152,157
225116,174,174
225134,174,174
225151,150,143
225167,141,154
225183,171,173
225200,118,124
225217,169,169
225233,155,165
225250,168,174
225267,169,173
225283,171,171
225300,174,173
225317,168,164
225333,174,173
225351,174,170
225367,138,130
225384,138,130
225400,107,106
225417,96,96
225434,152,143
225451,128,156
225468,117,119
225484,140,129
225500,152,134
225518,112,124
225534,134,135
225551,174,173
225568,174,174
225584,173,174
225601,157,160
225619,161,161
225635,166,161
225652,169,173
225668,151,157
225685,159,153
225701,158,156
225718,168,168
225735,161,160
225752,161,160
225769,174,174
225785,174,174
225801,165,158
225818,140,148
225835,109,125
225852,120,125
225869,142,137
225885,126,143
225902,141,152
225918,147,141
225935,150,163
225952,152,146
225969,155,168
225985,160,152
226002,160,152
226020,142,132
226036,156,152
226052,145,120
226069,126,120
226086,174,174
226102,169,172
226119,172,168
226136,160,169
226153,169,171
226170,170,160
226186,174,171
226203,173,167
226220,132,135
226237,140,108
226253,121,114
226269,107,114
226287,86,76
226304,109,126
226321,111,109
226339,90,95
226357,97,122
226374,123,120
226392,110,84
226409,169,169
226425,137,140
226442,146,152
226459,171,172
226476,163,164
226492,163,164
226510,157,155
226527,156,152
226543,153,157
226559,153,157
226576,144,147
226593,148,147
226609,142,138
226626,174,174
226642,162,165
226659,164,161
226675,130,126
226693,120,117
226710,118,103
226727,109,112
226744,135,143
226761,112,127
226777,75,83
226794,66,76
226810,59,62
226827,162,160
226844,151,151
226861,118,119
226877,99,97
226894,96,88
226910,63,58
226927,166,167
226944,174,174
226961,173,174
226978,170,174
226996,150,149
227013,156,155
227029,150,150
227046,172,172
227063,174,160
227080,151,144
227097,157,133
227113,159,139
227130,127,119
227146,143,133
227163,135,134
227179,144,138
227197,124,135
227213,159,167
227229,173,173
227246,174,166
227262,143,145
227278,147,155
227295,141,144
227313,163,164
227329,171,167
227346,154,143
227362,142,145
227379,144,149
227396,151,150
227413,167,172
227430,174,174
227447,174,174
227464,174,174
227480,174,174
227497,174,174
227513,174,169
227530,171,174
227547,163,160
227564,154,154
227581,150,159
227597,157,158
227613,156,158
227630,159,152
227647,150,152
227663,148,140
227680,161,153
227696,155,159
227713,147,158
227730,143,135
227747,130,136
227763,124,119
227780,99,93
227798,151,151
227814,172,170
227831,172,174
227847,163,167
227864,170,169
227880,174,174
227897,173,173
227915,165,168
227932,161,152
227949,149,152
227967,128,133
227984,154,145
228001,150,152
228018,157,164
228035,141,143
228052,154,163
228068,159,161
228085,156,151
228101,162,149
228118,144,159
228135,128,135
228151,154,164
228167,145,153
228184,157,163
228200,146,149
228217,125,127
228234,170,168
228251,144,145
228268,148,152
228284,164,166
228301,153,158
228318,161,163
228335,173,173
228352,147,142
228368,147,145
228385,152,154
228403,172,172
228419,168,168
228435,159,160
228451,153,147
228469,161,159
228485,149,149
228502,138,143
228518,140,143
228535,171,170
228551,170,171
228567,140,134
228585,140,134
228602,135,142
228618,148,152
228635,105,105
228653,164,166
228671,173,172
228688,173,174
228705,174,172
228722,172,171
228738,169,167
228755,168,169
228772,174,174
228788,154,161
228806,169,167
228822,167,164
228839,156,156
228856,132,142
228873,171,171
228890,173,172
228907,173,173
228923,155,153
228940,138,136
228957,133,131
228975,174,174
228992,174,173
229009,167,171
229025,158,154
229041,162,158
229058,155,157
229074,155,157
229091,174,174
229108,136,145
229125,158,151
229142,174,174
229158,164,166
229176,173,173
229192,174,174
229208,174,174
229225,171,174
229241,171,172
229258,159,151
229275,130,127
229292,126,114
229309,166,166
229327,141,146
229343,129,127
229360,150,151
229377,119,117
229393,97,109
229410,150,158
229427,163,160
229444,163,160
229460,129,137
229477,133,125
229493,121,133
229510,116,123
229527,108,113
229543,110,120
229560,123,123
229577,110,113
229593,104,100
229610,114,115
229627,174,173
229643,169,174
229660,165,166
229677,166,158
229694,166,158
229711,160,144
229727,152,125
229744,133,139
229761,154,150
229777,152,153
229794,158,153
229812,127,138
229829,169,171
229845,173,168
229861,161,158
229878,156,157
229894,167,173
229911,162,168
229928,151,143
229945,166,172
229962,163,171
229980,174,173
229996,154,153
230013,147,139
230030,153,137
230047,151,150
230063,151,150
230081,140,140
230098,118,114
230115,121,123
230132,121,112
230148,160,167
230164,143,143
230181,140,138
230198,93,103
230214,66,94
230231,67,82
230248,66,51
230266,172,160
230282,142,135
230299,139,136
230316,114,119
230332,114,117
230349,123,111
230366,174,174
230382,172,167
230398,167,172
230415,167,172
230432,156,157
230449,140,153
230466,141,144
230483,170,169
230501,156,147
230517,143,146
230533,148,146
230551,144,137
230568,140,140
230585,168,170
230603,172,172
230620,157,167
230637,142,151
230654,129,145
230671,152,161
230688,159,171
230705,169,163
230722,160,158
230739,145,150
230755,168,162
230772,151,148
230789,171,172
230807,138,139
230824,165,170
230840,172,171
230857,174,174
230874,170,172
230891,174,174
230909,174,174
230925,174,174
230941,174,174
230958,173,173
230974,162,149
230991,159,141
231007,174,170
231025,166,157
231041,141,156
231057,170,159
231075,138,148
231091,168,173
231108,151,143
231124,172,172
231141,172,160
231157,166,146
231175,156,167
231192,155,144
231208,144,148
231224,161,162
231241,173,164
231259,160,167
231276,158,159
231292,158,159
231308,136,140
231326,170,168
231342,174,174
231359,156,147
231377,134,144
231394,124,122
231410,127,115
231426,116,117
231443,169,170
231461,162,163
231478,164,162
231495,169,171
231512,169,170
231528,156,152
231546,171,168
231562,174,163
231578,153,151
231595,155,146
231612,141,146
231629,147,135
231645,174,174
231662,174,174
231679,174,174
231695,174,174
231712,166,173
231729,147,152
231745,148,150
231761,173,173
231778,154,156
231796,143,137
231813,141,146
231831,161,166
231848,161,158
231865,155,162
231882,154,159
231899,161,162
231916,170,165
231932,170,158
231949,160,174
231966,172,172
231982,174,174
231999,139,146
232016,132,138
232033,132,138
232050,137,121
232067,103,100
232083,169,168
232099,170,173
232117,158,164
232134,165,165
232151,160,155
232168,157,151
232184,158,154
232201,170,155
232217,169,159
232234,146,134
232251,123,136
232267,115,120
232283,109,112
232301,159,171
232317,133,154
232334,144,127
232350,161,151
232367,161,150
232384,164,147
232400,160,158
232417,172,171
232433,174,152
232450,161,147
232467,153,140
232483,144,145
232500,171,171
232516,174,174
232532,174,173
232550,154,161
232566,178,174
232584,175,174
232600,167,169
232617,174,174
232633,174,174
232650,169,174
232666,168,161
232683,143,154
232700,146,150
232717,149,150
232733,157,154
232750,141,153
232767,143,138
232783,136,156
232800,144,135
232816,136,143
232833,156,170
232850,157,161
232867,149,168
232884,159,152
232901,156,149
232917,162,172
232934,152,167
232951,174,152
232968,153,159
232986,174,143
233002,172,140
233019,159,161
233036,156,167
233052,173,173
233068,160,161
233086,170,144
233103,170,144
233119,142,160
233135,164,152
233156,133,160
233172,159,173
233189,142,150
233205,172,158
233222,151,154
233239,152,155
233256,172,173
233272,174,174
233289,153,154
233307,157,160
233323,173,171
233339,172,172
233356,162,146
233373,155,172
233389,173,171
233406,171,167
233423,162,165
233439,126,130
233456,142,145
233473,152,155
233489,162,166
233506,150,155
233522,134,140
233538,145,151
233555,139,134
233572,103,103
233588,94,116
233604,77,87
233621,115,135
233638,75,79
233655,124,86
233672,98,116
233689,151,153
233706,112,121
233722,82,87
233739,158,165
233756,137,139
233773,97,91
233790,173,172
233807,165,168
233823,153,158
233840,163,172
233857,166,170
233874,166,170
233891,153,159
233907,173,173
233923,166,156
233940,123,131
233956,103,114
233972,89,103
233989,94,91
234006,100,95
234023,103,101
234040,91,79
234057,103,82
234074,99,88
234091,76,78
234108,121,125
234125,168,170
234141,174,174
234158,164,167
234176,157,156
234193,143,140
234210,138,133
234228,130,125
234244,130,125
234261,141,144
234278,163,156
234294,169,166
234311,159,164
234329,173,173
234346,174,174
234363,174,174
234379,171,174
234396,152,149
234414,166,164
234431,134,122
234448,165,174
234464,150,166
234481,160,160
234498,166,162
234515,162,166
234532,126,121
234548,170,168
234565,155,152
234582,138,142
234599,144,150
234617,160,148
234634,145,152
234650,169,168
234667,159,174
234684,171,174
234701,143,154
234717,160,167
234735,160,167
234751,135,148
234768,174,174
234784,174,158
234802,152,147
234818,174,145
234835,162,155
234852,152,135
234868,172,168
234884,174,168
234901,163,159
234917,173,171
234934,141,149
234950,147,144
234967,174,173
234984,174,173
235001,159,158
235017,153,131
235034,172,155
235052,134,134
235068,148,148
235084,172,172
235102,124,127
235119,157,151
235136,142,149
235153,147,148
235170,152,151
235187,174,173
235205,127,134
235222,138,132
235239,151,139
235257,166,168
235273,162,158
235290,156,152
235307,168,162
235323,171,165
235341,160,161
235358,155,154
235374,158,158
235390,149,151
235407,165,166
235423,157,163
235440,150,153
235456,129,136
235473,129,136
235490,113,117
235506,169,169
235524,155,155
235541,173,171
235558,166,168
235574,158,157
235591,153,161
235608,158,160
235624,173,173
235640,154,160
235656,152,143
235673,152,153
235690,153,150
235707,92,107
235724,92,107
235740,158,160
235756,169,162
235773,167,160
235790,131,118
235807,87,77
235824,165,167
235841,174,174
235858,172,174
235875,170,171
235891,165,166
235908,165,163
235925,173,173
235942,170,172
235959,153,155
235975,156,156
235991,171,172
236009,174,174
236026,173,170
236043,174,174
236061,174,174
236078,158,161
236094,158,161
236111,131,139
236128,138,133
236145,129,125
236162,125,128
236178,131,140
236196,126,133
236212,126,133
236229,123,128
236246,120,119
236262,157,161
236280,145,145
236296,129,135
236312,126,124
236329,122,120
236345,115,122
236361,123,121
236378,174,174
236395,174,171
236412,152,148
236428,130,129
236445,129,128
236462,119,120
236478,166,164
236495,154,151
236512,174,171
236528,172,170
236544,174,174
236561,168,168
236578,128,129
236594,170,170
236611,129,124
236627,126,117
236643,170,169
236660,125,126
236677,168,169
236694,166,170
236710,146,144
236727,173,173
236745,164,164
236762,173,171
236778,148,146
236794,141,138
236811,161,168
236828,165,168
236844,170,174
236862,145,154
236878,132,131
236895,157,156
236912,160,154
236928,147,137
236945,129,127
236962,120,114
236979,119,114
236996,108,99
237012,169,155
237030,114,99
237046,117,96
237064,103,107
237080,85,89
237097,71,76
237114,72,75
237131,113,106
237148,76,70
237165,59,58
237182,59,62
237199,68,59
237215,167,166
237232,174,174
237251,166,166
237268,164,164
237286,152,153
237302,148,148
237319,145,144
237336,172,159
237353,174,169
237371,155,155
237387,144,149
237403,150,150
237420,134,147
237437,160,152
237453,134,141
237470,151,141
237487,136,141
237504,149,122
237522,122,128
237539,170,171
237555,174,174
237572,173,174
237588,142,144
237605,133,142
237621,132,140
237638,135,140
237656,171,171
237673,134,126
237690,149,139
237707,155,154
237724,173,173
237741,174,169
237758,173,173
237775,174,174
237792,173,174
237809,168,174
237826,159,154
237842,149,146
237860,145,125
237876,148,158
237893,157,140
237910,126,134
237927,167,171
237943,140,135
237960,169,162
237976,172,171
237993,174,158
238010,164,149
238027,123,145
238043,113,125
238060,135,135
238078,173,174
238094,152,168
238110,161,157
238126,120,134
238143,170,171
238160,127,110
238177,119,119
238193,147,144
238210,169,174
238227,167,164
238243,167,166
238260,164,156
238277,163,152
238294,158,159
238311,172,163
238327,150,164
238343,114,122
238360,147,153
238377,121,121
238393,149,152
238410,115,132
238427,93,108
238444,137,144
238461,105,105
238477,99,111
238493,136,132
238510,120,129
238527,102,86
238543,89,87
238560,88,79
238576,104,95
238593,127,111
238614,82,81
238631,144,143
238648,156,153
238665,164,162
238682,173,173
238700,170,171
238717,174,174
238733,168,164
238750,163,163
238767,161,173
238783,162,166
238800,160,160
238817,173,174
238834,172,174
238851,174,162
238868,144,136
238885,171,164
238903,145,147
238919,168,159
238935,172,172
238951,174,172
238969,174,169
238985,174,174
239002,163,165
239019,161,167
239037,169,174
239053,171,173
239071,163,146
239087,148,150
239104,152,153
239121,131,144
239138,141,140
239154,135,127
239171,133,167
239187,150,157
239204,138,135
239222,127,140
239239,114,113
239256,174,174
239272,170,172
239288,174,174
239306,162,156
239323,147,152
239339,150,150
239357,172,171
239374,174,174
239391,154,154
239407,159,158
239423,140,143
239440,153,162
239457,164,170
239474,173,174
239491,174,174
239507,168,166
239525,165,167
239542,164,160
239559,133,138
239576,155,145
239593,163,144
239609,139,166
239625,155,132
239643,150,145
239659,155,145
239675,159,129
239692,159,164
239708,154,162
239725,128,131
239742,148,149
239758,133,138
239775,152,148
239792,134,122
239809,170,174
239826,169,174
239842,174,172
239860,165,169
239877,163,166
239893,167,165
239910,174,173
239927,147,156
239943,133,147
239960,118,131
239977,101,126
239993,95,116
240009,106,110
240026,120,128
240042,104,110
240059,80,97
240075,91,99
240092,109,90
240108,167,168
240124,171,174
240141,141,142
240157,161,156
240173,159,164
240190,174,166
240208,160,171
240224,164,158
240241,159,156
240257,162,165
240274,162,165
240291,151,156
240307,146,147
240323,144,141
240341,169,174
240357,160,173
240374,162,167
240391,125,124
240408,111,112
240424,112,119
240440,121,169
240457,141,144
240474,126,131
240490,76,111
240507,95,108
240524,95,108
240541,141,146
240558,143,159
240576,126,107
240592,106,98
240609,86,100
240625,95,83
240642,95,83
240658,173,174
240675,169,172
240692,170,174
240708,154,155
240724,153,159
240741,151,150
240757,151,154
240773,172,172
240790,168,173
240807,159,147
240823,152,144
240841,130,120
240857,168,171
240874,174,171
240890,167,172
240907,128,129
240923,118,140
240939,118,118
240956,132,127
240972,171,162
240989,174,169
241005,174,174
241023,157,167
241040,155,142
241056,134,114
241073,121,120
241090,149,151
241106,130,140
241123,123,133
241140,170,167
241158,161,164
241175,167,164
241192,174,173
241208,174,174
241225,174,172
241241,163,171
241257,150,157
241275,135,126
241291,127,140
241307,169,172
241324,165,162
241342,161,157
241359,148,160
241376,141,144
241393,148,143
241410,147,148
241427,157,164
241443,155,142
241460,147,135
241477,132,125
241495,135,124
241512,171,165
241528,174,171
241545,157,171
241562,144,158
241579,138,144
241596,117,144
241613,154,166
241629,173,172
241646,139,144
241662,141,142
241678,123,120
241695,124,124
241711,122,125
241728,149,148
241745,129,133
241762,120,124
241779,117,122
241796,116,115
241812,116,118
241830,169,169
241847,138,150
241865,128,137
241881,127,128
241898,135,140
241914,133,138
241931,109,111
241948,86,95
241964,108,106
241981,129,132
241998,143,144
242015,147,147
242032,139,139
242048,171,171
242065,119,125
242081,168,171
242097,173,174
242114,160,164
242130,173,164
242147,174,173
242163,155,152
242181,153,155
242198,171,157
242214,174,171
242231,157,158
242248,167,162
242265,174,174
242282,170,174
242299,160,154
242315,161,148
242333,150,162
242349,136,134
242365,170,171
242382,139,145
242399,171,168
242416,179,180
242433,166,167
242450,159,159
242467,172,173
242484,172,171
242501,147,161
242518,144,148
242535,137,141
242551,152,136
242567,142,132
242584,149,157
242601,140,153
242618,142,117
242634,136,137
242651,116,118
242667,122,126
242684,158,168
242704,174,172
242720,174,174
242737,172,171
242754,167,170
242771,166,171
242788,173,174
242804,172,174
242821,148,162
242837,162,174
242854,164,172
242871,173,172
242888,171,171
242905,174,174
242921,174,174
242937,156,161
242953,168,171
242971,144,150
242988,136,132
243005,132,121
243023,120,123
243040,111,117
243057,134,132
243073,126,138
243090,126,145
243107,139,133
243123,147,160
243140,150,151
243157,148,154
243174,149,133
243191,141,131
243207,149,141
243224,172,169
243241,174,164
243258,173,159
243274,162,161
243290,133,137
243307,117,119
243323,119,129
243340,173,173
243358,165,174
243374,167,163
243391,169,174
243408,168,174
243424,141,140
243441,158,160
243458,173,174
243474,173,174
243492,159,171
243509,149,159
243526,116,125
243543,169,170
243561,150,150
243578,168,167
243595,158,165
243612,171,174
243629,164,166
243645,172,159
243662,163,156
243679,164,163
243696,164,156
243714,136,136
243731,123,126
243747,150,150
243764,153,154
243780,174,166
243797,174,166
243813,158,152
243831,135,120
243847,144,118
243863,145,111
243880,133,122
243898,102,91
243914,97,86
243930,85,90
243947,77,94
243963,77,94
243981,167,152
243998,125,127
244015,109,103
244032,98,112
244048,85,87
244067,165,168
244083,173,174
244101,170,165
244117,173,174
244134,174,170
244151,155,157
244167,153,151
244184,151,154
244202,174,171
244219,174,172
244235,173,174
244252,141,149
244269,149,153
244287,171,171
244304,174,174
244321,174,169
244338,165,159
244355,172,156
244371,141,141
244388,149,153
244405,173,174
244422,174,170
244439,167,166
244455,142,145
244473,144,143
244490,146,144
244507,172,171
244524,162,167
244540,157,153
244556,174,167
244573,174,174
244589,167,171
244607,156,152
244623,173,172
244640,174,174
244656,171,174
244673,161,146
244691,117,133
244708,123,123
244725,123,102
244741,108,102
244758,110,102
244775,110,103
244791,98,83
244807,84,79
244825,86,95
244841,151,154
244858,161,153
244875,156,129
244892,139,115
244909,102,99
244925,143,149
244942,157,147
244958,156,149
244975,139,129
244992,130,124
245008,105,128
245026,127,131
245043,162,171
245061,149,155
245078,135,130
245094,124,133
245110,100,104
245127,91,89
245143,86,84
245160,167,168
245177,165,165
245193,165,165
245210,169,165
245227,161,160
245244,151,150
245261,145,145
245278,105,116
245294,79,82
245311,66,61
245328,65,67
245345,54,62
245361,62,71
245378,67,74
245394,73,88
245412,88,95
245430,85,88
245447,88,85
245464,94,93
245481,168,168
245498,128,132
245514,135,139
245531,165,166
245549,163,160
245565,165,166
245582,154,155
245598,164,166
245615,166,171
245632,152,167
245649,173,173
245665,150,164
245682,163,169
245699,173,174
245716,150,150
245732,138,144
245749,172,171
245765,115,122
245782,103,106
245798,163,157
245815,163,157
245831,171,174
245847,172,164
245864,167,153
245880,155,148
245896,154,154
245913,170,174
245930,174,174
245947,145,144
245964,165,169
245980,133,156
245997,145,147
246013,164,172
246030,158,153
246048,161,154
246064,161,154
246081,138,145
246097,161,145
246114,173,168
246131,161,164
246147,166,173
246164,163,168
246181,155,144
246197,147,146
246214,144,148
246231,162,168
246247,167,174
246263,150,161
246281,176,174
246297,175,174
246314,164,165
246330,174,174
246347,174,174
246363,174,174
246379,169,169
246396,171,162
246412,147,156
246429,136,134
246446,149,154
246462,146,152
246478,130,123
246494,139,143
246511,129,132
246528,136,138
246544,145,149
246560,148,146
246577,149,163
246594,151,157
246610,150,142
246628,160,169
246644,148,163
246661,174,174
246678,174,174
246696,174,154
246712,171,145
246729,150,143
246746,154,154
246762,172,172
246779,163,155
246796,165,166
246812,170,142
246830,141,165
246847,172,156
246863,127,120
246879,158,171
246896,144,147
246912,147,172
246929,172,153
246947,162,144
246963,141,152
246980,174,174
246997,161,151
247013,161,162
247030,173,166
247047,172,174
247064,169,173
247080,154,148
247097,165,166
247113,173,168
247130,163,171
247147,128,146
247164,128,146
247181,149,140
247198,157,161
247215,156,154
247233,133,140
247249,145,146
247265,113,110
247282,109,109
247299,169,165
247316,128,112
247332,170,169
247350,102,102
247367,163,167
247384,109,117
247401,153,154
247417,156,150
247434,116,118
247450,143,151
247467,133,142
247484,105,97
247501,173,172
247518,167,159
247534,167,159
247551,173,172
247568,170,166
247585,169,171
247601,158,158
247617,173,173
247634,166,160
247650,126,126
247667,139,107
247684,109,116
247701,83,94
247717,97,95
247734,106,92
247751,98,72
247768,112,88
247784,112,88
247801,80,79
247817,78,70
247834,150,137
247852,149,148
247868,136,152
247884,122,130
247901,120,121
247918,123,132
247934,107,117
247951,130,123
247968,145,141
247985,148,138
248002,174,174
248019,165,169
248036,166,168
248052,174,174
248068,174,174
248085,173,173
248103,143,153
248119,117,133
248135,150,134
248156,163,165
248172,145,159
248189,125,156
248205,165,166
248222,165,141
248239,135,130
248255,122,119
248272,156,150
248289,140,134
248306,144,131
248323,116,117
248340,94,108
248357,156,161
248373,167,173
248390,159,163
248407,122,144
248423,143,132
248440,114,146
248457,119,123
248473,160,159
248490,174,157
248507,146,138
248524,146,138
248541,169,136
248558,133,125
248575,135,136
248592,145,135
248608,108,95
248625,121,97
248642,121,97
248658,170,169
248674,164,159
248691,172,173
248707,164,169
248724,166,163
248741,172,173
248758,174,160
248775,147,141
248791,152,147
248808,164,143
248826,153,157
248842,165,163
248859,169,168
248876,158,159
248892,158,159
248908,173,172
248924,140,135
248941,133,134
248958,168,162
248975,168,164
248991,159,154
249007,155,154
249023,156,158
249040,156,152
249057,149,149
249074,146,147
249090,147,146
249107,168,163
249124,155,160
249140,153,143
249157,140,129
249174,126,121
249191,108,113
249208,106,101
249224,169,168
249242,156,157
249259,164,163
249276,167,167
249292,156,157
249309,152,154
249325,172,169
249341,169,166
249358,124,135
249374,99,110
249390,99,104
249407,100,93
249424,98,81
249441,81,74
249457,77,71
249473,73,70
249491,77,71
249507,84,66
249523,74,71
249540,164,167
249557,172,169
249574,172,172
249591,170,171
249608,170,166
249624,166,167
249641,161,157
249658,138,147
249674,134,140
249691,97,112
249708,98,99
249724,102,100
249741,102,93
249758,169,168
249774,174,174
249791,167,171
249807,168,166
249823,148,152
249840,144,138
249856,136,126
249872,136,126
249890,123,125
249907,122,122
249924,121,123
249940,119,125
249957,122,121
249974,141,138
249990,129,125
250007,125,128
250024,121,123
250041,124,120
250057,116,119
250073,118,119
250089,174,174
250107,169,170
250124,169,170
250140,139,144
250157,127,127
250173,118,117
250190,151,151
250207,144,146
250223,157,157
250240,167,170
250258,164,165
250274,153,145
250290,142,140
250307,160,160
250324,140,141
250340,172,170
250357,160,160
250373,169,167
250390,137,139
250407,171,170
250423,170,174
250440,132,130
250458,144,138
250474,144,141
250490,147,145
250507,149,140
250524,143,139
250541,117,124
250557,135,142
250573,117,132
250590,115,115
250606,117,112
250622,122,116
250640,114,111
250657,92,82
250674,73,79
250691,70,59
250707,75,83
250723,147,146
250739,138,136
250757,136,130
250773,126,129
250790,78,78
250806,59,60
250822,53,51
250840,167,161
250857,156,146
250882,88,87
250900,57,58
250917,56,53
250934,166,166
250950,173,174
250967,172,174
250983,172,174
251001,150,153
251018,146,145
251035,134,134
251052,170,171
251069,171,173
251085,153,155
251102,153,155
251119,132,145
251136,132,143
251152,171,171
251168,157,163
251185,143,150
251203,151,160
251220,158,166
251237,143,158
251254,161,155
251271,174,174
251287,154,157
251304,148,155
251320,139,141
251336,134,152
251353,134,152
251371,136,136
251388,162,156
251406,128,142
251422,139,147
251438,149,160
251455,149,149
251471,158,148
251487,174,174
251504,169,174
251520,157,161
251537,149,137
251553,137,120
251570,109,126
251587,145,147
251604,145,147
251621,126,116
251638,129,125
251655,148,157
251672,129,135
251689,173,173
251706,172,174
251724,172,174
251741,149,143
251757,166,145
251774,158,150
251791,156,161
251809,159,147
251826,147,126
251842,147,126
251858,147,128
251875,138,126
251892,136,115
251909,174,172
251927,171,157
251943,159,151
251961,166,155
251978,132,151
251995,160,146
252012,173,172
252029,174,174
252046,150,147
252062,155,164
252079,140,143
252097,124,132
252113,132,130
252130,174,157
252147,157,141
252164,140,152
252181,174,168
252197,161,165
252215,161,165
252231,173,171
252247,169,174
252264,173,174
252281,152,165
252298,144,164
252315,155,154
252331,147,141
252348,156,150
252366,161,155
252383,168,167
252400,174,174
252416,174,174
252433,174,174
252450,174,174
252466,174,174
252483,174,174
252500,170,173
252517,170,174
252535,168,171
252551,174,174
252567,157,165
252584,157,165
252601,146,160
252617,144,142
252635,123,143
252652,169,170
252669,173,173
252686,170,171
252702,170,171
252719,168,159
252735,162,165
252752,167,174
252770,169,168
252786,152,154
252803,146,130
252820,143,143
252836,127,117
252853,135,133
252870,166,164
252887,153,159
252904,152,145
252921,165,145
252938,126,129
252954,126,129
252970,170,171
252987,170,167
253003,174,174
253020,173,169
253036,173,170
253052,149,156
253069,153,157
253087,163,174
253103,156,169
253120,156,151
253137,174,172
253153,174,174
253169,169,166
253186,174,174
253203,174,174
253219,173,174
253236,160,164
253252,137,136
253269,140,142
253286,150,161
253302,150,148
253320,128,130
253337,134,149
253354,129,137
253370,131,136
253388,140,150
253404,165,160
253421,147,155
253437,140,152
253454,161,145
253471,147,153
253488,154,146
253505,153,159
253522,150,151
253538,157,152
253555,143,145
253572,149,149
253589,150,146
253607,142,139
253624,171,171
253641,154,148
253658,137,140
253675,152,131
253691,149,140
253708,131,131
253724,141,133
253740,156,167
253757,139,149
253773,145,146
253790,164,148
253807,147,147
253823,142,147
253840,174,173
253857,161,162
253874,166,170
253890,156,150
253907,159,151
253923,149,142
253940,159,151
253956,144,147
253973,146,149
253990,157,167
254007,120,138
254023,124,133
254039,170,170
254057,174,167
254074,158,160
254091,153,149
254107,169,161
254124,172,170
254141,165,162
254158,171,174
254174,174,174
254191,166,167
254207,155,152
254223,149,148
254239,145,146
254257,171,171
254274,171,173
254291,145,160
254308,134,132
254325,111,115
254342,117,112
254358,163,167
254376,157,164
254392,173,168
254409,164,169
254426,159,160
254443,167,160
254460,162,162
254476,173,171
254493,169,162
254509,156,136
254525,151,135
254542,140,126
254558,132,129
254574,142,137
254591,139,145
254608,148,139
254625,116,131
254641,122,107
254658,126,136
254674,126,136
254691,145,146
254707,170,170
254724,140,147
254740,169,169
254757,178,178
254773,182,181
254791,144,155
254807,145,145
254825,155,161
254842,139,139
254858,120,112
254875,101,106
254892,93,89
254909,174,174
254926,174,171
254942,173,162
254959,158,156
254976,140,147
254993,138,134
255010,123,129
255027,124,127
255043,124,127
255060,132,118
255076,124,120
255092,117,120
255109,142,130
255126,147,156
255142,133,135
255159,120,133
255176,107,125
255192,117,108
255209,117,123
255227,174,174
255244,174,174
255261,172,174
255278,171,172
255294,171,172
255311,169,174
255328,174,174
255345,162,163
255361,135,132
255378,147,136
255396,125,123
255412,125,123
255429,124,127
255445,172,172
255462,161,158
255480,141,145
255497,130,130
255514,144,144
255531,147,148
255547,171,171
255564,140,142
255581,142,150
255598,151,149
255614,151,149
255631,138,141
255648,159,162
255665,159,162
255683,115,117
255699,126,126
255715,149,150
255731,134,134
255748,147,147
255764,172,172
255780,148,142
255797,147,145
255813,150,148
255831,172,172
255848,168,167
255865,164,164
255882,149,149
255899,158,158
255915,150,149
255932,141,144
255949,142,146
255967,171,172
255983,174,174
256000,159,154
256016,146,151
256034,146,151
256050,165,159
256066,120,100
256082,167,166
256099,169,164
256116,173,174
256132,173,173
256148,174,174
256165,174,174
256182,170,169
256198,157,153
256215,104,106
256232,127,119
256249,125,127
256265,115,119
256282,123,122
256299,138,138
256315,122,125
256335,140,139
256352,139,136
256368,141,140
256385,171,171
256402,171,171
256420,174,174
256437,165,169
256453,162,162
256470,162,157
256487,155,159
256504,173,173
256521,170,172
256539,139,143
256556,152,152
256572,162,164
256589,163,165
256606,173,173
256623,174,174
256640,174,174
256657,159,174
256673,161,160
256690,147,132
256707,132,111
256724,116,112
256741,128,129
256758,123,132
256775,122,130
256791,149,154
256808,134,131
256824,121,116
256841,165,174
256857,140,139
256875,112,132
256891,107,102
256907,96,84
256924,83,78
256941,77,80
256958,41,46
256975,33,38
256992,29,31
257009,28,27
257026,20,21
257042,19,19
257059,125,104
257076,174,173
257092,104,113
257109,174,173
257126,109,109
257143,169,168
257160,161,160
257177,95,96
257194,156,155
257210,151,150
257227,111,111
257244,48,47
257261,118,127
257278,108,111
257295,156,162
257312,103,112
257329,154,152
257346,92,91
257362,92,84
257379,146,141
257396,114,137
257413,109,142
257429,91,144
257446,119,87
257462,82,114
257479,155,156
257495,126,131
257512,131,129
257528,166,167
257545,169,173
257563,159,158
257581,160,157
257597,162,167
257614,164,164
257631,170,164
257647,160,165
257664,160,168
257680,154,153
257696,157,161
257713,161,155
257729,162,153
257745,152,138
257761,145,140
257779,114,131
257795,174,173
257812,161,158
257829,174,172
257845,158,157
257862,167,162
257879,171,157
257897,148,153
257913,167,156
257931,143,136
257947,151,141
257963,147,151
257981,149,144
257997,151,145
258014,147,151
258031,139,141
258048,136,137
258065,152,148
258082,131,138
258098,139,139
258115,156,170
258132,172,174
258150,172,173
258167,174,174
258184,163,168
258200,178,177
258216,174,174
258232,159,162
258249,143,145
258266,142,143
258282,166,163
258300,163,168
258316,157,158
258333,173,173
258350,174,174
258367,174,174
258384,172,173
258400,161,154
258417,136,135
258433,122,115
258450,144,138
258466,120,118
258484,136,123
258501,128,126
258517,119,136
258534,108,117
258551,146,142
258568,130,128
258585,107,108
258602,106,106
258619,112,104
258635,125,93
258651,157,154
258669,156,155
258686,138,156
258702,138,156
258720,95,118
258736,78,94
258752,94,119
258770,159,149
258786,138,139
258802,143,143
258820,126,136
258836,116,123
258852,118,113
258869,170,169
258886,170,170
258903,172,173
258919,171,169
258936,161,161
258952,154,156
258969,172,172
258987,151,141
259004,118,127
259020,97,74
259037,86,91
259062,63,77
259079,171,170
259096,166,161
259113,169,166
259130,166,166
259146,164,163
259163,161,163
259180,156,155
259196,150,151
259213,137,146
259229,136,142
259246,171,172
259263,173,169
259280,171,169
259297,164,164
259313,168,173
259330,173,173
259346,167,174
259362,157,160
259379,148,174
259396,165,163
259412,173,173
259429,136,147
259446,129,135
259463,170,169
259480,146,128
259497,110,106
259513,169,166
259530,167,173
259547,161,169
259565,173,169
259581,160,160
259598,155,152
259615,172,160
259632,163,149
259648,140,138
259664,115,95
259681,101,104
259699,86,87
259716,127,131
259732,142,137
259749,93,117
259766,136,120
259782,154,128
259799,101,118
259816,170,167
259832,174,174
259848,166,163
259866,173,174
259883,162,162
259900,173,172
259917,148,145
259934,172,172
259950,149,158
259967,154,152
259985,156,147
260002,175,174
260019,151,169
260036,172,172
260053,174,174
260069,174,174
260085,158,162
260102,171,171
260118,155,154
260135,143,143
260152,156,166
260169,131,138
260185,133,128
260201,133,130
260219,128,142
260235,137,137
260251,135,133
260268,146,147
260285,141,156
260302,142,145
260319,142,135
260336,144,171
260353,135,169
260369,168,166
260385,154,163
260403,156,155
260424,170,146
260442,146,138
260459,142,145
260475,171,173
260492,174,174
260508,161,168
260524,162,152
260540,146,166
260557,140,145
260573,142,129
260590,148,154
260606,173,154
260623,136,138
260640,161,151
260656,155,136
260672,142,143
260689,151,174
260707,169,174
260724,145,156
260740,143,154
260757,137,163
260773,148,163
260790,172,156
260807,170,167
260825,158,167
260841,151,157
260857,107,126
260874,148,158
260891,162,158
260907,174,174
260923,150,152
260940,148,150
260957,165,158
260974,168,160
260990,159,156
261007,173,173
261024,174,173
261041,149,152
261058,145,152
261074,145,152
261091,140,151
261109,139,140
261125,171,173
261141,169,174
261157,124,130
261174,106,118
261190,107,103
261207,102,103
261223,168,168
261240,174,174
261256,173,174
261273,159,158
261290,151,156
261307,145,147
261324,145,147
261341,173,168
261358,132,132
261374,147,135
261390,142,141
261407,136,135
261423,127,116
261440,118,118
261457,99,98
261473,91,84
261490,67,67
261506,72,55
261523,61,52
261539,166,166
261557,174,174
261573,173,174
261590,174,174
261607,171,173
261623,156,155
261640,174,174
261657,174,174
261673,171,174
261689,166,171
261707,172,164
261724,155,152
261740,144,136
261757,171,171
261774,174,174
261790,174,168
261807,173,166
261824,168,154
261841,152,145
261858,148,150
261875,161,168
261892,140,148
261908,169,147
261924,169,170
261941,151,149
261957,144,151
261973,149,139
261990,173,149
262007,144,133
262024,149,146
262040,140,146
262057,119,129
262074,126,138
262091,173,174
262107,174,174
262125,173,174
262141,174,174
262157,172,170
262174,170,171
262190,174,174
262207,165,167
262223,138,133
262239,153,141
262256,135,127
262274,144,135
262290,168,171
262306,171,174
262323,147,155
262339,141,149
262357,120,126
262373,125,123
262391,125,119
262407,147,147
262424,155,154
262440,144,146
262457,155,153
262473,154,150
262490,134,142
262508,161,169
262525,134,141
262542,136,140
262559,134,137
262576,151,153
262594,141,147
262611,151,152
262627,133,134
262645,145,129
262661,147,156
262677,167,163
262694,168,171
262711,163,167
262728,161,168
262744,151,163
262761,174,169
262779,174,172
262795,149,152
262812,148,154
262829,173,173
262845,163,169
262861,155,149
262878,150,149
262896,156,141
262912,147,149
262929,133,134
262945,165,165
262963,174,172
262980,174,172
262997,145,144
263013,171,171
263031,174,174
263048,174,174
263065,133,120
263082,92,85
263098,99,104
263115,85,83
263132,71,70
263151,156,145
263167,129,113
263184,130,117
263201,112,107
263217,124,115
263234,119,106
263250,169,168
263267,174,172
263283,174,174
263301,174,170
263317,157,163
263334,168,168
263351,160,153
263367,173,174
263384,143,145
263401,129,134
263417,158,158
263434,159,163
263450,166,165
263467,173,173
263483,174,174
263500,174,167
263517,156,159
263533,156,159
263550,132,125
263566,112,106
263582,114,105
263600,142,137
263616,147,148
263633,127,134
263650,127,133
263668,137,125
263684,118,120
263702,154,148
263718,137,131
263736,107,107
263753,94,90
263770,86,82
263786,88,74
263802,99,99
263820,84,83
263837,76,76
263853,79,78
263871,66,70
263887,65,62
263904,65,62
263921,163,152
263937,122,117
263954,130,114
263971,118,122
263987,103,103
264004,73,77
264021,53,62
264038,55,55
264056,66,61
264072,69,71
264088,167,161
264106,159,162
264122,166,171
264138,171,173
264156,166,170
264173,169,174
264190,155,152
264207,156,147
264223,151,145
264240,127,135
264257,139,146
264273,139,146
264290,156,160
264307,136,140
264323,148,140
264340,130,125
264357,163,152
264374,136,151
264391,94,102
264407,149,145
264423,146,143
264440,171,168
264457,149,160
264473,157,156
264491,147,148
264514,143,145
264530,150,146
264547,161,158
264564,147,163
264581,142,120
264598,130,117
264614,86,115
264631,116,121
264648,169,167
264665,171,169
264683,174,171
264699,174,172
264715,161,158
264732,154,151
264749,157,134
264766,173,171
264783,174,174
264800,155,147
264817,145,143
264833,147,140
264851,135,142
264868,144,136
264885,148,152
264901,147,160
264918,148,149
264935,131,121
264952,127,130
264968,170,172
264985,174,174
265002,174,172
265019,174,174
265036,163,168
265053,170,168
265070,171,174
265087,173,172
265103,159,160
265120,158,155
265137,162,158
265154,173,173
265171,174,171
265187,161,162
265204,174,174
265221,174,174
265238,165,171
265254,156,153
265270,149,134
265288,135,121
265306,141,154
265323,142,130
265340,121,124
265356,134,129
265372,153,170
265389,164,161
265407,172,170
265423,174,156
265439,160,142
265456,117,137
265473,113,111
265489,166,170
265507,174,173
265523,141,159
265540,151,151
265557,103,122
265574,169,170
265591,99,82
265608,142,136
265624,140,129
265641,118,109
265657,87,83
265675,80,85
265691,101,96
265708,120,125
265725,170,174
265742,167,174
265758,171,174
265775,174,167
265791,164,164
265807,157,150
265824,152,163
265840,150,168
265857,124,145
265878,116,124
265895,149,138
265911,162,123
265928,144,144
265945,174,173
265962,173,174
265979,173,170
265996,168,169
266013,163,173
266030,169,164
266047,173,173
266063,155,147
266080,147,149
266097,171,171
266113,174,174
266131,162,170
266148,173,173
266164,160,161
266182,161,161
266199,160,167
266216,149,148
266232,165,168
266249,170,174
266265,169,174
266282,174,171
266299,136,141
266315,162,158
266332,146,149
266348,138,148
266365,138,148
266382,171,172
266398,168,169
266414,168,174
266431,152,151
266448,158,164
266464,169,173
266481,167,162
266497,131,129
266514,140,137
266532,146,149
266549,128,129
266566,130,119
266582,118,97
266598,117,106
266615,123,119
266633,104,103
266649,118,110
266666,92,71
266683,167,167
266699,160,158
266717,158,161
266734,158,161
266751,145,136
266768,150,140
266784,143,134
266802,173,174
266818,136,146
266835,142,140
266851,165,166
266868,156,149
266885,163,164
266902,173,173
266919,174,174
266935,167,165
266952,173,167
266968,160,146
266986,132,126
267002,122,118
267019,130,130
267035,154,154
267052,124,113
267068,166,158
267084,163,155
267101,161,152
267117,172,171
267133,150,148
267150,131,145
267168,127,122
267185,122,128
267202,132,118
267220,122,126
267236,150,143
267253,145,139
267270,140,136
267287,157,158
267304,122,122
267320,128,132
267337,173,168
267354,173,168
267370,162,161
267387,174,171
267404,169,174
267420,154,155
267437,144,158
267454,159,147
267471,138,153
267489,155,152
267506,165,154
267522,145,143
267539,169,171
267555,154,164
267572,157,155
267588,161,174
267604,161,174
267622,168,173
267639,158,162
267656,159,165
267673,169,174
267690,160,164
267707,111,130
267723,111,130
267740,148,163
267756,173,173
267772,174,172
267789,142,137
267807,161,159
267824,162,160
267841,168,166
267857,160,160
267875,169,166
267892,165,164
267908,161,160
267924,162,165
267941,154,155
267957,166,157
267973,171,166
267990,166,174
268007,160,155
268023,141,153
268039,132,132
268056,140,136
268072,167,171
268089,174,174
268105,164,168
268122,173,174
268139,167,167
268156,167,171
268173,164,171
268190,173,169
268207,166,150
268223,136,128
268239,144,113
268256,128,114
268273,115,121
268290,61,83
268306,68,91
268322,82,71
268340,94,59
268356,74,87
268373,67,82
268391,54,62
268407,166,165
268424,173,174
268441,174,174
268459,174,174
268475,169,174
268491,173,170
268508,165,171
268525,158,167
268541,158,151
268558,120,119
268575,106,99
268592,103,98
268609,111,105
268626,174,174
268642,166,168
268658,148,148
268676,147,124
268693,147,129
268709,145,130
268725,136,117
268743,122,120
268759,116,120
268776,117,111
268793,116,91
268810,122,98
268828,118,100
268844,150,142
268860,133,152
268877,138,132
268894,118,117
268910,107,121
268927,169,169
268943,174,174
268960,171,174
268976,170,174
268993,164,174
269011,168,168
269027,154,162
269045,172,173
269062,168,167
269078,147,154
269095,140,130
269114,131,130
269131,114,116
269148,154,139
269166,90,111
269183,67,84
269200,60,78
269218,84,76
269235,62,87
269252,77,75
269268,172,174
269285,167,173
269302,169,164
269318,174,173
269334,161,169
269352,165,161
269369,167,163
269385,129,130
269402,114,116
269418,148,151
269436,147,150
269453,146,154
269471,154,146
269487,155,143
269504,162,156
269520,155,152
269536,173,173
269553,167,174
269570,166,170
269587,158,168
269604,149,154
269621,147,144
269638,146,139
269655,133,129
269672,135,134
269688,171,170
269704,171,174
269722,140,138
269739,132,136
269755,147,153
269771,145,121
269789,164,167
269806,153,151
269822,169,164
269839,171,174
269856,173,174
269872,173,174
269888,168,165
269906,169,160
269922,149,149
269939,112,132
269955,132,140
269972,155,156
269988,125,114
270005,134,124
270022,155,165
270039,129,127
270057,127,132
270074,160,157
270091,135,146
270108,169,170
270125,171,166
270142,174,172
270158,169,167
270175,153,154
270192,166,159
270209,155,158
270227,168,173
270243,125,127
270260,134,132
270277,163,164
270293,165,166
270311,164,163
270327,173,174
270344,174,174
270361,174,172
270378,157,160
270394,133,139
270411,106,108
270428,106,100
270445,90,83
270462,91,84
270478,75,68
270495,38,33
270511,30,33
270528,39,33
270544,120,133
270561,109,117
270578,85,89
270594,85,71
270611,53,44
270627,52,39
270644,50,40
270661,72,76
270677,67,72
270694,64,66
270710,43,48
270727,39,42
270743,41,43
270760,156,127
270777,98,89
270793,69,67
270811,90,66
270828,58,53
270844,50,48
270860,57,59
270877,57,61
270893,74,84
270910,81,95
270927,81,97
270944,88,105
270960,95,106
270977,110,118
270994,109,111
271010,101,118
271026,84,93
271043,84,93
271061,93,91
271078,167,168
271094,104,101
271111,121,125
271128,146,158
271145,154,164
271162,147,151
271179,147,145
271196,153,148
271214,148,151
271231,136,135
271248,159,162
271264,164,163
271281,168,153
271297,160,156
271314,156,161
271330,166,162
271347,160,161
271364,172,156
271381,170,159
271398,173,173
271414,173,173
271431,166,155
271447,167,156
271465,150,147
271482,157,129
271499,172,158
271516,154,159
271534,154,159
271551,161,166
271567,156,158
271584,165,164
271601,143,144
271617,168,147
271634,161,161
271651,141,132
271668,144,138
271685,170,164
271702,154,156
271718,160,154
271736,173,162
271754,169,164
271771,174,174
271788,166,164
271804,145,141
271820,151,168
271837,172,174
271853,172,174
271871,171,170
271888,170,167
271904,170,167
271921,177,176
271937,174,174
271954,172,174
271971,148,153
271988,164,157
272005,161,167
272021,172,168
272038,154,155
272056,174,174
272072,174,174
272089,170,173
272105,147,138
272122,119,137
272138,99,99
272155,114,100
272173,107,85
272190,92,91
272206,79,75
272223,80,69
272239,64,68
272257,153,144
272274,153,144
272291,158,151
272307,154,127
272325,122,122
272342,107,103
272358,148,147
272375,165,140
272392,148,138
272409,145,129
272425,113,105
272441,98,126
272458,126,132
272474,145,150
272491,137,124
272508,117,112
272525,112,116
272541,90,82
272558,76,82
272574,72,78
272591,167,168
272607,166,167
272624,163,160
272641,165,164
272657,161,160
272673,151,149
272691,154,154
272708,107,110
272726,93,57
272742,108,112
272758,85,75
272776,44,47
272793,142,141
272810,162,163
272827,161,160
272843,166,165
272860,161,161
272877,160,161
272894,160,161
272910,173,173
272927,124,124
272944,125,124
272961,163,163
272978,150,150
272995,147,147
273012,147,147
273029,140,140
273046,146,146
273063,145,147
273080,155,155
273096,136,144
273113,167,169
273129,174,174
273145,135,141
273162,134,145
273178,171,171
273195,108,118
273211,88,99
273229,146,159
273245,170,173
273262,165,174
273279,169,165
273295,160,159
273312,157,150
273329,172,160
273346,173,161
273363,139,137
273380,106,85
273396,88,82
273413,71,92
273430,132,132
273447,101,113
273463,81,107
273480,130,125
273496,149,125
273512,88,76
273529,130,130
273546,174,174
273562,152,157
273579,169,171
273595,141,133
273612,159,155
273629,133,137
273646,171,171
273663,167,174
273679,153,149
273696,167,151
273712,173,172
273729,167,163
273745,160,159
273761,173,173
273779,174,174
273796,164,163
273812,172,167
273829,160,146
273845,129,125
273862,130,129
273879,126,126
273896,145,145
273912,89,85
273929,129,129
273946,106,106
273963,117,116
273980,130,134
273996,121,124
274012,130,153
274029,144,123
274046,142,170
274063,127,164
274080,162,148
274097,161,152
274113,146,147
274129,163,133
274147,163,144
274164,132,138
274181,137,158
274197,156,144
274214,146,144
274231,163,140
274248,140,131
274265,139,158
274282,151,147
274299,124,151
274316,172,154
274332,138,137
274349,165,145
274367,149,140
274384,144,133
274400,145,170
274417,149,144
274434,142,149
274450,148,144
274467,137,165
274484,142,162
274501,145,134
274518,154,163
274536,159,167
274552,150,152
274570,105,120
274586,152,153
274603,166,157
274620,174,173
274636,150,145
274653,135,133
274670,151,151
274687,163,163
274704,146,144
274720,172,165
274737,170,171
274754,159,157
274771,169,153
274788,147,150
274804,146,144
274821,135,136
274838,155,155
274854,144,141
274872,128,129
274889,115,113
274906,98,98
274922,90,88
274940,174,174
274957,164,160
274973,159,158
274989,164,164
275006,157,156
275023,157,156
275040,154,152
275056,144,134
275073,94,88
275090,93,73
275107,72,72
275123,52,57
275139,45,42
275157,41,44
275173,39,42
275190,33,31
275207,32,30
275224,29,30
275240,30,32
275256,162,159
275273,167,166
275290,164,174
275307,172,174
275323,172,173
275340,174,169
275356,168,174
275373,162,163
275390,160,165
275407,138,134
275424,169,146
275440,102,123
275457,93,92
275473,93,92
275490,174,174
275508,174,174
275525,149,150
275542,152,127
275559,161,146
275577,160,167
275593,144,162
275610,139,149
275627,154,149
275644,159,168
275661,139,158
275677,135,119
275694,164,152
275711,142,130
275728,150,143
275744,150,138
275761,111,112
275778,118,97
275795,174,174
275812,173,174
275828,174,174
275845,173,174
275862,174,169
275878,153,159
275894,154,161
275911,174,164
275927,139,134
275943,129,113
275960,143,132
275976,145,126
275994,114,99
276010,143,145
276026,98,100
276043,96,85
276059,78,81
276075,160,161
276092,160,161
276109,117,140
276126,174,174
276144,171,174
276161,174,174
276177,172,157
276193,171,169
276210,157,150
276226,172,173
276242,154,148
276259,135,147
276276,158,156
276293,157,151
276310,148,147
276328,136,135
276345,162,161
276362,161,164
276379,163,157
276396,173,173
276414,161,158
276430,174,173
276446,155,158
276463,155,158
276480,149,162
276497,170,173
276514,174,174
276530,152,138
276547,174,174
276564,159,151
276581,144,140
276598,136,145
276614,135,130
276631,135,135
276648,174,173
276666,173,173
276683,167,171
276700,169,174
276717,174,174
276733,174,174
276750,164,173
276767,174,170
276784,150,157
276801,146,143
276817,142,125
276834,142,125
276850,142,135
276867,139,152
276883,140,149
276900,131,155
276916,147,157
276932,151,142
276949,143,129
276966,166,171
276983,174,174
277001,174,174
277017,173,173
277034,171,164
277050,154,148
277066,172,172
277083,174,174
277100,150,148
277117,143,142
277133,165,159
277150,169,171
277167,161,163
277184,173,173
277200,174,174
277216,174,174
277233,155,160
277249,146,138
277267,140,132
277283,143,130
277301,116,118
277317,120,117
277333,114,115
277351,124,120
277368,127,119
277384,125,116
277401,153,154
277418,131,132
277434,132,134
277451,124,125
277468,130,124
277485,128,121
277502,131,125
277519,127,123
277536,124,127
277553,124,123
277570,128,126
277587,126,125
277603,120,118
277621,170,164
277638,165,164
277654,172,167
277671,162,159
277688,160,161
277705,147,146
277722,135,122
277739,145,150
277757,158,151
277774,169,157
277791,171,174
277808,166,159
277824,165,149
277841,164,158
277858,151,144
277875,139,141
277892,121,122
277908,137,127
277925,118,124
277941,169,170
277958,105,119
277975,126,139
277992,161,157
278009,161,152
278027,154,151
278044,173,172
278060,157,148
278077,133,132
278093,142,143
278110,170,163
278127,161,159
278143,157,168
278161,162,159
278177,159,158
278193,154,153
278211,151,160
278228,165,154
278244,173,170
278261,173,174
278278,161,168
278295,154,168
278312,165,153
278328,163,159
278346,161,153
278363,173,172
278380,170,174
278397,174,174
278413,168,174
278431,169,172
278447,172,174
278464,169,172
278480,172,168
278496,163,153
278514,143,157
278531,157,156
278547,171,162
278563,146,149
278580,143,146
278597,137,154
278615,158,161
278632,151,150
278648,170,172
278665,173,174
278682,174,174
278699,174,174
278715,174,174
278731,174,174
278749,173,173
278765,174,174
278781,174,173
278798,174,174
278815,174,174
278832,171,173
278848,169,173
278865,170,173
278882,174,170
278898,174,174
278916,174,174
278932,174,174
278948,169,174
278966,172,157
278982,153,144
278999,140,142
279016,162,170
279032,153,141
279048,150,157
279065,145,160
279082,153,173
279098,160,151
279115,173,173
279132,171,171
279148,167,174
279166,174,166
279182,174,166
279199,173,173
279216,174,174
279232,174,174
279249,174,165
279265,174,172
279282,168,157
279299,157,161
279316,134,144
279332,164,162
279350,174,165
279367,174,174
279384,167,162
279401,165,159
279418,174,162
279434,167,166
279450,174,174
279467,174,174
279484,173,168
279502,169,167
279518,171,174
279535,168,174
279552,174,174
279569,174,174
279586,136,157
279603,169,163
279620,174,156
279637,168,174
279653,174,174
279670,174,174
279686,174,174
279702,174,174
279718,172,174
279735,172,174
279751,167,167
279768,119,134
279785,139,131
279802,145,154
279818,131,124
279834,108,112
279851,143,133
279867,163,149
279884,163,157
279900,163,161
279917,145,138
279934,150,151
279950,147,163
279966,147,152
279983,154,155
280001,150,156
280017,135,142
280034,135,142
280050,136,122
280066,137,115
280083,147,123
280100,138,120
280117,130,141
280134,125,123
280150,122,147
280167,101,131
280183,112,125
280200,141,150
280216,137,149
280234,133,127
280250,144,144
280267,134,135
280283,145,139
280300,146,145
280316,151,153
280333,145,136
280349,131,129
280366,148,146
280384,143,142
280400,141,151
280417,129,149
280434,132,138
280452,145,133
280469,111,125
280485,121,109
280502,128,105
280518,124,124
280534,142,125
280550,132,131
280567,142,111
280583,137,121
280600,132,144
280617,141,146
280633,141,141
280649,137,135
280666,128,129
280683,118,119
280701,150,121
280717,139,114
280734,149,118
280751,131,109
280768,134,126
280784,135,114
280801,108,133
280818,123,115
280835,103,111
280852,123,129
280868,120,123
280885,123,133
280902,123,121
280918,125,126
280935,115,129
280952,135,133
280969,128,130
280985,113,105
281002,122,118
281019,122,122
281036,126,129
281053,133,133
281071,122,109
281087,114,125
281103,113,114
281120,102,95
281137,110,101
281154,108,108
281171,126,117
281188,109,107
281204,118,100
281221,125,111
281238,119,111
281255,112,122
281272,125,129
281288,131,123
281305,111,115
281323,112,100
281339,118,108
281355,121,105
281372,124,107
281388,111,106
281405,123,115
281422,112,104
281438,103,97
281454,108,105
281472,101,90
281488,104,112
281505,115,110
281521,108,103
281538,112,107
281555,106,100
281572,106,96
281589,113,110
281605,114,121
281622,117,108
281638,124,109
281655,115,109
281672,103,105
281688,132,138
281704,144,139
281721,112,132
281738,98,91
281755,88,90
281772,97,88
281788,93,86
281805,98,85
281822,159,162
281838,170,166
281856,115,132
281873,115,132
281890,101,105
281907,142,146
281924,108,113
281940,155,118
281957,110,94
281973,109,109
281990,95,96
282007,96,80
282023,94,128
282039,113,110
282057,103,89
282073,90,84
282090,89,89
282107,93,77
282123,93,77
282141,137,103
282157,122,127
282173,92,133
282191,136,102
282208,93,100
282224,134,97
282241,112,105
282258,111,104
282276,110,93
282292,127,124
282309,113,101
282326,86,108
282343,108,100
282361,99,102
282378,84,99
282394,88,94
282410,81,73
282428,92,63
282445,104,111
282461,111,93
282479,93,91
282496,97,87
282512,93,79
282528,75,82
282545,84,95
282562,80,96
282578,89,92
282594,78,81
282611,89,69
282628,85,83
282646,88,82
282662,84,89
282679,94,69
282696,92,75
282713,75,68
282730,74,74
282747,73,63
282764,72,77
282780,87,70
282796,85,88
282813,79,82
282830,70,81
282846,73,63
282862,73,63
282879,85,76
282897,102,87
282913,109,87
282931,97,90
282947,93,102
282964,96,85
282981,134,129
282997,107,113
283014,117,113
283032,119,116
283049,106,106
283065,114,117
283081,111,115
283099,105,113
283116,109,114
283132,112,115
283148,112,109
283166,109,128
283182,91,121
283199,103,122
283217,101,93
283234,101,93
283250,91,92
283266,108,95
283283,103,90
283301,99,95
283318,92,85
283335,82,79
283351,82,79
283369,87,83
283385,68,90
283402,76,78
283419,87,84
283436,87,98
283453,91,99
283469,96,95
283486,95,103
283502,98,96
283519,101,99
283535,92,105
283552,94,95
283569,96,90
283585,85,92
283602,85,92
283619,88,128
283636,104,138
283652,109,145
283669,121,121
283686,125,119
283703,119,128
283721,128,126
283738,154,140
283754,150,152
283771,149,123
283788,140,126
283806,116,123
283823,126,118
283839,156,139
283857,147,128
283874,141,116
283891,115,115
283907,109,124
283923,111,124
283941,110,150
283957,113,156
283973,113,151
283990,134,143
284008,121,125
284024,133,140
284041,170,170
284058,156,166
284075,134,157
284091,134,157
284108,105,118
284125,113,103
284142,121,101
284158,134,126
284175,137,120
284192,123,123
284210,124,97
284227,106,114
284244,107,104
284261,136,132
284277,153,137
284294,145,157
284311,131,150
284327,123,137
284344,131,120
284361,132,102
284378,143,133
284395,125,131
284411,130,126
284428,100,113
284445,106,108
284462,95,92
284478,153,168
284495,123,126
284512,134,138
284529,134,132
284546,124,129
284563,130,127
284580,117,122
284597,115,137
284614,118,139
284631,125,131
284648,112,110
284664,109,119
284681,116,131
284698,166,166
284714,117,135
284731,102,121
284747,126,138
284765,114,102
284782,102,104
284798,123,112
284816,96,92
284832,96,92
284849,88,87
284865,96,88
284882,97,83
284899,123,124
284916,133,120
284932,144,113
284949,150,112
284965,123,128
284982,120,106
284999,106,88
285015,117,104
285033,113,93
285049,121,108
285066,104,89
285083,94,97
285100,77,85
285116,136,114
285134,133,119
285150,97,89
285167,85,73
285184,96,73
285200,91,76
285216,95,92
285233,137,131
285250,127,143
285266,116,117
285282,106,116
285298,98,116
285316,95,107
285332,90,114
285349,160,149
285366,147,153
285383,150,143
285400,128,141
285417,128,120
285434,121,132
285450,137,143
285467,132,144
285484,129,135
285501,114,113
285518,115,117
285535,167,146
285552,169,154
285568,156,149
285584,150,143
285601,120,126
285618,113,106
285635,108,90
285651,124,137
285667,155,142
285684,148,123
285700,148,111
285717,131,116
285734,132,108
285751,122,115
285767,157,173
285784,165,165
285801,129,140
285817,134,147
285833,147,139
285850,139,138
285867,132,126
285884,124,111
285902,115,118
285919,119,106
285935,114,110
285952,111,105
285969,112,110
285986,139,129
286002,126,138
286019,116,126
286036,137,132
286053,132,135
286070,136,115
286088,143,153
286105,150,119
286122,145,132
286139,140,109
286156,111,117
286173,127,126
286190,133,111
286207,115,126
286224,116,131
286240,131,128
286257,112,115
286273,111,126
286289,115,130
286306,121,132
286322,121,133
286339,122,116
286357,132,116
286373,107,111
286390,123,124
286406,136,123
286423,149,109
286440,145,100
286457,139,100
286473,138,111
286489,130,98
286506,134,135
286522,133,134
286539,131,127
286556,121,119
286573,106,116
286590,92,103
286606,93,116
286622,150,150
286640,124,139
286656,118,126
286672,118,126
286688,117,130
286706,125,129
286723,152,112
286740,141,144
286757,139,133
286774,144,130
286790,117,120
286807,121,126
286823,126,131
286840,121,131
286857,113,129
286874,109,145
286891,110,117
286908,127,108
286924,127,108
286941,122,135
286957,128,130
286974,128,111
286990,123,101
287007,111,114
287024,110,111
287040,125,113
287057,131,141
287074,166,131
287090,136,132
287107,132,135
287124,111,112
287141,111,123
287158,130,131
287175,139,143
287192,130,129
287209,115,116
287227,112,118
287243,113,110
287260,127,140
287277,136,149
287294,136,149
287311,118,137
287328,114,107
287345,113,123
287362,135,125
287379,139,145
287396,140,127
287412,140,127
287429,122,146
287446,101,124
287463,109,123
287479,169,172
287496,137,161
287512,131,158
287529,149,142
287545,135,144
287563,137,133
287580,129,118
287596,130,137
287613,133,133
287630,128,123
287646,115,139
287662,115,139
287681,134,131
287698,133,126
287714,137,145
287731,122,130
287748,125,127
287764,115,136
287781,115,119
287798,119,140
287816,115,126
287832,108,120
287849,108,110
287867,112,105
287883,104,118
287899,98,102
287917,106,129
287933,103,120
287949,103,120
287966,112,110
287982,120,128
287999,103,101
288015,126,135
288032,126,135
288049,128,130
288066,125,150
288083,131,141
288099,112,123
288115,161,148
288132,149,141
288149,126,119
288165,136,149
288182,133,126
288199,121,122
288215,131,137
288231,147,151
288248,148,132
288264,133,137
288280,118,125
288297,97,104
288313,90,90
288330,105,94
288347,140,124
288364,134,127
288381,136,128
288397,128,120
288413,124,122
288430,124,125
288447,108,119
288464,106,117
288481,110,107
288498,107,96
288515,114,113
288531,114,98
288548,127,121
288565,103,106
288583,99,110
288599,109,111
288615,103,114
288631,103,105
288648,111,99
288665,124,134
288682,126,137
288698,120,135
288715,104,112
288732,99,104
288748,99,100
288765,96,94
288782,106,118
288799,89,107
288815,108,112
288832,98,108
288849,108,102
288866,111,101
288882,95,99
288899,98,115
288915,98,106
288932,107,109
288948,97,105
288965,98,98
288982,139,129
288998,140,133
289015,139,121
289032,142,125
289049,127,113
289065,125,117
289081,117,110
289098,121,104
289116,115,101
289132,115,101
289149,114,111
289165,102,114
289181,118,139
289198,145,149
289215,136,138
289232,145,147
289248,143,125
289265,122,111
289283,137,114
289300,117,132
289316,120,122
289332,123,118
289350,125,114
289366,102,122
289384,102,122
289400,132,138
289418,152,136
289434,135,131
289452,111,113
289469,108,93
289485,109,104
289502,109,104
289519,147,151
289537,148,141
289554,135,131
289571,145,123
289588,146,126
289605,130,122
289622,165,148
289639,161,147
289656,158,133
289672,158,142
289689,144,127
289707,136,110
289724,109,117
289740,126,109
289758,123,113
289774,118,123
289791,115,117
289808,116,92
289824,108,92
289841,124,130
289859,120,102
289875,101,96
289891,105,102
289908,124,109
289925,123,94
289942,113,111
289958,115,119
289976,106,110
289993,107,123
290010,106,99
290026,101,94
290043,97,93
290060,156,158
290077,166,152
290095,148,132
290112,123,125
290129,113,107
290147,93,104
290164,102,101
290180,94,102
290197,93,101
290214,97,106
290230,91,98
290246,98,95
290263,121,115
290281,110,105
290297,91,95
290314,100,97
290331,96,113
290348,100,89
290364,100,89
290381,164,168
290398,154,163
290415,139,145
290431,129,144
290447,114,120
290464,98,126
290480,147,141
290497,105,127
290514,96,100
290531,128,123
290548,110,122
290565,86,94
290581,134,131
290598,112,118
290615,112,118
290632,85,89
290649,126,125
290666,90,87
290683,81,98
290700,168,162
290717,157,148
290734,157,148
290750,132,143
290766,122,99
290783,116,125
290800,122,133
290816,102,137
290834,121,144
290851,124,114
290868,108,115
290886,90,107
290902,168,164
290919,156,161
290935,136,143
290952,127,137
290968,93,111
290985,100,99
291002,90,102
291018,113,113
291035,102,82
291051,92,93
291068,84,80
291085,74,76
291101,78,80
291118,117,117
291135,119,114
291152,116,101
291169,97,79
291185,95,95
291202,90,96
291218,95,117
291236,111,118
291252,106,114
291269,95,108
291285,89,115
291302,79,101
291319,75,87
291335,97,93
291352,97,93
291369,88,84
291386,75,81
291402,71,66
291419,77,72
291436,73,88
291453,75,79
291470,70,84
291488,60,71
291504,68,71
291521,72,74
291538,115,104
291554,127,146
291571,92,86
291588,74,80
291605,74,80
291622,82,65
291639,72,74
291656,61,74
291672,61,74
291689,71,65
291705,80,57
291722,80,57
291739,64,58
291755,91,87
291772,110,115
291789,120,141
291807,120,143
291823,118,137
291840,116,135
291857,96,124
291873,105,122
291890,108,136
291907,100,99
291923,93,113
291940,128,117
291956,117,121
291974,113,132
291991,111,146
292007,114,140
292024,103,128
292040,106,108
292057,96,134
292074,99,127
292090,109,137
292106,112,102
292123,101,115
292140,88,107
292156,93,113
292172,111,124
292189,104,127
292205,98,129
292222,110,115
292239,99,113
292255,96,101
292272,105,127
292289,106,129
292307,98,123
292324,101,115
292340,112,121
292357,100,112
292373,122,120
292390,118,129
292407,155,145
292424,160,157
292441,144,146
292457,113,105
292474,107,115
292491,101,125
292509,124,138
292525,120,145
292542,151,165
292558,129,122
292575,145,123
292591,127,128
292607,122,124
292624,153,167
292641,158,172
292658,128,153
292675,117,149
292692,122,116
292708,137,133
292725,125,142
292742,108,133
292759,109,108
292777,107,96
292793,107,115
292810,113,107
292828,100,106
292844,130,151
292861,138,119
292878,122,108
292895,127,135
292911,122,136
292928,135,124
292945,157,142
292962,131,129
292978,137,115
292994,137,124
293011,135,116
293028,131,123
293044,124,120
293060,148,147
293078,116,151
293095,134,143
293112,127,141
293129,126,137
293146,149,135
293164,142,135
293181,113,116
293197,135,113
293214,99,119
293231,131,102
293247,123,100
293264,115,88
293280,112,129
293297,131,123
293315,110,122
293331,105,119
293348,106,92
293365,115,112
293382,133,139
293399,142,150
293416,119,141
293432,120,132
293449,135,140
293465,131,132
293482,129,140
293499,113,123
293516,98,120
293533,86,121
293550,109,100
293567,114,98
293583,115,95
293599,109,95
293616,107,107
293632,116,100
293648,110,77
293665,121,89
293681,115,85
293698,119,122
293716,124,119
293732,128,120
293749,119,108
293766,126,123
293783,117,137
293799,113,120
293815,112,116
293832,121,110
293848,113,110
293864,105,89
293881,101,90
293897,104,104
293914,97,89
293931,106,97
293947,103,92
293964,82,93
293981,92,79
293998,76,81
294014,82,78
294031,107,133
294048,129,130
294065,104,118
294082,117,104
294098,109,110
294115,106,113
294131,98,102
294148,101,116
294164,86,107
294181,69,114
294197,103,80
294214,108,76
294231,96,76
294248,77,75
294264,93,74
294281,87,78
294298,87,74
294315,77,68
294331,83,77
294348,104,108
294365,116,103
294382,102,102
294398,114,101
294416,109,106
294432,109,106
294449,111,107
294465,103,106
294481,104,90
294498,97,82
294514,85,80
294532,92,80
294548,83,85
294565,74,81
294582,82,83
294599,76,70
294615,70,67
294632,73,68
294648,85,69
294665,97,107
294681,98,114
294697,106,108
294715,88,108
294732,108,110
294749,95,106
294765,98,88
294782,101,102
294798,96,99
294816,71,86
294833,88,66
294850,101,60
294867,92,63
294884,82,63
294901,70,74
294917,69,69
294934,62,67
294951,74,62
294967,79,76
294983,101,86
295001,97,84
295017,84,83
295034,92,80
295050,92,81
295067,97,76
295084,99,88
295101,97,85
295117,99,85
295134,86,80
295151,82,68
295168,80,69
295185,72,71
295203,68,60
295219,72,59
295236,62,54
295254,72,61
295271,56,52
295287,65,56
295304,73,61
295321,85,96
295338,100,86
295354,80,90
295370,89,90
295388,84,90
295405,99,91
295422,88,81
295439,88,87
295455,57,76
295472,66,50
295489,78,63
295505,80,65
295522,72,66
295539,56,52
295555,58,56
295572,53,54
295589,58,49
295606,73,62
295623,93,73
295641,86,73
295658,92,75
295674,80,78
295690,81,64
295707,80,70
295725,88,72
295741,81,60
295758,85,63
295775,79,69
295792,72,61
295809,70,64
295827,60,63
295844,60,59
295861,69,51
295877,54,52
295893,56,54
295911,49,47
295928,61,45
295945,75,63
295961,73,77
295977,80,78
295994,73,74
296011,78,78
296027,75,81
296044,79,79
296062,136,132
296079,102,130
296095,81,93
296112,70,79
296129,82,72
296145,89,70
296161,79,63
296178,69,60
296195,70,60
296212,56,54
296229,62,48
296245,67,54
296263,70,71
296279,82,90
296295,76,82
296312,70,77
296328,66,70
296346,77,74
296362,82,71
296379,89,73
296395,84,65
296413,78,70
296430,62,61
296447,63,53
296463,57,58
296480,69,61
296498,59,53
296514,57,47
296531,47,44
296548,45,40
296566,44,43
296583,67,61
296600,64,71
296617,72,63
296634,61,68
296650,60,61
296667,66,65
296683,61,60
296700,63,66
296717,58,56
296733,50,55
296750,40,36
296766,50,44
296782,51,48
296798,120,149
296816,101,114
296832,114,126
296849,81,73
296866,79,96
296883,68,82
296901,73,73
296918,150,148
296934,133,139
296951,124,133
296968,98,98
296984,108,82
297000,101,91
297017,87,94
297034,84,75
297051,84,76
297068,88,93
297084,73,83
297101,64,60
297119,67,69
297136,72,82
297154,65,62
297170,59,48
297187,66,64
297203,63,58
297224,122,123
297240,132,145
297257,152,161
297273,134,136
297290,108,126
297306,107,122
297323,89,114
297340,89,101
297356,82,81
297374,73,83
297390,103,94
297407,76,79
297423,59,63
297441,69,62
297458,59,65
297474,55,60
297490,58,56
297507,73,81
297525,69,77
297541,66,70
297557,142,164
297574,149,159
297591,135,154
297608,113,139
297625,104,99
297642,102,115
297659,108,122
297676,112,126
297693,117,134
297710,136,111
297727,87,111
297744,68,92
297760,115,126
297777,134,139
297794,106,121
297812,94,87
297828,89,90
297844,70,75
297861,99,96
297878,77,77
297895,75,77
297912,62,65
297929,90,89
297946,66,70
297963,61,56
297979,86,85
297995,76,82
298013,73,75
298030,78,69
298047,80,82
298063,67,67
298080,86,85
298098,97,107
298115,85,104
298131,82,99
298147,75,90
298164,72,78
298181,62,62
298198,80,79
298214,61,58
298232,56,61
298248,83,97
298265,51,55
298282,54,57
298300,78,80
298317,71,73
298333,53,58
298350,72,69
298367,75,78
298384,70,68
298400,94,95
298417,104,97
298433,96,86
298450,56,59
298466,58,63
298483,68,82
298500,72,68
298516,57,61
298533,53,52
298550,60,63
298567,47,45
298584,46,46
298600,62,53
298617,95,95
298634,48,48
298651,43,39
298668,88,94
298685,48,51
298702,46,53
298719,51,49
298735,85,87
298752,48,51
298770,44,37
298787,44,50
298804,75,75
298821,39,41
298838,47,50
298856,62,63
298872,43,44
298889,88,87
298906,45,41
298923,61,62
298941,86,111
298958,75,104
298974,77,78
298990,67,76
299007,94,96
299024,67,65
299040,62,60
299056,52,54
299074,85,86
299092,62,76
299108,44,51
299124,42,45
299142,44,45
299158,57,59
299175,37,38
299191,59,63
299207,79,87
299225,45,43
299242,47,38
299259,50,49
299276,59,56
299293,41,42
299310,60,57
299327,77,76
299344,45,45
299362,40,41
299378,103,100
299394,108,121
299410,125,124
299427,111,112
299444,92,112
299460,82,88
299477,82,88
299493,145,162
299511,112,121
299528,94,108
299545,96,91
299562,86,79
299578,73,81
299595,75,80
299611,68,67
299628,59,69
299645,61,58
299662,48,41
299679,88,98
299696,67,73
299712,74,77
299729,66,75
299746,96,101
299762,67,67
299779,49,54
299797,122,141
299813,123,138
299830,92,103
299846,78,94
299862,74,88
299879,64,71
299895,61,63
299913,61,66
299929,74,82
299947,48,54
299964,48,54
299981,45,49
299997,39,45
300014,72,73
300031,64,66
300047,64,71
300063,70,73
300080,56,52
300096,49,51
300113,63,69
300130,99,108
300147,78,88
300163,69,81
300179,57,69
300196,57,51
300212,57,51
300229,80,81
300245,52,66
300261,47,52
300277,71,77
300294,51,58
300311,48,47
300328,41,45
300344,60,59
300361,56,60
300378,45,57
300395,68,62
300412,46,50
300429,70,75
300445,75,89
300461,75,89
300478,56,70
300494,52,65
300511,51,58
300528,48,43
300545,62,58
300561,55,60
300577,55,45
300594,50,51
300610,43,43
300627,44,45
300643,46,48
300660,41,46
300676,54,54
300693,42,49
300709,51,51
300726,49,43
300743,59,51
300759,56,68
300777,64,69
300793,61,66
300810,51,51
300827,50,52
300844,48,45
300862,43,48
300878,52,54
300895,38,41
300912,42,44
300928,37,42
300946,39,45
300962,36,36
300978,41,47
300995,39,45
301012,34,40
301028,51,46
301045,46,40
301061,36,38
301077,31,31
301094,51,57
301111,43,53
301128,37,41
301145,38,42
301162,37,34
301179,28,33
301195,28,28
301213,33,36
301229,31,27
301246,26,28
301263,31,32
301280,29,29
301296,30,29
301313,34,30
301329,29,31
301347,25,29
301363,32,31
301380,23,23
301397,30,30
301413,35,44
301430,33,39
301447,29,36
301464,27,30
301480,23,28
301497,23,27
301513,25,20
301530,20,20
301547,20,19
301564,20,19
301580,17,16
301597,16,16
301614,14,19
301631,20,22
301648,18,22
301664,16,23
301680,17,18
301697,19,18
301713,17,14
301729,27,33
301746,30,38
301763,21,30
301780,20,21
301797,18,23
301813,18,23
301830,14,16
301848,15,16
301865,14,17
301881,13,16
301898,11,12
301914,12,12
301931,11,12
301948,12,15
301964,16,18
301981,15,19
301998,14,15
302014,14,13
302031,10,14
302048,24,30
302065,24,31
302083,24,27
302100,17,20
302117,15,16
302133,13,16
302150,15,15
302168,12,14
302184,12,14
302201,11,11
302218,11,11
302235,10,9
302251,10,11
302268,13,14
302284,12,14
302302,13,15
302319,11,14
302336,13,12
302354,10,12
302371,18,23
302388,20,25
302405,15,18
302422,13,15
302439,14,15
302456,12,13
302472,11,12
302489,12,12
302505,13,11
302521,11,10
302538,9,9
302555,9,9
302571,0,0
302588,9,11
302605,11,14
302621,11,13
302638,10,10
302654,10,10
302671,0,11
302687,13,13
302705,16,19
302721,15,18
302738,11,13
302756,12,11
302772,11,10
302788,11,10
302805,11,10
302821,11,10
302837,9,10
302855,8,9
302872,10,0
302889,0,0
302905,10,8
302921,10,8
302939,9,10
302956,8,10
302972,0,10
302988,0,0
303005,11,15
303022,14,16
303039,12,17
303056,10,11
303074,0,10
303091,9,10
303108,9,9
303124,9,9
303141,0,8
303157,0,0
303175,0,0
303191,0,0
303207,0,8
303224,0,0
303240,0,0
303257,0,0
303273,0,0
303290,0,9
303307,0,0
303324,0,0
303341,10,13
303358,11,13
303374,9,12
303391,8,0
303408,8,0
303424,0,0
303440,0,0
303458,0,0
303475,0,0
303492,0,0
303509,0,0
303527,0,0
303544,0,0
303560,0,0
303577,0,0
303594,0,0
303611,0,9
303628,0,0
303644,0,0
303661,8,11
303677,9,11
303693,0,10
303710,0,0
303728,0,8
303744,0,0
303760,0,0
303777,0,0
303795,0,0
303811,0,0
303828,0,0
303844,0,0
303861,0,0
303878,0,0
303895,0,0
303912,0,0
303928,0,0
303944,0,0
303962,0,0
303979,0,0
303997,0,0
304013,0,0
304030,0,0
304047,0,0
304064,0,0
304081,0,0
304098,0,0
304115,0,0
304132,0,0
304148,0,0
304165,0,0
304182,0,0
304198,0,0
304216,0,0
304232,0,0
304249,0,0
304266,0,0
304283,0,0
304300,0,0
304317,0,0
304334,0,0
304351,0,0
304368,0,0
304384,0,0
304400,0,0
304417,0,0
304433,0,0
304450,0,0
304467,0,0
304484,0,0
304501,0,0
304517,0,0
304534,0,0
304551,0,0
304568,0,0
304585,0,0
304602,0,0
304618,0,0
304634,0,0
304651,0,0
304668,0,0
304684,0,0
304701,0,0
304717,0,0
304733,0,0
304750,0,0
304767,0,0
304784,0,0
304801,0,0
304817,0,0
304833,0,0
304850,0,0
304866,0,0
304883,0,0
304900,0,0
304917,0,0
304934,0,0
304951,0,0
304967,0,0
304983,0,0
305000,0,0
305017,0,0
305034,0,0
305050,0,0
305067,0,0
305083,0,0
305100,0,0
305116,0,0
305134,0,0
305151,0,0
305167,0,0
305184,0,0
305201,0,0
305217,0,0
305234,0,0
305251,0,0
305268,0,0
305285,0,0
305301,0,0
305318,0,0
305335,0,0
305352,0,0
305369,0,0
305385,0,0
305402,0,0
305418,0,0
305435,0,0
305452,0,0
305468,0,0
305485,0,0
305502,0,0
305518,0,0
305534,0,0
305550,0,0
305567,0,0
305585,0,0
305601,0,0
305617,0,0
305633,0,0
305650,0,0
305666,0,0
305683,0,0
305700,0,0
305718,0,0
305734,0,0
305750,0,0
305767,0,0
305784,0,0
305800,0,0
305817,0,0
305834,0,0
305852,0,0
305868,0,0
305884,0,0
305900,0,0
305917,0,0
305934,0,0
305951,0,0
305969,0,0
305985,0,0
306002,0,0
306018,0,0
306035,0,0
306053,0,0
306069,0,0
306086,0,0
306103,0,0
306119,0,0
306136,0,0
306154,0,0
306170,0,0
306187,0,0
306204,0,0
306220,0,0
306237,0,0
306254,0,0
306270,0,0
306287,0,0
306303,0,0
306320,0,0
306337,0,0
306354,0,0
306370,0,0
306387,0,0
306405,0,0
306421,0,0
306438,0,0
306455,0,0
306471,0,0
306489,0,0
306506,0,0
306522,0,0
306539,0,0
306557,0,0
306573,0,0
306589,0,0
306606,0,0
306622,0,0
306640,0,0
306657,0,0
306674,0,0
306690,0,0
306706,0,0
306723,0,0
306740,0,0
306757,0,0
306774,0,0
306790,0,0
306807,0,0
306824,0,0
306841,0,0
