timestamp_ms,left_brightness,right_brightness
0,0,0
17,0,0
34,0,0
51,0,0
68,0,0
85,0,0
102,0,0
118,0,0
135,0,0
151,0,0
168,0,0
185,0,0
201,0,0
218,0,0
235,0,0
252,0,0
268,0,0
285,0,0
302,0,0
319,0,0
336,0,0
352,0,0
370,0,0
386,0,0
403,0,0
420,0,0
436,0,0
453,0,0
470,0,0
486,0,0
504,0,0
520,0,0
538,0,0
554,0,0
571,0,0
587,0,0
604,0,0
620,0,0
637,0,0
653,0,0
670,0,0
687,0,0
705,0,0
722,0,0
739,0,0
755,0,0
773,0,0
790,0,0
807,0,0
823,0,0
841,0,0
858,0,0
875,0,0
892,0,0
908,0,0
925,0,0
942,0,0
959,0,0
977,0,0
994,0,0
1011,0,0
1028,0,0
1045,0,0
1062,0,0
1079,0,0
1096,0,0
1114,0,0
1131,0,0
1148,0,0
1165,0,0
1182,0,0
1198,0,0
1214,0,0
1231,0,0
1249,0,0
1265,0,0
1282,0,0
1299,0,0
1316,0,0
1333,0,0
1350,0,0
1367,0,0
1384,0,0
1401,0,0
1418,0,0
1435,0,0
1452,0,0
1469,0,0
1486,0,0
1502,0,0
1520,0,0
1537,0,0
1554,0,0
1570,0,0
1588,0,0
1605,0,0
1621,0,0
1638,0,0
1654,0,0
1671,0,0
1689,0,0
1705,0,0
1721,0,0
1738,0,0
1755,0,0
1772,0,0
1789,0,0
1806,0,0
1823,0,0
1841,0,0
1858,0,0
1875,0,0
1892,0,0
1909,0,0
1925,0,0
1941,0,0
1958,0,0
1974,0,0
1991,0,0
2009,0,0
2026,0,0
2042,0,0
2058,54,51
2075,44,49
2091,49,58
2109,47,53
2125,54,59
2142,50,52
2158,46,54
2174,51,58
2191,44,53
2208,116,124
2225,121,133
2241,123,131
2258,123,132
2276,123,129
2293,121,127
2310,120,127
2327,121,124
2344,119,116
2361,102,114
2378,96,114
2395,100,113
2412,96,108
2428,100,109
2444,97,103
2462,91,101
2479,159,149
2496,144,133
2513,140,142
2529,118,127
2547,92,90
2563,90,95
2580,81,90
2597,90,101
2613,86,95
2629,88,98
2647,105,89
2664,98,83
2682,88,86
2699,118,115
2716,128,142
2732,128,132
2749,146,135
2766,146,117
2783,109,104
2799,122,112
2816,136,158
2832,126,161
2850,131,120
2866,103,115
2883,97,112
2900,101,117
2917,86,113
2933,104,110
2950,87,104
2967,104,107
2984,109,90
3002,100,87
3019,128,91
3036,117,138
3052,134,145
3069,136,125
3085,122,109
3103,130,128
3119,110,100
3136,142,128
3153,155,149
3169,169,129
3187,141,127
3203,154,152
3220,140,155
3237,152,153
3255,146,157
3271,117,118
3288,160,150
3305,143,135
3322,161,160
3339,153,158
3356,170,172
3372,148,156
3390,159,171
3407,171,161
3424,141,133
3440,155,154
3457,168,153
3474,156,146
3490,135,125
3507,154,143
3523,136,144
3540,151,153
3557,162,163
3574,131,128
3590,122,125
3606,126,126
3624,135,131
3641,121,109
3658,130,130
3676,137,149
3692,115,152
3709,129,144
3725,131,135
3743,151,127
3759,119,149
3776,161,149
3792,151,153
3810,155,153
3827,133,124
3843,127,162
3860,121,111
3876,142,152
3892,124,120
3909,116,124
3925,151,147
3943,114,122
3960,162,166
3976,166,127
3992,135,114
4010,129,132
4027,121,116
4044,145,137
4061,134,121
4078,146,130
4095,170,147
4113,127,153
4129,170,150
4146,170,153
4162,143,143
4179,170,143
4195,156,169
4211,130,129
4229,138,138
4245,119,130
4262,170,165
4279,158,160
4296,130,130
4312,121,122
4328,160,160
4345,117,125
4361,134,112
4378,139,133
4395,130,130
4411,155,145
4428,144,120
4445,145,129
4461,120,119
4478,132,135
4494,104,127
4512,123,133
4528,111,112
4546,98,105
4563,105,95
4580,114,111
4597,125,122
4615,96,108
4632,123,126
4649,135,113
4665,126,108
4681,135,123
4698,107,109
4715,126,120
4731,134,126
4748,137,115
4765,119,103
4781,93,99
4798,112,126
4815,118,102
4831,113,103
4848,137,132
4865,133,103
4881,122,107
4898,124,107
4915,128,110
4931,120,113
4948,98,116
4964,136,127
4981,103,121
4998,92,123
5015,97,120
5032,117,118
5049,112,112
5065,115,113
5082,115,113
5098,127,121
5115,118,109
5132,112,102
5148,121,120
5165,113,108
5181,118,104
5198,129,124
5215,126,116
5231,130,113
5248,108,114
5266,132,130
5282,114,99
5299,113,95
5316,98,86
5333,98,86
5350,107,113
5367,92,104
5384,124,120
5401,124,130
5418,121,138
5435,135,119
5451,135,119
5468,128,128
5484,116,118
5501,109,113
5518,135,125
5535,121,123
5552,153,147
5569,151,148
5586,154,147
5602,140,146
5620,155,153
5636,117,127
5652,148,162
5670,99,109
5687,106,121
5704,144,152
5721,131,125
5738,136,145
5755,161,148
5772,123,121
5789,143,124
5805,108,125
5822,108,125
5839,134,115
5856,113,114
5873,139,134
5889,110,111
5907,129,114
5924,119,113
5940,119,113
5957,110,136
5973,98,98
5989,110,98
6006,98,97
6023,120,129
6040,128,138
6057,120,100
6074,123,107
6091,119,109
6108,115,98
6124,115,124
6142,131,120
6159,132,131
6175,151,116
6192,151,116
6209,122,119
6225,119,128
6242,119,115
6260,117,116
6277,112,122
6294,121,107
6311,121,107
6328,126,95
6345,146,133
6361,128,124
6378,142,115
6396,119,121
6413,131,120
6429,129,116
6445,137,121
6462,126,122
6478,120,112
6495,122,122
6511,124,119
6528,104,100
6544,127,121
6561,127,121
6578,130,132
6594,135,128
6611,130,109
6627,120,113
6644,120,113
6661,140,143
6678,117,119
6695,93,113
6711,109,106
6728,109,87
6745,93,99
6761,88,104
6778,141,144
6795,104,161
6811,104,161
6828,137,124
6845,136,148
6861,134,142
6878,153,130
6894,167,172
6911,163,174
6928,173,164
6945,126,103
6961,115,122
6978,122,125
6995,148,151
7011,150,130
7028,103,113
7045,87,99
7061,111,109
7078,116,106
7096,152,144
7112,151,145
7128,154,159
7145,140,128
7161,146,118
7179,128,134
7195,152,142
7212,158,158
7229,152,156
7246,127,144
7263,129,107
7280,125,96
7297,126,124
7314,152,147
7331,152,152
7348,169,156
7365,162,174
7382,161,174
7399,123,139
7416,153,139
7433,151,149
7450,172,147
7466,135,148
7483,139,106
7501,127,124
7518,130,152
7535,149,159
7552,166,151
7569,150,115
7586,118,98
7603,100,122
7620,99,95
7637,156,151
7654,131,146
7671,131,146
7688,115,97
7705,99,99
7722,106,116
7739,159,151
7756,160,166
7773,167,164
7790,167,164
7807,165,165
7823,170,137
7839,174,165
7857,143,131
7873,155,153
7889,109,140
7905,126,136
7923,154,138
7940,162,130
7956,158,153
7973,156,156
7990,155,147
8006,161,133
8023,161,158
8040,172,141
8056,173,155
8072,174,169
8089,161,163
8106,151,120
8123,129,110
8140,136,152
8158,130,124
8175,115,115
8191,129,166
8207,137,128
8224,114,130
8241,143,145
8258,150,135
8275,128,124
8292,130,122
8308,125,136
8325,115,123
8341,139,131
8358,132,125
8375,129,145
8391,160,143
8407,151,172
8424,157,174
8441,134,157
8458,173,157
8475,174,154
8492,159,161
8508,157,173
8525,143,149
8543,150,166
8560,142,152
8576,144,145
8593,127,131
8610,146,113
8627,129,140
8643,141,146
8659,143,158
8676,140,122
8692,151,149
8709,119,116
8726,147,156
8743,133,148
8760,146,149
8776,141,121
8792,133,117
8809,131,137
8826,158,161
8843,134,134
8860,116,100
8877,131,112
8894,131,100
8911,122,117
8928,136,146
8944,125,124
8961,150,134
8977,125,124
8994,158,139
9011,97,108
9029,131,131
9045,107,122
9062,149,153
9078,138,108
9095,168,168
9111,127,111
9128,155,147
9146,124,114
9163,151,145
9179,137,117
9195,126,136
9212,123,134
9229,131,156
9245,116,146
9263,132,134
9279,114,113
9296,133,142
9313,170,170
9329,165,165
9345,167,172
9362,155,142
9379,146,136
9396,145,118
9413,136,126
9430,126,115
9447,137,143
9463,82,98
9480,146,146
9496,91,86
9513,168,159
9531,110,125
9547,84,87
9564,107,101
9581,98,99
9598,95,95
9615,82,78
9632,94,93
9649,75,81
9666,127,124
9683,86,109
9699,87,91
9716,94,113
9733,90,91
9749,92,103
9766,134,149
9783,166,171
9799,139,167
9816,125,143
9832,119,158
9849,121,127
9866,109,124
9882,109,124
9899,109,122
9916,90,112
9933,88,121
9950,101,117
9967,94,105
9984,85,106
10000,99,128
10017,108,112
10033,91,110
10051,104,106
10067,91,110
10084,106,96
10100,90,97
10116,99,97
10133,99,97
10150,74,87
10167,83,92
10183,90,93
10199,102,105
10216,117,114
10233,138,145
10250,138,145
10267,94,101
10284,145,143
10301,123,132
10318,111,120
10335,94,107
10353,92,78
10369,92,78
10386,91,75
10402,93,93
10419,76,81
10436,86,82
10453,102,101
10471,99,105
10488,85,80
10505,98,113
10521,100,79
10538,81,74
10555,73,73
10572,72,77
10590,62,68
10607,67,68
10624,79,87
10641,92,89
10658,94,81
10674,100,82
10691,90,69
10708,120,116
10726,102,106
10743,94,107
10759,80,85
10776,90,79
10793,120,112
10810,87,82
10826,86,81
10843,85,79
10861,125,131
10878,106,110
10894,145,137
10911,113,133
10927,127,146
10944,126,145
10961,80,96
10978,79,103
10994,130,131
11011,138,143
11028,135,140
11045,141,138
11062,98,95
11079,151,144
11096,117,112
11113,103,95
11130,82,87
11146,110,94
11163,79,86
11180,72,78
11196,78,74
11214,84,96
11231,150,156
11247,160,153
11265,166,154
11281,158,159
11298,161,158
11316,152,154
11332,151,140
11348,149,133
11365,144,148
11381,141,126
11397,139,127
11414,135,137
11431,145,125
11448,152,126
11466,100,86
11482,100,86
11498,122,99
11515,105,106
11533,91,77
11550,85,86
11566,84,81
11582,71,68
11598,78,59
11616,72,68
11632,82,63
11649,83,66
11666,76,61
11683,78,54
11700,121,129
11716,123,104
11733,116,99
11749,117,108
11765,110,98
11782,122,101
11798,101,97
11815,106,95
11832,106,87
11848,108,88
11866,120,102
11883,85,87
11899,79,81
11916,131,117
11934,97,112
11951,104,105
11968,106,90
11985,100,100
12001,94,80
12018,133,114
12035,102,91
12052,90,90
12068,102,100
12086,161,164
12102,161,164
12119,117,81
12136,111,108
12153,98,95
12169,168,167
12186,94,91
12203,106,95
12219,106,95
12237,106,88
12253,168,167
12270,108,114
12287,91,87
12304,85,76
12323,148,154
12340,148,154
12356,98,91
12373,73,86
12390,81,74
12407,153,146
12425,98,83
12441,86,67
12457,83,83
12474,138,136
12491,158,163
12507,117,108
12524,115,106
12541,136,128
12557,165,156
12574,157,155
12591,157,155
12608,138,132
12624,123,132
12641,146,139
12657,133,113
12674,123,92
12691,127,118
12707,126,115
12724,133,128
12740,149,141
12756,148,151
12773,163,165
12791,173,174
12807,170,162
12824,114,109
12841,114,109
12858,103,93
12875,96,99
12891,141,127
12907,108,102
12924,102,100
12941,86,90
12958,93,91
12975,103,96
12992,93,96
13009,87,97
13025,94,86
13042,83,72
13059,84,78
13076,78,73
13093,86,74
13110,74,84
13126,81,81
13144,88,80
13161,91,91
13178,74,80
13195,117,131
13212,117,131
13229,124,133
13245,82,95
13262,83,78
13279,77,75
13296,81,84
13313,79,86
13330,79,86
13347,72,79
13363,75,81
13380,87,75
13397,80,86
13413,110,109
13430,151,154
13447,119,109
13464,96,101
13481,168,167
13498,96,90
13515,168,167
13531,109,98
13548,168,167
13565,123,124
13582,101,90
13599,167,162
13616,80,98
13632,107,96
13649,108,106
13666,92,88
13686,128,111
13702,128,111
13718,89,98
13735,122,106
13752,105,105
13769,137,139
13786,128,147
13803,101,89
13820,101,89
13837,166,171
13853,129,103
13870,90,92
13886,129,122
13903,89,88
13921,113,79
13937,102,90
13954,88,94
13971,79,76
13987,78,79
14004,83,86
14021,92,83
14037,103,92
14054,88,76
14071,88,76
14087,94,100
14104,78,76
14121,91,79
14138,84,79
14155,93,89
14173,89,86
14190,89,86
14207,88,90
14225,82,92
14242,89,85
14259,80,94
14275,102,108
14292,101,103
14309,100,108
14326,138,139
14342,129,140
14360,110,121
14377,123,115
14394,130,117
14411,120,112
14428,121,130
14445,99,97
14462,98,92
14478,105,99
14494,136,150
14511,130,144
14528,127,133
14544,139,131
14561,139,131
14577,125,136
14594,122,124
14611,119,136
14628,123,132
14644,128,127
14661,117,128
14678,122,126
14695,134,115
14712,119,110
14729,108,110
14746,113,103
14762,106,96
14779,100,99
14795,140,131
14813,130,120
14829,134,141
14846,128,122
14862,127,131
14879,143,131
14896,146,117
14912,143,131
14928,152,136
14945,149,143
14961,128,135
14978,133,120
14995,136,130
15011,136,125
15028,127,126
15044,120,130
15061,123,128
15078,134,128
15094,129,128
15111,127,126
15128,169,154
15145,138,157
15161,134,146
15178,135,142
15195,164,172
15212,144,152
15228,141,140
15245,161,153
15262,173,155
15279,151,148
15295,155,146
15312,134,159
15329,148,146
15345,158,153
15362,158,167
15379,156,165
15396,158,148
15412,145,159
15428,142,144
15446,152,141
15463,147,142
15480,153,144
15496,159,156
15512,147,136
15529,153,148
15546,148,147
15563,158,164
15580,166,150
15597,168,133
15614,169,152
15631,168,152
15647,158,147
15664,146,149
15681,160,153
15699,160,161
15715,154,171
15731,162,167
15748,158,154
15765,158,159
15783,167,173
15799,174,163
15816,156,166
15832,155,154
15849,150,140
15866,158,140
15883,173,173
15900,164,174
15916,152,165
15932,149,152
15949,132,154
15966,132,141
15983,170,140
16000,160,152
16017,150,141
16033,155,152
16051,149,134
16068,150,136
16085,147,152
16102,133,144
16118,159,142
16135,172,170
16152,140,143
16168,170,171
16185,167,163
16202,117,148
16219,146,140
16235,139,164
16252,156,156
16268,151,152
16285,165,159
16301,158,153
16317,148,154
16334,174,174
16351,174,174
16367,154,159
16383,154,161
16400,156,156
16417,155,150
16434,132,145
16451,123,136
16467,120,144
16485,136,132
16502,131,126
16519,120,134
16535,131,132
16552,114,129
16569,121,127
16585,127,140
16603,100,127
16620,98,133
16636,132,126
16653,138,145
16671,137,130
16687,141,116
16705,143,111
16722,143,121
16738,139,132
16755,149,112
16773,136,118
16790,136,123
16807,120,102
16823,134,112
16841,120,113
16858,154,112
16875,171,124
16892,150,138
16908,146,145
16925,139,159
16942,148,161
16959,145,113
16976,128,159
16993,139,169
17011,135,155
17028,161,147
17044,138,135
17061,154,144
17077,131,146
17094,138,130
17111,148,154
17128,132,126
17144,130,118
17161,127,112
17178,120,124
17195,115,120
17212,118,119
17229,124,121
17245,104,126
17262,102,125
17279,154,163
17296,120,144
17313,101,127
17331,121,145
17348,131,122
17364,104,112
17381,126,135
17397,112,134
17414,109,114
17431,121,101
17448,113,134
17464,135,110
17481,101,118
17497,127,117
17514,125,117
17531,119,121
17547,116,120
17564,114,109
17581,108,109
17598,142,152
17614,134,120
17632,124,112
17649,123,118
17665,98,111
17682,103,108
17698,117,110
17715,111,109
17732,128,141
17748,125,147
17765,115,108
17782,98,106
17798,114,119
17815,111,125
17832,104,115
17848,111,115
17864,112,107
17881,112,107
17898,97,102
17914,113,92
17931,121,114
17948,130,131
17965,120,92
17983,103,94
17999,110,89
18015,94,93
18032,97,97
18048,106,122
18064,105,100
18081,98,110
18098,94,92
18115,85,95
18131,85,95
18148,148,130
18165,143,163
18181,149,168
18198,139,143
18214,121,143
18231,109,133
18247,116,145
18264,128,147
18281,147,135
18298,134,142
18315,137,146
18331,146,140
18348,136,143
18365,122,134
18383,115,103
18399,104,99
18415,99,90
18432,96,87
18448,98,85
18465,111,102
18482,101,92
18499,89,96
18516,96,106
18533,82,89
18550,74,90
18566,91,98
18582,96,93
18599,97,90
18615,94,93
18631,87,85
18648,85,86
18665,127,108
18682,130,105
18699,116,105
18716,114,98
18733,117,107
18749,110,98
18766,114,105
18783,167,157
18801,141,141
18817,151,156
18834,141,152
18851,109,104
18868,151,130
18885,149,150
18901,122,130
18918,155,122
18936,162,144
18953,123,113
18970,149,138
18986,142,141
19003,136,142
19021,163,167
19038,164,157
19055,158,174
19072,173,168
19089,171,165
19105,174,174
19122,173,143
19139,160,165
19156,139,138
19173,161,153
19189,156,165
19205,141,155
19222,171,164
19238,135,173
19255,132,140
19272,145,140
19288,157,135
19305,141,132
19322,153,150
19339,137,129
19356,136,111
19373,113,97
19390,152,135
19407,99,99
19424,128,136
19441,153,146
19457,119,119
19473,157,155
19490,120,124
19507,111,116
19523,169,174
19539,165,174
19556,174,168
19572,157,143
19589,165,156
19606,123,131
19622,162,164
19639,155,150
19656,139,132
19673,142,120
19689,122,128
19706,127,131
19723,134,120
19741,136,128
19757,126,133
19773,123,122
19790,125,105
19807,96,93
19824,93,87
19840,168,168
19857,172,173
19875,173,168
19892,159,172
19908,148,155
19924,136,141
19942,144,134
19958,120,149
19974,124,172
19991,159,153
20008,152,135
20025,138,136
20042,126,127
20059,163,171
20076,156,170
20093,153,163
20109,144,159
20126,109,116
20143,113,108
20159,134,97
20176,166,159
20193,135,140
20211,121,108
20228,104,108
20244,100,124
20260,91,123
20278,165,171
20295,167,174
20312,154,161
20330,119,139
20346,115,99
20363,115,116
20380,141,149
20397,134,136
20414,117,129
20432,113,124
20448,101,118
20465,110,121
20483,158,155
20499,157,171
20515,143,147
20532,101,101
20550,87,86
20566,101,133
20582,89,131
20599,144,144
20616,127,140
20633,133,142
20651,148,149
20667,104,140
20683,115,116
20699,152,152
20716,149,149
20732,126,122
20748,108,114
20765,102,99
20783,123,102
20801,117,125
20817,141,145
20833,141,142
20850,130,131
20866,108,88
20882,95,91
20899,88,81
20915,111,101
20932,118,115
20949,117,118
20965,120,121
20981,112,108
20998,107,107
21015,112,110
21031,91,101
21048,106,108
21065,107,105
21081,107,105
21098,104,105
21115,116,107
21132,107,122
21148,116,118
21165,117,105
21182,132,130
21199,120,121
21215,131,134
21233,134,145
21251,134,144
21268,124,137
21284,127,123
21301,126,123
21318,114,134
21334,102,108
21352,106,110
21369,122,109
21386,150,148
21403,160,163
21421,124,103
21438,165,160
21455,156,153
21471,170,157
21488,156,148
21505,146,147
21522,136,142
21540,123,134
21557,144,157
21573,153,169
21591,172,165
21607,154,159
21623,160,157
21640,169,171
21657,138,166
21674,149,155
21690,159,173
21708,156,157
21724,160,160
21740,152,151
21757,156,149
21774,167,174
21791,174,174
21809,169,167
21826,163,163
21842,173,167
21859,163,164
21876,163,154
21893,174,170
21909,174,165
21926,174,162
21943,164,162
21959,172,164
21976,161,161
21993,153,153
22009,162,151
22026,147,142
22044,137,145
22061,146,143
22078,147,132
22094,147,160
22111,167,159
22128,150,154
22145,163,156
22162,168,160
22178,167,150
22195,159,151
22211,170,168
22227,172,162
22243,168,168
22260,123,145
22278,134,134
22295,131,141
22311,131,141
22328,126,138
22344,124,137
22361,116,133
22378,112,137
22394,124,137
22411,145,150
22428,137,147
22445,124,147
22462,125,142
22479,125,137
22495,132,147
22512,138,146
22528,143,149
22545,140,154
22562,137,153
22579,138,161
22596,124,118
22614,144,127
22631,150,145
22647,133,135
22664,127,130
22681,127,130
22698,142,123
22714,156,156
22731,133,114
22747,173,156
22764,157,165
22781,159,173
22797,161,170
22813,167,171
22829,141,132
22846,163,159
22864,152,164
22880,158,165
22897,135,156
22914,127,129
22931,127,129
22947,143,126
22964,132,139
22980,129,117
22998,144,143
23015,121,134
23031,161,171
23048,173,172
23064,173,173
23081,153,148
23098,152,148
23115,128,127
23131,145,123
23148,127,122
23165,138,143
23181,151,127
23197,164,160
23214,114,112
23231,169,159
23247,96,110
23263,165,168
23281,108,106
23297,92,97
23314,107,116
23331,112,96
23348,102,89
23365,120,99
23381,150,136
23399,127,101
23416,116,102
23433,113,120
23449,115,110
23466,122,125
23483,150,170
23499,143,168
23516,135,143
23533,110,131
23549,114,128
23565,96,113
23583,101,103
23599,93,100
23615,92,97
23632,95,89
23649,88,92
23666,84,88
23684,89,89
23700,107,97
23717,119,129
23733,110,113
23749,103,107
23766,111,108
23782,112,112
23799,127,122
23815,115,117
23831,125,118
23848,120,109
23864,107,88
23881,96,84
23898,106,89
23915,97,93
23931,90,95
23948,99,87
23964,92,101
23980,100,91
23997,79,90
24013,99,92
24030,119,110
24048,116,100
24065,110,101
24081,106,91
24098,104,103
24114,104,101
24131,103,101
24148,112,108
24164,100,111
24180,90,111
24198,77,88
24214,92,86
24231,100,77
24247,83,77
24264,72,87
24282,72,87
24298,78,83
24315,72,65
24332,78,83
24349,81,82
24365,78,84
24381,83,84
24398,75,65
24415,75,72
24431,79,66
24448,82,83
24465,82,75
24482,72,79
24500,75,82
24516,75,87
24532,84,94
24549,79,80
24566,87,74
24582,82,96
24598,72,88
24615,73,84
24632,70,79
24648,70,79
24664,73,85
24680,78,74
24697,66,81
24714,75,76
24731,75,78
24748,69,82
24764,72,84
24780,74,82
24797,92,76
24814,84,76
24831,78,80
24847,71,72
24864,75,80
24880,76,78
24897,85,75
24914,73,72
24930,60,86
24947,79,79
24964,65,83
24981,77,72
24997,80,82
25014,72,79
25031,68,71
25048,63,66
25065,76,78
25082,74,86
25099,80,68
25116,77,79
25133,76,66
25149,75,55
25165,65,82
25182,75,61
25198,71,64
25215,76,77
25232,62,78
25248,69,79
25265,76,65
25281,67,60
25298,63,74
25316,137,160
25332,114,86
25348,101,96
25365,76,94
25382,77,86
25398,79,73
25414,68,73
25432,65,64
25448,65,65
25465,60,78
25482,76,67
25499,72,71
25516,167,92
25532,113,130
25549,124,166
25566,125,119
25582,91,117
25599,85,92
25616,109,118
25633,121,124
25649,118,113
25665,119,98
25682,125,108
25698,116,100
25715,105,104
25731,100,94
25748,116,101
25764,111,91
25781,109,87
25798,113,99
25815,87,89
25831,90,77
25848,148,148
25866,85,96
25883,104,106
25900,116,134
25917,115,115
25933,110,100
25949,117,135
25966,110,135
25984,130,96
26000,115,109
26017,123,114
26035,88,98
26051,107,96
26067,136,140
26084,151,157
26101,136,142
26117,163,157
26134,153,129
26150,123,102
26167,131,138
26183,146,155
26200,150,143
26218,158,153
26234,139,123
26250,139,123
26267,151,146
26284,155,158
26301,123,137
26318,151,130
26335,170,150
26351,154,160
26368,165,164
26385,151,160
26401,172,162
26419,172,173
26435,172,153
26451,167,166
26468,173,173
26484,160,140
26501,160,140
26517,117,120
26534,116,123
26552,104,107
26568,102,104
26584,97,91
26601,93,94
26617,93,99
26634,98,77
26652,88,98
26668,102,94
26685,85,104
26702,171,167
26719,171,164
26736,141,152
26752,148,135
26769,157,145
26785,128,150
26801,130,103
26818,105,94
26835,108,125
26852,120,104
26869,120,104
26886,98,116
26904,104,103
26921,103,88
26937,104,103
26954,95,85
26970,90,84
26987,93,87
27004,87,94
27020,81,71
27036,83,91
27054,85,76
27070,79,80
27088,83,84
27104,80,81
27121,83,73
27138,102,102
27155,119,122
27172,103,104
27189,94,103
27205,80,97
27221,87,80
27239,102,88
27256,100,104
27273,117,135
27290,90,96
27307,76,96
27324,75,89
27340,124,109
27357,124,98
27375,108,99
27391,109,97
27408,102,105
27425,96,103
27442,93,92
27458,99,83
27475,95,78
27492,97,79
27509,85,102
27525,79,91
27542,95,82
27558,117,107
27575,105,90
27592,112,94
27608,112,99
27625,85,104
27641,107,91
27658,97,87
27675,80,84
27692,82,96
27708,87,93
27725,82,83
27742,83,81
27759,79,78
27776,90,93
27793,114,110
27809,112,117
27826,93,90
27842,98,81
27859,103,89
27876,105,91
27893,85,89
27909,106,103
27926,110,105
27943,110,105
27960,108,113
27977,96,98
27994,125,128
28010,133,120
28028,128,131
28044,110,96
28060,96,89
28077,96,92
28094,142,153
28111,171,156
28128,167,172
28145,134,125
28161,124,138
28178,106,137
28196,164,162
28213,151,143
28229,154,153
28246,103,133
28263,110,127
28280,131,106
28297,122,127
28314,150,142
28331,159,131
28348,111,126
28365,90,106
28382,121,113
28399,131,95
28416,159,150
28433,139,149
28450,131,142
28467,134,154
28484,149,154
28500,163,164
28516,152,141
28533,160,138
28549,169,164
28565,149,130
28582,136,144
28600,124,139
28617,124,113
28634,173,172
28651,174,159
28667,142,145
28684,161,166
28700,142,131
28717,125,131
28734,125,120
28751,135,141
28767,133,149
28783,121,118
28800,122,136
28817,109,101
28834,108,98
28851,116,114
28868,107,106
28884,102,110
28901,118,109
28918,119,101
28934,124,100
28950,128,110
28967,112,98
28984,108,109
29000,125,115
29017,111,119
29033,112,116
29050,108,122
29067,132,134
29085,114,106
29102,124,125
29118,119,121
29135,113,122
29152,162,171
29168,151,167
29185,153,140
29203,155,162
29219,159,173
29235,130,150
29252,112,136
29269,152,154
29285,172,145
29302,132,129
29319,150,130
29336,139,136
29352,131,129
29368,137,117
29385,161,147
29401,152,146
29419,143,127
29436,137,148
29453,139,155
29470,128,141
29486,169,169
29504,154,154
29520,162,163
29537,174,174
29555,167,166
29571,167,166
29588,166,164
29605,174,174
29622,174,174
29638,164,174
29655,174,174
29671,163,174
29687,158,154
29703,173,173
29720,147,158
29737,143,142
29754,168,172
29770,135,134
29787,120,127
29804,94,100
29820,94,100
29837,105,136
29854,103,103
29871,95,110
29888,85,94
29905,162,155
29922,169,161
29939,169,161
29956,134,136
29974,113,107
29990,102,116
30008,141,147
30025,134,136
30044,125,129
30060,151,131
30077,149,145
30094,128,135
30110,138,136
30127,172,173
30143,164,159
30160,169,159
30177,172,174
30193,174,172
30210,164,162
30226,173,172
30243,174,174
30260,173,173
30276,133,136
30293,123,116
30310,123,116
30327,118,110
30344,174,174
30360,174,173
30376,143,131
30394,108,117
30410,128,104
30426,104,86
30444,138,146
30461,137,155
30478,122,135
30495,139,121
30512,120,92
30528,107,101
30544,134,154
30561,142,130
30578,130,130
30595,137,113
30612,118,104
30629,109,96
30645,95,95
30661,120,131
30678,120,120
30694,104,102
30711,99,104
30728,85,90
30745,114,112
30762,140,142
30780,158,153
30796,115,135
30814,111,129
30830,119,126
30847,119,134
30863,104,101
30880,123,135
30897,127,145
30914,112,102
30931,112,102
30947,124,125
30963,117,106
30980,161,132
30997,143,126
31015,132,124
31031,121,131
31047,117,131
31064,112,122
31080,110,125
31097,125,134
31113,124,145
31130,121,139
31147,102,99
31163,103,93
31180,87,89
31197,116,124
31214,150,142
31230,151,151
31247,100,106
31263,92,73
31280,95,71
31296,98,75
31313,72,74
31329,78,76
31346,89,73
31363,85,68
31379,85,67
31395,73,83
31412,152,151
31429,144,152
31446,106,110
31463,102,105
31479,103,99
31496,109,97
31513,130,131
31530,141,140
31548,130,153
31565,128,117
31581,90,87
31598,69,84
31615,74,74
31631,161,140
31648,145,140
31665,147,137
31682,149,135
31699,152,134
31715,133,139
31731,138,133
31748,147,144
31764,120,140
31781,143,138
31798,130,112
31815,133,144
31833,115,129
31850,134,121
31867,143,136
31884,135,131
31900,130,131
31917,145,137
31934,125,99
31950,100,105
31966,81,80
31983,78,79
32000,76,79
32017,80,93
32034,95,108
32051,95,99
32068,174,174
32084,171,167
32102,157,154
32119,147,139
32135,131,122
32152,117,128
32169,121,112
32186,107,119
32203,95,99
32220,98,86
32237,88,66
32253,75,71
32269,78,88
32286,94,94
32302,122,98
32319,107,106
32336,76,89
32354,89,81
32370,125,128
32386,161,152
32403,142,152
32420,139,150
32437,117,122
32454,122,143
32470,122,128
32487,134,125
32504,164,167
32520,159,146
32536,147,147
32554,127,122
32570,140,123
32586,167,169
32604,151,163
32620,154,157
32637,134,148
32654,142,143
32671,155,150
32689,138,127
32706,122,130
32723,128,116
32740,124,126
32756,120,123
32773,124,124
32790,130,118
32807,170,170
32824,170,174
32841,171,174
32857,155,159
32874,159,163
32891,148,150
32908,140,154
32924,152,149
32941,163,159
32958,152,153
32974,172,172
32991,168,168
33008,158,160
33024,164,163
33041,154,154
33058,140,146
33074,139,144
33091,143,140
33108,134,133
33125,164,169
33141,164,169
33158,135,130
33175,131,141
33191,150,151
33208,146,129
33225,112,99
33241,101,101
33257,109,120
33274,115,127
33290,120,118
33307,120,119
33324,115,113
33342,143,154
33358,172,169
33375,143,143
33391,143,143
33408,157,162
33425,181,180
33443,172,168
33460,151,144
33477,147,151
33494,144,145
33511,144,145
33528,121,132
33544,122,116
33561,170,168
33578,162,158
33594,114,120
33611,125,124
33627,119,119
33645,112,113
33662,169,162
33678,157,147
33696,135,121
33713,132,81
33730,84,48
33747,86,47
33764,168,166
33781,174,174
33797,167,162
33815,160,164
33832,157,130
33850,125,120
33866,109,102
33883,97,92
33900,86,79
33917,81,75
33935,73,69
33952,58,67
33968,63,60
33985,159,146
34001,119,125
34018,113,108
34035,139,94
34052,116,88
34069,78,80
34086,104,62
34104,56,56
34120,58,58
34138,69,46
34154,52,46
34172,57,42
34189,57,50
34205,154,153
34222,159,156
34239,161,153
34255,164,144
34272,157,148
34288,155,130
34305,165,152
34322,149,146
34338,147,140
34355,140,156
34372,155,149
34390,147,150
34407,149,159
34423,148,153
34440,139,126
34457,101,118
34474,90,114
34490,90,106
34507,70,90
34524,125,139
34540,131,146
34557,151,142
34573,123,133
34590,121,116
34607,123,142
34624,139,142
34641,125,148
34658,117,130
34675,109,138
34692,127,112
34710,119,107
34726,169,160
34744,154,166
34760,148,149
34777,126,122
34794,120,126
34811,102,115
34828,98,111
34845,136,136
34862,126,121
34879,128,124
34896,127,123
34913,130,98
34930,119,128
34946,155,168
34963,138,135
34980,141,151
34997,129,134
35013,99,120
35030,109,111
35047,125,136
35063,144,147
35080,146,130
35097,146,147
35114,157,154
35130,144,153
35147,158,158
35163,160,160
35180,173,169
35197,152,166
35214,146,165
35230,131,150
35246,160,170
35263,159,169
35280,173,174
35297,158,147
35313,149,137
35330,172,171
35347,147,145
35364,130,135
35381,170,170
35398,171,171
35415,140,143
35432,168,169
35450,159,167
35466,173,173
35483,174,174
35500,174,174
35517,174,174
35534,174,174
35551,148,135
35568,135,120
35585,171,173
35602,122,153
35619,115,141
35636,144,172
35653,126,137
35670,167,168
35686,142,141
35703,126,110
35720,165,132
35736,146,120
35753,134,112
35770,128,120
35787,109,114
35803,142,136
35820,167,159
35837,147,146
35854,151,158
35871,149,156
35889,155,145
35905,163,147
35922,161,157
35939,152,127
35956,138,130
35973,121,133
35990,126,124
36007,121,103
36024,133,154
36040,135,144
36057,147,152
36073,122,126
36090,108,127
36107,98,122
36124,119,108
36141,156,111
36158,154,122
36174,115,114
36190,118,110
36208,92,92
36225,88,72
36241,165,159
36258,136,136
36275,138,118
36292,143,128
36309,108,129
36325,94,97
36342,168,168
36359,140,145
36375,133,136
36392,168,170
36410,169,167
36427,167,166
36444,161,162
36461,157,162
36478,159,163
36495,166,167
36512,173,173
36528,153,174
36544,149,150
36561,139,159
36578,132,142
36594,135,133
36611,129,133
36628,140,123
36645,107,101
36663,97,103
36680,156,157
36696,87,97
36713,106,97
36730,94,111
36747,71,69
36764,57,62
36780,122,137
36797,135,133
36814,110,86
36832,103,87
36848,91,98
36864,135,135
36881,137,144
36897,93,120
36914,142,122
36932,110,91
36948,102,116
36965,127,126
36982,169,152
36999,156,153
37016,139,138
37033,137,143
37050,118,119
37066,105,110
37083,136,143
37099,153,161
37116,167,155
37134,145,131
37150,145,127
37167,117,110
37183,169,169
37200,174,174
37216,174,173
37232,137,138
37249,134,123
37265,82,93
37282,84,84
37299,75,80
37316,61,71
37333,52,62
37350,52,61
37367,51,63
37384,52,60
37400,50,62
37418,74,69
37435,73,67
37451,71,60
37467,72,60
37485,69,58
37502,67,55
37519,72,58
37535,68,51
37552,70,49
37569,70,49
37586,62,48
37603,48,40
37619,43,42
37635,152,154
37653,74,80
37670,72,68
37687,76,77
37704,62,56
37722,121,139
37739,160,171
37755,129,139
37772,121,117
37790,92,114
37806,64,82
37823,58,78
37840,167,167
37856,112,124
37872,77,76
37889,99,111
37906,89,113
37923,63,78
37940,63,78
37956,107,138
37973,46,60
37990,47,56
38006,59,89
38023,38,52
38040,44,53
38057,66,75
38074,67,54
38090,61,54
38107,65,63
38123,57,56
38141,61,51
38158,58,55
38175,51,49
38192,47,45
38208,55,45
38225,46,48
38242,34,35
38259,33,41
38275,39,38
38292,37,34
38309,37,34
38326,34,32
38342,29,29
38360,33,25
38377,164,166
38393,142,150
38410,162,152
38427,157,148
38444,110,107
38462,99,94
38478,115,113
38495,74,72
38511,62,67
38528,44,54
38545,32,29
38562,35,24
38580,35,29
38597,158,159
38613,133,133
38630,164,161
38647,161,155
38663,154,154
38680,154,154
38697,170,168
38713,157,164
38731,165,161
38748,163,157
38765,153,153
38781,142,147
38799,134,132
38815,136,134
38832,112,110
38850,99,103
38866,88,78
38883,89,96
38900,97,89
38916,174,174
38933,169,174
38950,164,154
38967,162,159
38984,154,150
39001,136,135
39018,129,135
39035,139,151
39052,150,152
39070,162,151
39086,138,136
39103,141,128
39121,137,131
39137,142,116
39154,126,121
39171,126,121
39188,118,105
39205,108,109
39221,139,139
39238,171,171
39255,154,174
39271,148,157
39288,149,151
39305,148,155
39321,138,144
39338,165,158
39354,172,169
39371,165,148
39388,141,142
39405,144,135
39421,144,135
39438,143,141
39455,136,149
39472,150,137
39490,139,154
39507,143,150
39524,138,141
39541,138,141
39557,139,146
39575,124,122
39591,113,118
39608,103,104
39625,107,99
39642,102,86
39658,168,167
39676,105,104
39693,121,131
39709,133,137
39726,152,157
39743,149,149
39760,162,146
39777,148,148
39794,163,156
39812,157,162
39828,158,160
39844,167,169
39861,160,155
39879,165,162
39896,167,166
39913,153,148
39930,156,154
39947,153,135
39964,163,161
39981,164,162
39998,154,154
40015,156,151
40031,123,134
40048,150,150
40065,130,117
40081,128,132
40098,156,156
40115,157,148
40132,143,135
40148,146,130
40166,162,152
40182,159,146
40198,173,172
40216,142,141
40232,148,146
40248,159,158
40265,162,160
40282,168,162
40298,159,158
40315,158,158
40331,148,145
40348,138,127
40365,112,100
40381,82,79
40397,83,91
40414,112,101
40431,98,109
40447,82,81
40463,89,73
40481,98,88
40497,87,78
40513,174,174
40530,174,174
40547,93,100
40564,98,121
40582,77,91
40599,81,85
40615,167,168
40632,174,174
40649,174,174
40665,163,151
40681,153,155
40698,160,145
40714,152,137
40731,151,129
40748,166,152
40765,135,138
40781,140,135
40799,125,147
40816,116,128
40833,125,125
40849,125,122
40866,126,125
40882,117,121
40898,117,121
40915,117,116
40931,119,117
40948,121,114
40965,121,123
40982,117,124
40998,121,119
41014,119,118
41032,117,118
41048,114,113
41064,135,127
41082,122,130
41099,128,125
41116,125,124
41133,115,120
41150,117,119
41166,117,110
41182,117,114
41200,119,111
41216,115,117
41232,162,168
41249,151,155
41266,171,153
41283,159,161
41300,158,154
41317,171,159
41334,159,139
41352,154,146
41368,155,128
41385,173,145
41402,143,153
41419,147,151
41437,158,158
41453,133,135
41470,141,140
41487,136,139
41504,119,114
41521,140,136
41537,146,146
41553,147,148
41570,141,142
41587,151,148
41603,130,152
41620,150,147
41637,130,148
41654,130,151
41670,144,144
41687,140,145
41703,162,168
41720,154,153
41737,149,142
41754,142,138
41772,111,145
41789,114,128
41806,161,166
41823,129,143
41840,124,125
41856,112,131
41873,132,117
41890,114,118
41907,134,115
41924,163,166
41942,154,151
41958,136,146
41975,154,147
41991,143,147
42008,143,147
42025,152,156
42042,153,146
42058,132,131
42075,137,125
42091,152,143
42107,132,144
42124,160,159
42140,173,173
42158,174,164
42175,124,119
42192,127,138
42209,132,131
42225,171,171
42242,144,140
42258,124,122
42275,158,157
42292,173,172
42311,174,172
42328,166,166
42346,174,174
42363,174,173
42380,174,174
42397,173,158
42413,138,138
42430,134,132
42447,149,142
42464,166,139
42480,160,168
42497,130,142
42514,148,144
42530,171,172
42546,128,130
42563,162,154
42580,147,137
42597,171,172
42613,143,154
42630,126,137
42646,171,172
42663,132,134
42680,125,127
42696,136,129
42713,169,172
42730,118,125
42747,126,125
42764,144,124
42782,160,166
42798,173,172
42814,174,174
42832,173,171
42849,160,164
42866,162,157
42883,174,174
42900,155,131
42916,150,151
42933,161,149
42949,139,134
42966,154,154
42983,155,125
43000,132,129
43017,153,148
43033,131,134
43049,122,127
43066,121,127
43083,135,143
43100,156,150
43117,157,145
43134,156,153
43151,129,127
43168,133,136
43185,114,106
43201,135,119
43219,142,130
43236,142,137
43252,174,171
43269,174,174
43286,162,171
43303,162,166
43320,163,174
43337,161,161
43353,153,168
43370,165,174
43386,168,169
43403,156,174
43420,168,174
43437,154,163
43454,155,148
43471,163,160
43487,143,158
43503,158,141
43520,144,164
43537,168,143
43554,146,168
43571,139,162
43588,145,131
43605,135,134
43623,160,164
43639,154,153
43655,143,159
43674,149,158
43692,142,162
43709,152,151
43727,134,121
43744,152,159
43760,129,155
43776,139,138
43793,131,144
43809,144,159
43826,107,125
43843,169,170
43859,123,123
43877,150,164
43894,170,174
43911,165,173
43927,165,170
43944,171,174
43961,171,174
43977,153,168
43994,141,147
44012,145,140
44028,122,128
44044,170,170
44061,174,174
44077,162,162
44094,144,141
44111,157,142
44127,139,136
44144,128,124
44160,159,164
44177,135,122
44194,144,136
44210,161,146
44228,147,144
44244,167,157
44260,174,137
44277,154,136
44295,123,144
44312,86,104
44328,101,101
44345,87,109
44362,71,74
44379,116,129
44395,138,139
44412,129,131
44428,118,110
44445,109,119
44462,103,97
44478,100,121
44495,164,159
44512,136,145
44528,141,147
44545,149,149
44562,144,135
44579,139,132
44595,122,139
44613,150,130
44630,139,140
44647,135,140
44663,131,132
44679,140,131
44697,171,174
44714,142,150
44731,159,166
44747,173,174
44764,174,174
44782,174,171
44800,174,174
44816,174,174
44833,174,168
44849,157,160
44867,125,136
44883,109,120
44900,117,119
44916,116,124
44933,83,105
44950,77,101
44967,73,81
44984,60,73
45001,72,85
45018,125,150
45037,156,160
45053,149,145
45070,156,153
45087,151,110
45104,124,114
45121,132,134
45138,129,119
45155,124,117
45172,103,96
45190,98,73
45207,89,75
45224,91,81
45240,122,132
45257,115,119
45274,116,116
45290,88,85
45308,93,64
45325,88,79
45341,169,142
45359,150,141
45376,172,153
45393,155,139
45409,140,128
45426,143,148
45443,145,143
45461,133,130
45478,136,132
45495,138,147
45511,113,127
45527,174,166
45544,160,149
45561,173,164
45578,133,142
45595,154,155
45613,139,136
45629,162,166
45646,142,152
45663,149,172
45679,145,141
45696,156,143
45713,157,153
45730,152,137
45747,151,160
45764,172,172
45780,174,174
45798,169,168
45814,153,155
45831,149,140
45848,153,113
45866,123,117
45883,162,160
45900,130,129
45917,117,111
45934,100,116
45951,121,103
45968,87,95
45984,111,93
46000,129,121
46018,134,105
46034,112,88
46051,91,84
46068,91,84
46085,168,92
46103,121,143
46120,125,168
46136,143,133
46153,104,147
46170,106,128
46186,104,119
46203,95,93
46220,101,109
46236,102,86
46253,86,72
46269,68,66
46286,59,67
46302,80,83
46320,90,94
46336,61,79
46353,64,74
46369,62,65
46386,48,52
46403,49,53
46420,47,53
46437,46,52
46454,46,52
46471,37,34
46488,39,32
46505,41,33
46522,86,85
46540,105,101
46556,104,105
46573,144,145
46590,145,146
46607,140,139
46624,171,171
46641,164,162
46658,149,152
46676,156,156
46692,173,173
46708,168,170
46724,161,159
46741,173,168
46757,161,158
46774,158,144
46790,144,146
46807,150,141
46824,137,129
46840,150,170
46857,173,161
46873,147,140
46890,155,156
46906,138,131
46922,135,139
46940,136,133
46956,123,150
46973,135,160
46990,147,155
47007,139,151
47024,135,158
47040,130,133
47057,171,171
47073,168,173
47090,151,164
47107,166,167
47123,174,172
47140,179,176
47157,173,162
47174,159,148
47191,164,152
47207,148,145
47224,151,146
47241,147,138
47258,122,119
47275,172,166
47291,169,158
47308,167,152
47325,129,130
47341,152,128
47358,132,127
47375,163,171
47391,158,174
47408,147,167
47424,172,172
47440,154,164
47457,133,147
47475,173,172
47492,168,174
47508,170,174
47525,160,155
47542,133,156
47558,141,134
47575,146,146
47592,172,160
47608,151,153
47625,154,157
47641,156,162
47657,128,146
47674,161,145
47691,149,158
47707,158,167
47724,153,142
47741,153,146
47759,136,121
47776,130,118
47794,121,115
47811,161,146
47828,136,130
47845,139,121
47862,116,100
47879,88,76
47897,83,74
47913,122,142
47930,112,119
47947,119,106
47964,130,126
47981,102,123
47998,104,112
48014,131,147
48031,128,147
48048,140,153
48065,154,144
48081,129,119
48097,128,128
48115,170,142
48131,116,110
48147,140,121
48164,111,112
48182,133,120
48199,110,94
48215,118,91
48232,107,81
48248,99,77
48264,83,92
48281,88,99
48299,73,78
48315,74,66
48332,123,138
48348,140,144
48366,142,127
48383,128,123
48400,106,97
48416,102,86
48433,108,80
48449,115,128
48466,104,110
48483,103,85
48499,105,83
48516,71,70
48533,67,65
48549,67,56
48566,150,139
48583,108,115
48600,109,97
48617,103,125
48633,90,108
48650,90,108
48667,142,145
48683,135,151
48701,142,146
48718,115,108
48734,111,122
48750,122,123
48768,152,160
48785,145,148
48802,149,149
48819,146,144
48837,158,147
48854,154,146
48870,167,172
48887,170,149
48904,165,172
48921,160,174
48938,173,161
48955,144,152
48973,140,138
48990,168,171
49007,161,154
49023,134,151
49040,145,142
49056,147,126
49074,155,139
49090,173,171
49107,153,150
49126,167,170
49143,174,164
49159,174,173
49177,174,174
49194,173,173
49210,174,174
49227,174,174
49244,169,159
49262,158,149
49278,131,136
49295,124,133
49311,155,162
49328,168,153
49344,135,153
49360,134,141
49377,128,126
49395,129,123
49412,170,170
49428,174,174
49444,152,157
49460,160,169
49477,154,156
49493,149,136
49509,149,136
49526,163,152
49544,173,159
49560,151,151
49577,127,130
49594,136,138
49611,133,140
49627,144,146
49643,153,142
49660,139,143
49677,136,132
49694,150,138
49710,139,125
49728,171,170
49745,164,147
49762,154,152
49780,170,166
49796,127,138
49813,125,141
49829,123,131
49846,168,130
49864,146,133
49881,139,130
49898,125,139
49915,112,113
49932,111,124
49949,167,170
49965,160,153
49983,155,151
50000,145,155
50016,140,157
50033,132,139
50049,145,135
50066,142,127
50083,135,135
50099,139,140
50116,164,164
50133,158,154
50149,163,168
50166,160,154
50183,158,150
50199,170,172
50216,153,162
50232,147,174
50250,147,174
50266,153,169
50283,143,155
50299,132,136
50316,137,134
50333,129,125
50350,117,120
50367,98,103
50384,102,96
50401,107,128
50418,93,86
50435,91,104
50452,66,67
50469,58,52
50485,147,147
50503,166,165
50519,126,132
50536,87,85
50553,62,89
50570,51,70
50587,138,137
50604,83,107
50621,88,106
50638,135,131
50654,95,81
50670,97,120
50688,141,144
50704,147,144
50720,128,130
50736,152,150
50754,170,174
50770,170,165
50787,152,152
50804,174,174
50820,172,174
50837,158,154
50854,134,140
50871,100,99
50887,87,80
50904,167,167
50920,174,174
50937,152,144
50953,146,138
50970,124,126
50987,135,118
51003,105,99
51019,152,140
51037,141,141
51053,101,70
51069,102,98
51086,64,84
51102,51,65
51118,47,60
51135,119,91
51151,53,59
51168,52,40
51185,32,43
51201,32,33
51217,32,34
51235,42,70
51252,44,57
51269,44,50
51286,44,44
51302,44,42
51319,46,41
51336,134,136
51353,154,154
51369,112,108
51386,74,70
51403,68,74
51419,58,51
51436,44,45
51452,43,43
51469,32,32
51487,35,32
51503,33,38
51519,30,31
51536,40,32
51553,151,151
51571,125,125
51588,114,111
51604,145,147
51621,162,165
51638,159,157
51656,156,158
51672,170,174
51689,156,163
51707,139,137
51723,124,124
51740,138,139
51757,126,117
51775,116,108
51791,95,89
51807,92,83
51824,66,68
51841,61,49
51857,51,52
51874,118,117
51891,132,138
51908,148,152
51924,150,156
51941,138,137
51957,110,99
51973,121,120
51991,113,118
52008,111,107
52025,86,91
52041,67,84
52059,63,86
52076,61,60
52093,159,167
52110,171,174
52126,163,148
52143,155,146
52159,112,99
52176,94,103
52193,119,112
52211,84,88
52228,74,84
52244,51,42
52261,49,54
52277,54,56
52294,158,153
52311,173,173
52328,140,149
52344,165,169
52361,156,159
52378,139,129
52394,114,116
52411,169,166
52428,161,163
52444,138,134
52462,159,162
52479,116,158
52497,132,146
52513,165,169
52529,161,169
52546,141,143
52562,115,116
52578,117,100
52596,99,92
52613,111,106
52629,169,169
52647,169,174
52663,171,162
52679,167,155
52696,148,150
52712,138,129
52729,146,142
52746,163,166
52763,168,158
52779,150,157
52796,168,144
52812,149,124
52829,147,137
52845,169,154
52862,145,131
52879,134,123
52895,134,137
52912,130,118
52929,137,131
52946,171,171
52963,153,174
52979,156,174
52997,160,148
53014,131,145
53031,144,141
53047,166,161
53064,173,142
53080,173,142
53097,151,143
53114,173,143
53131,153,135
53148,145,144
53165,161,161
53181,141,136
53198,145,143
53215,149,145
53232,146,133
53249,135,129
53265,121,118
53282,107,97
53299,92,88
53317,84,84
53334,96,89
53350,90,86
53367,94,78
53383,113,123
53400,152,137
53417,156,146
53434,159,158
53450,159,158
53468,155,149
53485,172,171
53502,141,140
53519,144,144
53535,170,172
53552,174,167
53568,174,167
53585,168,169
53601,174,167
53619,174,174
53637,162,172
53653,174,173
53670,170,161
53687,174,172
53703,174,174
53720,174,174
53737,174,174
53754,169,166
53770,174,174
53787,172,164
53803,111,125
53820,111,125
53837,111,115
53854,109,119
53870,144,161
53888,133,168
53904,170,173
53921,159,158
53937,159,158
53953,164,166
53970,173,174
53986,172,163
54003,159,156
54020,162,164
54037,173,171
54054,140,148
54070,140,148
54087,146,142
54104,143,133
54120,128,144
54138,147,140
54155,133,135
54172,139,138
54188,139,138
54204,148,154
54222,146,146
54239,170,161
54256,168,167
54274,154,158
54290,122,126
54306,143,129
54323,149,142
54339,127,120
54355,146,141
54373,132,146
54389,138,140
54406,146,137
54423,129,134
54439,129,134
54456,170,172
54473,161,173
54490,173,174
54506,157,158
54523,126,115
54539,147,147
54555,172,168
54572,144,145
54589,127,123
54607,125,128
54623,129,132
54640,142,133
54656,136,135
54673,126,127
54689,146,130
54706,136,127
54722,122,126
54739,127,125
54756,125,123
54774,146,142
54790,155,154
54806,156,164
54823,116,120
54839,125,122
54856,148,144
54872,151,162
54889,131,135
54906,136,144
54923,156,169
54941,160,164
54958,145,143
54974,172,166
54991,155,141
55009,123,123
55026,131,119
55042,122,144
55059,97,112
55075,82,83
55093,78,101
55109,135,125
55126,143,134
55143,89,87
55159,135,139
55175,105,97
55193,160,153
55209,113,101
55225,101,97
55242,138,132
55258,106,102
55275,162,158
55291,173,172
55308,143,141
55325,132,128
55342,170,169
55359,154,152
55375,95,80
55392,134,143
55409,112,113
55426,82,87
55443,140,148
55460,104,107
55477,100,119
55494,112,113
55510,143,147
55527,96,106
55544,82,67
55561,125,143
55578,119,125
55595,101,118
55612,142,136
55629,150,142
55646,170,166
55662,130,130
55679,142,147
55696,124,127
55713,134,137
55730,169,166
55747,164,158
55763,154,147
55780,142,132
55796,126,130
55812,135,135
55829,146,132
55846,172,169
55863,168,148
55879,150,156
55896,136,124
55913,128,128
55929,131,128
55946,153,156
55963,155,156
55979,146,150
55996,165,158
56013,152,169
56030,158,161
56047,163,159
56064,174,174
56080,168,174
56097,163,167
56114,156,151
56130,148,148
56147,139,148
56164,150,151
56181,153,144
56198,137,129
56215,139,135
56232,120,121
56249,122,118
56266,151,162
56282,144,137
56299,140,142
56316,131,133
56332,127,132
56349,129,129
56365,123,121
56382,120,117
56399,120,118
56416,114,114
56434,114,115
56450,114,115
56467,115,114
56483,121,120
56501,118,115
56517,117,115
56534,112,115
56552,112,112
56569,111,111
56586,169,169
56603,147,150
56619,158,168
56636,153,154
56653,138,142
56669,147,147
56687,138,142
56704,154,152
56720,171,167
56737,153,146
56754,152,147
56771,149,143
56787,137,134
56804,143,135
56822,140,133
56839,146,137
56855,134,124
56872,119,114
56889,106,103
56905,99,96
56923,145,146
56939,149,150
56956,158,157
56973,174,173
56990,170,170
57006,164,168
57023,171,174
57039,174,174
57056,173,173
57073,172,174
57090,174,174
57107,168,166
57123,173,174
57139,173,174
57157,142,156
57174,157,152
57190,173,172
57207,126,123
57224,170,170
57240,143,153
57257,167,174
57273,159,163
57290,170,170
57306,163,165
57323,162,157
57340,173,173
57356,171,167
57373,136,132
57389,136,132
57405,116,112
57422,105,120
57438,154,160
57455,130,133
57472,123,127
57489,162,144
57507,157,147
57524,130,136
57540,146,138
57557,142,139
57574,171,172
57592,149,145
57608,134,142
57624,134,115
57641,127,136
57658,170,171
57674,139,149
57691,164,152
57707,163,159
57723,163,174
57740,166,166
57756,174,163
57773,174,174
57789,174,174
57807,155,152
57823,147,144
57840,140,131
57857,126,111
57874,128,106
57891,114,135
57907,128,142
57923,140,121
57940,135,109
57957,104,112
57974,115,132
57990,150,133
58007,141,138
58024,139,112
58041,113,104
58058,109,98
58075,105,108
58091,105,97
58109,96,94
58126,102,93
58142,89,101
58158,89,80
58174,100,106
58191,155,160
58208,173,164
58225,114,136
58241,122,126
58258,125,118
58275,117,129
58291,98,94
58308,128,125
58325,124,145
58342,110,101
58359,123,126
58376,126,118
58393,116,102
58410,169,169
58426,139,153
58443,119,124
58460,123,127
58477,127,124
58493,126,116
58510,145,145
58527,162,152
58543,162,165
58560,146,160
58577,153,135
58594,143,143
58610,151,141
58628,151,150
58644,137,135
58662,134,98
58678,119,103
58694,89,81
58711,89,84
58727,108,100
58744,160,158
58760,128,137
58777,138,144
58794,131,132
58810,125,122
58828,122,123
58844,146,150
58861,147,138
58879,133,133
58895,123,113
58912,93,89
58929,104,99
58945,119,103
58962,105,122
58979,112,115
58996,101,85
59013,73,81
59029,69,83
59046,115,115
59063,174,145
59081,151,140
59098,137,124
59114,150,138
59130,135,127
59148,133,134
59165,151,138
59182,148,155
59199,124,141
59216,131,113
59233,135,121
59250,140,134
59266,107,134
59283,142,131
59300,142,133
59317,139,134
59334,144,139
59351,136,123
59369,119,100
59386,134,123
59403,128,131
59419,137,141
59435,168,165
59453,163,168
59469,167,168
59485,173,174
59502,174,174
59519,174,173
59535,158,157
59551,166,158
59569,144,151
59585,163,170
59602,163,161
59619,157,166
59636,153,152
59653,159,162
59670,141,157
59687,148,144
59704,171,156
59721,155,164
59739,105,124
59756,135,158
59772,128,134
59789,116,87
59805,167,172
59822,163,170
59839,164,171
59855,140,138
59873,165,170
59889,123,148
59906,143,168
59923,172,174
59940,146,152
59957,134,127
59974,125,126
59991,129,128
60008,134,130
60024,165,164
60041,172,172
60059,148,144
60076,131,134
60093,171,168
60109,150,147
60126,144,150
60142,135,138
60159,115,124
60175,125,129
60192,123,127
60209,129,119
60225,118,121
60241,127,127
60259,139,140
60276,142,139
60293,139,141
60310,151,152
60327,139,140
60343,171,171
60360,149,146
60377,147,146
60394,153,156
60411,172,173
60428,169,167
60444,161,163
60461,154,153
60478,157,156
60495,152,149
60512,139,134
60529,143,151
60546,171,171
60562,174,169
60579,153,150
60595,131,138
60613,154,156
60630,168,161
60647,117,95
60663,164,156
60681,173,172
60698,172,174
60714,174,174
60731,174,174
60748,167,170
60764,174,172
60781,162,160
60798,138,140
60814,131,128
60830,149,148
60847,144,145
60864,150,148
60881,172,168
60897,161,160
60914,168,168
60931,164,165
60949,154,145
60966,169,164
60982,174,174
60999,174,174
61016,169,168
61033,153,151
61049,167,171
61067,139,136
61084,161,164
61101,149,146
61117,151,150
61135,142,146
61151,145,140
61169,97,100
61186,170,170
61202,174,174
61219,174,171
61236,154,158
61253,149,153
61270,156,130
61287,138,115
61304,136,145
61321,133,135
61339,133,138
61355,131,132
61371,131,137
61389,140,136
61406,142,143
61423,147,155
61441,140,137
61457,113,128
61473,87,99
61491,98,86
61508,89,65
61524,64,86
61540,39,43
61557,42,46
61574,40,37
61591,31,30
61608,28,24
61625,137,144
61642,172,171
61659,174,172
61675,171,168
61692,174,168
61709,141,134
61726,134,123
61743,165,162
61761,163,167
61777,113,113
61794,131,148
61811,108,132
61829,82,85
61845,88,99
61861,76,93
61878,155,147
61895,96,92
61912,144,141
61929,77,91
61946,76,95
61963,131,145
61979,120,144
61997,130,148
62014,111,119
62031,115,134
62048,136,137
62066,137,142
62082,118,126
62099,109,131
62116,114,115
62133,137,123
62150,135,130
62167,133,118
62184,149,146
62201,136,138
62219,140,147
62236,147,148
62253,135,131
62270,160,156
62287,149,143
62304,154,154
62320,164,144
62336,150,139
62353,157,155
62370,174,174
62387,174,165
62404,174,174
62420,172,174
62437,161,159
62453,162,163
62470,161,155
62486,169,160
62503,147,149
62520,157,157
62537,159,153
62554,152,140
62571,156,162
62587,157,158
62604,162,163
62620,138,157
62636,157,173
62653,142,157
62670,156,167
62686,143,153
62702,172,173
62719,168,160
62735,145,152
62753,148,144
62769,138,137
62785,131,144
62802,171,172
62819,155,149
62835,152,145
62852,170,171
62869,174,174
62885,174,174
62902,173,174
62919,174,174
62935,174,174
62952,167,172
62969,163,152
62986,147,141
63002,150,153
63020,152,157
63036,163,172
63052,156,153
63069,162,156
63086,151,160
63103,150,139
63120,142,147
63137,162,165
63153,140,132
63170,140,132
63186,146,131
63203,135,141
63220,133,127
63237,149,163
63254,156,162
63271,137,157
63287,130,140
63304,129,147
63322,134,145
63338,171,165
63355,152,158
63371,159,158
63388,141,151
63404,145,148
63420,143,144
63437,143,145
63454,167,165
63471,175,176
63488,170,175
63504,143,140
63520,161,164
63538,161,164
63554,165,158
63571,149,138
63588,144,129
63604,140,140
63620,134,141
63637,133,116
63654,170,166
63670,164,172
63687,157,155
63704,151,126
63721,132,133
63737,120,133
63753,109,111
63770,169,169
63786,136,140
63803,138,148
63820,145,153
63836,171,169
63852,166,167
63869,162,164
63885,174,167
63902,171,161
63920,172,173
63937,165,164
63954,164,174
63970,167,170
63988,174,174
64004,140,150
64020,130,131
64038,130,131
64054,150,125
64071,112,109
64089,169,167
64106,169,173
64124,159,166
64141,167,152
64157,167,152
64174,159,151
64191,161,158
64209,152,150
64225,151,141
64242,122,92
64258,110,99
64274,96,103
64291,139,139
64307,139,145
64324,101,121
64341,141,118
64357,156,130
64373,103,118
64391,170,165
64407,170,165
64423,145,159
64440,173,174
64457,156,155
64474,167,165
64490,142,141
64506,132,147
64523,133,154
64539,146,152
64556,123,129
64574,119,109
64590,130,117
64607,89,84
64624,174,174
64641,174,171
64658,160,158
64675,144,134
64691,105,114
64708,99,104
64725,140,151
64742,93,103
64759,84,86
64775,89,81
64792,89,100
64809,90,88
64825,79,84
64842,130,114
64859,117,115
64875,94,78
64892,92,75
64909,90,65
64926,86,74
64942,133,135
64959,144,150
64975,138,156
64992,123,125
65009,122,119
65025,113,117
65042,87,89
65059,167,165
65075,151,150
65092,130,148
65109,127,130
65126,124,128
65143,127,105
65160,103,91
65177,80,88
65194,84,86
65210,82,75
65226,70,61
65244,65,64
65261,94,142
65277,136,172
65294,104,107
65311,94,96
65328,88,102
65345,76,73
65361,133,132
65378,156,157
65395,146,146
65411,133,135
65427,154,162
65444,158,148
65461,142,138
65478,131,125
65494,135,140
65510,116,121
65527,116,113
65544,103,94
65560,94,85
65576,80,75
65594,157,168
65611,156,147
65628,151,142
65645,159,161
65661,140,140
65677,114,120
65694,147,147
65710,134,131
65726,111,109
65743,83,85
65761,78,75
65777,82,79
65794,76,72
65812,171,174
65829,144,153
65846,134,138
65862,107,101
65879,107,101
65896,95,96
65912,164,156
65928,154,147
65946,146,147
65963,153,152
65979,154,157
65995,139,126
66012,171,170
66028,157,161
66045,117,119
66062,125,123
66078,160,154
66095,152,151
66112,169,167
66129,169,167
66146,155,161
66162,146,145
66179,162,156
66195,153,151
66212,141,146
66229,171,172
66246,147,142
66263,148,151
66279,146,143
66297,164,162
66314,162,165
66331,173,174
66349,174,174
66366,174,174
66383,170,174
66400,158,162
66417,153,150
66433,132,135
66450,152,151
66467,149,158
66484,153,146
66501,165,142
66519,126,136
66535,135,133
66553,163,161
66570,173,145
66587,144,120
66604,144,124
66621,145,136
66637,131,121
66654,138,135
66671,156,159
66688,158,173
66704,144,160
66721,140,138
66738,140,138
66754,136,137
66772,158,141
66789,159,158
66806,157,139
66822,148,141
66839,135,132
66855,133,133
66871,164,171
66888,164,172
66905,141,146
66922,147,152
66939,126,127
66956,125,120
66973,124,124
66991,107,103
67008,95,103
67025,74,86
67041,66,68
67058,72,66
67074,76,60
67090,118,118
67107,118,118
67123,138,137
67140,155,159
67157,153,147
67174,144,142
67191,171,171
67209,136,132
67225,137,137
67242,152,152
67259,168,166
67275,167,160
67292,162,158
67308,168,173
67325,174,164
67341,156,155
67358,156,155
67374,159,166
67390,156,169
67407,168,171
67423,164,163
67440,169,162
67457,144,145
67474,153,144
67490,150,153
67508,138,133
67525,165,163
67542,174,174
67559,172,172
67576,149,141
67592,174,172
67608,174,172
67626,174,174
67643,131,110
67660,97,85
67677,99,90
67694,79,78
67712,69,65
67729,69,65
67746,131,121
67763,117,106
67779,121,111
67796,122,108
67813,121,104
67830,174,172
67847,174,172
67864,174,174
67880,174,174
67897,153,156
67914,156,153
67931,172,172
67947,174,174
67964,139,145
67981,123,129
67999,147,150
68015,161,160
68032,151,150
68048,172,172
68065,174,174
68082,167,159
68098,167,159
68115,158,160
68132,139,140
68148,136,136
68165,174,173
68181,160,159
68199,169,169
68216,156,158
68233,126,123
68249,120,111
68266,158,163
68282,144,149
68299,123,115
68315,119,112
68332,129,125
68348,129,135
68365,132,123
68382,129,142
68398,129,131
68415,127,124
68431,120,121
68447,115,114
68464,116,120
68481,170,169
68498,164,163
68515,143,142
68531,153,153
68548,144,142
68565,137,133
68582,118,117
68599,113,111
68616,104,102
68633,101,106
68650,103,109
68668,102,99
68685,128,123
68701,160,155
68718,173,171
68735,123,148
68753,136,155
68770,163,156
68787,155,145
68803,137,132
68820,119,125
68837,141,142
68854,134,116
68871,126,138
68888,120,127
68905,169,171
68921,122,123
68937,127,126
68953,114,130
68970,120,130
68986,125,123
69003,111,119
69020,128,118
69037,110,130
69054,117,129
69071,129,127
69087,115,126
69103,130,129
69121,170,170
69138,160,163
69156,154,149
69173,131,134
69190,109,132
69207,109,132
69223,169,168
69240,172,174
69257,174,174
69273,172,170
69289,161,169
69306,155,152
69322,146,145
69338,159,144
69355,174,173
69372,155,150
69388,137,129
69405,147,138
69422,132,139
69438,170,166
69456,144,144
69473,148,155
69490,139,144
69506,134,128
69522,128,127
69539,121,141
69556,174,174
69573,173,174
69591,150,147
69607,138,123
69624,134,143
69641,130,133
69658,170,171
69674,129,121
69691,147,144
69708,157,154
69725,172,172
69743,174,174
69759,161,160
69776,174,174
69793,173,174
69810,173,174
69826,173,155
69843,139,138
69859,126,130
69876,148,143
69893,163,136
69909,158,168
69926,167,166
69944,144,142
69960,174,152
69977,130,137
69993,164,156
70011,150,152
70029,171,172
70045,131,138
70062,135,146
70078,171,172
70095,131,137
70113,130,121
70130,116,136
70147,170,171
70163,123,127
70180,146,132
70197,148,137
70213,174,174
70231,172,169
70247,172,170
70264,171,158
70280,172,164
70297,174,173
70313,174,174
70330,177,175
70347,168,174
70363,166,157
70379,163,160
70396,174,174
70414,137,141
70431,118,108
70447,156,153
70464,130,132
70481,114,122
70498,137,127
70515,117,125
70532,61,62
70548,48,48
70565,43,47
70581,38,37
70599,32,29
70615,55,54
70633,136,135
70650,162,161
70666,170,158
70683,174,172
70699,174,174
70717,160,162
70734,160,160
70751,157,160
70769,159,166
70785,157,163
70802,151,150
70818,163,169
70835,159,174
70852,174,163
70868,150,163
70885,148,154
70902,148,159
70918,169,161
70936,157,140
70953,173,170
70970,173,168
70988,173,174
71005,157,151
71022,156,157
71038,166,173
71055,165,173
71072,130,125
71089,142,136
71106,145,141
71122,127,150
71138,130,141
71155,128,118
71172,132,155
71188,132,144
71205,130,139
71221,133,142
71239,138,151
71256,168,170
71273,158,159
71289,172,170
71306,156,163
71323,135,143
71339,142,139
71356,134,132
71373,174,174
71390,137,139
71407,140,136
71423,136,133
71439,165,170
71457,162,160
71474,173,174
71490,174,174
71506,174,174
71523,167,169
71539,167,169
71556,157,153
71573,155,147
71589,153,159
71606,138,124
71622,145,135
71640,119,116
71656,86,93
71673,69,82
71690,105,99
71707,127,110
71724,71,73
71742,68,80
71758,66,76
71774,67,59
71791,64,58
71809,105,110
71825,109,105
71842,117,113
71859,87,100
71876,103,103
71893,98,100
71909,98,100
71927,174,169
71943,133,129
71959,159,157
71977,160,148
71994,136,147
72011,140,132
72027,124,139
72044,154,150
72061,125,140
72077,127,137
72094,137,141
72112,168,172
72128,171,174
72146,148,148
72162,145,159
72178,155,148
72195,158,163
72212,133,132
72229,154,141
72246,169,161
72262,156,150
72278,156,150
72296,130,129
72313,123,122
72329,139,133
72345,143,130
72363,113,109
72380,96,104
72397,86,93
72413,86,85
72431,74,81
72448,133,118
72465,164,165
72482,157,155
72499,166,163
72516,164,150
72533,136,136
72549,165,163
72565,165,163
72583,146,133
72599,144,133
72616,125,124
72633,134,123
72650,134,123
72666,152,141
72683,128,132
72699,132,124
72716,109,110
72733,108,116
72750,128,117
72766,128,117
72783,153,139
72801,144,119
72817,148,127
72834,122,114
72850,100,95
72867,107,123
72883,121,135
72899,121,135
72916,100,86
72933,82,95
72950,71,93
72967,67,68
72984,143,146
73002,135,136
73018,135,136
73035,115,117
73052,85,89
73068,85,78
73085,167,167
73103,152,161
73119,157,168
73136,148,154
73153,174,169
73170,171,168
73186,171,169
73203,174,174
73220,174,174
73237,158,162
73254,137,134
73271,136,128
73288,156,145
73305,164,167
73322,169,173
73339,166,167
73356,157,150
73373,138,141
73389,138,141
73406,147,124
73422,174,174
73439,171,171
73455,154,154
73472,128,129
73488,140,142
73505,147,142
73522,171,165
73538,174,174
73555,150,156
73572,130,134
73588,128,149
73605,138,155
73622,174,174
73638,174,174
73656,151,154
73673,143,130
73689,140,144
73706,140,136
73723,122,121
73741,136,139
73758,136,139
73775,144,148
73791,137,146
73808,141,143
73825,119,124
73842,147,148
73859,141,137
73876,136,133
73893,147,137
73910,119,125
73926,123,119
73943,171,170
73961,137,135
73977,135,148
73993,140,147
74009,140,147
74027,154,153
74044,148,140
74061,148,140
74078,159,157
74096,160,153
74113,173,173
74130,168,174
74147,170,168
74164,166,164
74180,159,160
74196,141,146
74214,142,142
74231,142,141
74248,142,141
74265,143,145
74283,148,140
74299,158,150
74316,141,140
74333,143,136
74349,115,134
74367,128,123
74384,154,154
74400,174,174
74417,174,174
74434,174,174
74452,171,170
74468,171,171
74485,174,174
74502,170,167
74518,157,168
74536,149,148
74552,156,147
74569,159,145
74586,163,171
74603,170,164
74621,169,166
74638,169,162
74655,173,170
74671,160,157
74688,173,169
74705,174,172
74722,174,170
74740,174,171
74757,147,156
74773,166,174
74789,135,140
74806,174,174
74823,153,171
74839,145,170
74855,166,171
74872,169,166
74888,172,174
74906,173,173
74923,174,174
74940,171,163
74957,161,170
74973,129,126
74990,129,126
75006,126,99
75025,156,155
75042,138,125
75058,142,145
75075,148,142
75092,141,121
75109,141,121
75126,139,162
75143,158,161
75161,147,150
75178,146,145
75194,123,115
75211,114,113
75227,121,122
75243,126,119
75261,118,114
75278,122,106
75294,98,99
75311,72,85
75328,72,76
75345,113,100
75361,90,76
75378,168,143
75395,159,150
75412,148,132
75428,129,96
75445,154,147
75463,158,167
75479,158,167
75496,172,166
75512,166,154
75529,170,158
75546,153,152
75562,157,138
75580,136,152
75596,150,150
75613,143,127
75630,127,133
75646,139,121
75663,143,117
75680,131,152
75697,99,135
75714,119,102
75732,113,124
75748,132,137
75766,86,82
75783,127,106
75799,121,129
75815,108,116
75833,124,113
75850,153,130
75866,138,111
75883,129,136
75899,130,135
75915,141,130
75932,143,117
75948,149,121
75965,127,108
75983,146,160
76000,135,137
76017,142,124
76034,145,134
76051,147,129
76068,136,135
76085,172,174
76101,166,165
76118,171,174
76136,173,172
76153,160,158
76169,151,162
76187,148,155
76204,170,170
76220,144,137
76236,146,142
76253,143,156
76271,151,147
76287,158,161
76305,160,156
76322,168,169
76338,168,169
76355,166,159
76372,144,136
76388,137,149
76404,149,160
76421,169,171
76438,164,158
76455,158,129
76471,137,140
76488,154,140
76505,143,140
76522,157,134
76539,145,136
76556,170,167
76573,174,173
76589,174,173
76606,174,173
76623,173,173
76640,174,174
76656,174,174
76673,167,152
76691,136,149
76708,136,149
76725,140,142
76742,156,155
76759,158,157
76775,142,143
76792,146,153
76810,123,129
76827,134,126
76844,167,157
76861,171,166
76878,161,152
76895,168,146
76912,127,131
76929,142,133
76946,163,164
76962,155,156
76979,143,134
76997,132,141
77014,128,148
77030,134,136
77046,163,153
77063,165,146
77079,165,146
77096,133,146
77113,137,127
77131,127,125
77147,123,126
77163,174,174
77180,178,180
77197,175,167
77213,172,174
77229,147,150
77246,166,155
77263,168,169
77280,156,134
77297,141,127
77314,137,146
77331,152,150
77347,123,121
77364,126,136
77380,163,164
77397,164,154
77413,157,152
77430,136,157
77446,136,157
77463,128,132
77480,170,169
77496,131,121
77513,126,133
77530,163,163
77548,162,163
77565,156,155
77582,149,151
77599,171,172
77615,169,157
77633,165,169
77649,172,163
77666,160,174
77683,162,168
77699,162,168
77716,151,162
77732,141,149
77751,172,169
77768,132,121
77784,95,111
77801,147,157
77817,147,157
77834,166,174
77852,170,163
77868,164,150
77884,156,148
77901,158,156
77918,152,142
77935,172,162
77952,96,86
77969,94,92
77986,72,91
78003,130,130
78019,132,133
78037,78,103
78054,122,117
78071,136,117
78088,85,76
78104,110,115
78122,174,172
78138,140,147
78155,144,147
78172,130,131
78189,130,131
78206,130,132
78222,170,171
78239,172,174
78256,160,153
78273,164,147
78289,170,167
78306,161,165
78323,164,163
78340,174,174
78356,174,174
78373,156,148
78389,140,129
78406,91,85
78423,64,64
78441,128,133
78457,138,145
78473,56,50
78490,69,76
78507,53,66
78524,33,37
78540,87,87
78557,87,87
78574,97,92
78590,54,36
78608,46,51
78625,32,32
78641,28,32
78658,39,71
78675,52,74
78692,43,49
78709,48,49
78727,46,42
78744,49,41
78761,166,154
78778,169,163
78795,81,78
78813,129,104
78829,93,114
78846,65,59
78863,93,56
78880,114,122
78897,119,122
78914,120,122
78930,113,112
78947,108,117
78964,108,106
78981,145,170
78997,168,174
79014,111,119
79030,129,131
79047,129,131
79063,94,108
79080,120,122
79097,164,163
79114,132,135
79131,151,157
79148,128,123
79165,153,147
79182,142,135
79200,134,125
79217,115,117
79234,86,85
79250,61,61
79268,54,50
79285,33,34
79302,109,100
79319,153,158
79335,150,147
79352,154,155
79368,140,130
79386,113,108
79402,165,170
79420,124,130
79437,163,164
79454,161,161
79472,162,160
79488,105,110
79505,96,103
79522,87,88
79538,87,88
79555,165,165
79571,170,169
79588,89,91
79604,168,168
79620,162,157
79638,166,165
79654,173,173
79671,170,174
79687,170,170
79704,134,135
79721,143,136
79738,159,156
79755,151,149
79772,133,137
79789,133,137
79805,136,143
79823,138,144
79840,174,168
79856,174,174
79873,160,158
79891,142,143
79907,142,143
79923,125,140
79940,172,173
79957,136,131
79974,146,146
79991,160,153
80008,164,163
80025,163,165
80041,165,167
80058,173,174
80075,174,174
80092,166,174
80109,149,149
80126,130,126
80142,104,100
80160,148,163
80177,144,150
80193,136,142
80209,141,135
80226,159,119
80243,113,113
80260,160,152
80278,160,152
80295,138,127
80312,144,133
80328,129,98
80345,114,102
80363,117,126
80379,167,163
80396,139,152
80413,124,145
80429,129,101
80446,109,144
80462,118,126
80480,169,170
80496,172,138
80513,130,121
80530,145,130
80547,163,134
80563,115,110
80580,142,148
80597,147,152
80614,111,108
80631,89,97
80648,89,97
80665,95,77
80682,75,67
80700,166,162
80716,155,160
80733,157,153
80750,171,153
80767,171,153
80784,127,116
80801,171,170
80817,149,123
80833,149,155
80851,167,162
80868,162,156
80884,153,151
80901,148,145
80918,172,172
80934,140,136
80951,155,146
80968,167,163
80985,162,163
81001,174,173
81018,174,173
81035,153,158
81051,153,161
81068,161,159
81084,174,174
81101,148,139
81118,158,164
81135,173,173
81152,150,156
81169,172,173
81185,139,137
81201,144,136
81218,168,153
81234,156,159
81252,167,166
81268,167,166
81285,170,171
81301,174,174
81318,151,166
81334,173,174
81351,148,158
81368,136,145
81385,135,145
81402,140,125
81420,147,133
81437,127,127
81454,137,148
81471,133,155
81488,119,148
81504,146,157
81521,143,132
81538,136,132
81555,173,174
81572,174,174
81588,174,169
81604,174,166
81621,151,137
81638,151,137
81655,174,174
81672,158,154
81689,154,148
81706,160,155
81723,163,166
81740,157,156
81756,157,156
81773,174,174
81790,174,169
81807,170,159
81824,161,161
81841,142,139
81857,137,133
81874,132,129
81891,160,156
81908,152,155
81924,147,149
81940,129,119
81957,118,106
81973,163,165
81990,147,143
82006,147,143
82022,110,99
82039,129,115
82056,134,133
82072,134,125
82089,130,123
82106,128,126
82122,121,121
82139,121,123
82156,118,118
82173,118,119
82189,170,158
82207,158,150
82223,173,171
82240,150,142
82257,167,148
82274,145,140
82290,154,155
82308,161,153
82325,131,117
82342,172,167
82359,174,171
82376,174,174
82393,173,160
82410,174,163
82427,160,153
82444,149,122
82461,148,140
82478,125,136
82494,118,121
82511,132,125
82528,131,111
82544,130,134
82561,134,116
82578,103,95
82594,135,139
82611,90,84
82628,165,165
82646,142,138
82663,146,148
82679,121,123
82696,103,99
82713,107,107
82729,109,123
82746,104,109
82764,92,93
82780,145,151
82796,115,136
82813,146,149
82830,156,159
82846,171,165
82862,174,149
82880,159,151
82896,136,134
82913,103,123
82930,169,173
82946,174,174
82963,171,171
82980,174,174
82996,167,166
83012,171,173
83029,174,174
83046,156,150
83062,171,171
83078,143,153
83095,141,130
83112,159,159
83128,165,162
83145,141,133
83162,163,146
83180,171,171
83198,160,158
83214,145,130
83231,169,170
83248,170,174
83264,174,166
83281,174,174
83297,164,168
83314,173,164
83331,145,158
83348,164,167
83365,132,141
83382,162,165
83399,161,157
83416,173,173
83433,174,174
83450,173,169
83468,174,171
83485,174,174
83502,174,174
83518,174,174
83534,163,155
83552,152,130
83568,136,130
83584,159,158
83600,147,153
83618,172,163
83635,140,145
83651,160,158
83668,145,143
83684,148,144
83700,174,172
83717,160,155
83734,167,169
83751,160,166
83768,162,160
83784,171,172
83801,172,157
83818,158,150
83835,157,161
83851,165,150
83867,150,151
83885,154,149
83901,172,163
83918,173,162
83935,171,152
83952,165,158
83969,153,146
83987,162,154
84003,157,149
84019,162,162
84036,173,162
84053,147,150
84069,137,152
84086,150,136
84103,150,143
84120,171,159
84137,161,151
84153,160,154
84170,163,163
84187,162,168
84203,137,129
84219,141,155
84236,171,173
84252,174,172
84268,152,157
84285,146,149
84302,145,148
84319,142,147
84335,142,147
84352,131,147
84368,171,169
84385,161,154
84402,172,170
84418,167,133
84434,173,169
84451,149,148
84468,149,148
84485,146,162
84501,170,172
84518,154,152
84534,149,152
84551,172,168
84567,173,174
84584,173,174
84601,174,173
84618,173,166
84634,165,173
84651,163,169
84668,165,172
84684,131,127
84701,132,123
84718,156,139
84735,162,162
84752,163,166
84769,170,158
84786,153,151
84803,151,149
84819,133,139
84836,157,162
84853,163,170
84871,166,164
84887,169,173
84904,174,174
84920,170,174
84938,174,174
84955,163,151
84971,168,164
84988,169,166
85005,166,141
85022,147,144
85039,143,147
85056,147,135
85072,146,139
85090,174,174
85106,174,173
85123,164,159
85140,161,149
85158,158,153
85175,156,155
85191,159,173
85208,159,173
85224,167,163
85241,164,152
85259,155,144
85275,153,152
85292,162,159
85309,173,173
85325,167,154
85341,160,153
85358,149,152
85375,122,115
85392,124,125
85408,124,116
85425,124,126
85441,125,138
85458,116,120
85474,118,123
85491,136,133
85508,118,132
85524,158,172
85541,128,126
85559,133,128
85576,137,147
85592,130,145
85610,117,122
85627,152,144
85644,150,150
85661,141,158
85678,157,161
85694,150,140
85711,137,131
85729,151,141
85746,158,158
85763,138,149
85779,171,148
85795,154,158
85812,129,122
85828,144,134
85844,149,144
85861,130,114
85879,113,115
85896,120,108
85912,122,121
85931,126,121
85947,112,107
85965,103,92
85982,91,91
85999,103,105
86016,99,97
86033,97,95
86049,114,96
86067,114,96
86084,120,113
86101,106,105
86118,105,102
86135,99,115
86152,107,110
86168,94,121
86185,108,118
86203,116,98
86220,118,113
86236,111,120
86252,107,98
86270,133,129
86286,104,108
86302,103,90
86320,102,104
86336,88,88
86353,93,97
86369,111,126
86387,174,169
86404,169,167
86421,155,154
86438,155,154
86455,140,137
86472,127,123
86489,105,93
86506,104,106
86522,105,102
86539,100,96
86556,100,96
86573,110,106
86590,158,155
86607,173,169
86624,166,159
86641,157,160
86658,141,139
86675,151,151
86692,114,98
86709,155,156
86726,154,155
86742,153,150
86759,147,149
86776,138,137
86793,135,132
86809,135,132
86826,134,143
86844,147,140
86861,151,148
86878,153,150
86895,142,142
86912,152,154
86928,152,154
86945,145,146
86962,158,169
86978,158,163
86995,166,156
87012,151,145
87029,158,155
87046,153,153
87062,135,135
87079,164,159
87096,151,161
87112,146,144
87129,157,158
87146,146,141
87163,142,143
87179,157,158
87196,170,164
87213,107,110
87230,159,158
87246,151,148
87263,126,138
87280,162,164
87297,162,164
87314,139,139
87331,149,143
87348,165,154
87364,170,163
87380,156,164
87397,149,159
87413,156,162
87430,159,163
87446,158,167
87463,155,154
87480,145,138
87496,169,165
87513,165,171
87530,143,149
87546,163,168
87563,164,164
87580,161,170
87597,156,156
87614,165,170
87632,162,172
87649,158,173
87666,163,170
87682,162,163
87700,173,171
87717,143,137
87733,146,148
87751,154,144
87767,165,172
87784,142,165
87801,132,174
87819,159,158
87836,152,136
87852,113,125
87869,126,109
87885,130,147
87901,130,150
87919,150,119
87935,122,124
87951,137,146
87968,138,124
87985,142,143
88002,131,124
88019,130,132
88036,130,132
88053,137,138
88070,122,130
88087,153,144
88104,143,140
88121,135,143
88138,149,153
88155,133,133
88172,132,143
88190,124,125
88206,122,116
88222,109,111
88240,98,95
88257,93,81
88274,106,98
88290,106,107
88307,141,151
88323,103,105
88341,119,116
88358,120,125
88375,108,108
88392,119,109
88408,119,109
88425,169,174
88441,155,174
88459,164,168
88475,148,152
88492,150,156
88508,146,143
88525,159,172
88542,153,162
88559,151,167
88577,151,125
88594,131,128
88610,120,137
88627,137,167
88644,134,151
88661,107,116
88678,108,103
88695,84,89
88711,85,98
88728,101,96
88745,96,95
88761,98,92
88778,89,93
88794,81,91
88811,83,89
88828,82,94
88844,108,101
88861,110,102
88878,118,115
88894,118,104
88910,106,110
88928,119,110
88944,114,112
88961,115,122
88977,109,124
88995,106,100
89012,89,96
89029,99,113
89045,96,105
89062,100,100
89080,77,103
89097,84,79
89114,69,74
89130,69,87
89148,80,86
89164,72,86
89180,67,82
89197,77,80
89214,86,81
89231,78,93
89248,72,81
89266,105,110
89283,138,133
89301,110,110
89317,108,114
89334,112,109
89350,110,98
89368,105,96
89385,103,100
89401,105,103
89418,101,98
89434,99,95
89451,102,100
89467,100,101
89484,91,104
89500,103,102
89516,105,99
89534,98,105
89550,119,131
89568,113,117
89585,127,114
89601,111,119
89619,102,116
89635,130,122
89651,133,136
89668,138,144
89685,142,139
89702,148,136
89719,138,147
89736,151,155
89753,154,152
89771,150,155
89788,147,149
89805,158,149
89822,145,138
89838,150,144
89854,148,144
89872,137,133
89889,156,145
89905,121,129
89922,134,109
89939,122,112
89956,116,114
89973,102,126
89990,98,106
90008,98,106
90024,92,94
90041,99,89
90059,92,82
90075,112,113
90092,100,81
90108,97,98
90126,111,118
90142,163,155
90158,140,148
90175,130,140
90192,134,134
90208,120,122
90225,153,143
90242,166,168
90258,129,148
90275,144,140
90293,126,144
90309,102,132
90325,111,129
90342,154,163
90359,164,166
90377,163,159
90394,159,159
90411,161,162
90428,159,166
90445,168,170
90462,174,172
90478,174,173
90495,174,171
90512,167,167
90528,167,162
90546,158,161
90562,170,154
90578,138,143
90595,135,139
90611,130,141
90627,114,131
90644,125,120
90660,143,141
90677,156,145
90694,139,140
90711,151,160
90727,156,155
90745,133,139
90762,138,136
90779,145,152
90796,172,172
90812,168,171
90829,169,159
90846,143,157
90864,157,138
90881,139,125
90897,148,134
90914,145,130
90931,111,102
90949,114,100
90966,130,122
90982,122,134
90999,131,129
91016,138,126
91032,134,123
91048,132,131
91066,125,132
91083,130,137
91099,128,142
91116,140,141
91132,127,133
91148,132,127
91165,111,119
91182,124,118
91199,89,96
91216,168,167
91232,97,119
91249,95,97
91266,168,166
91283,92,97
91300,143,111
91318,132,136
91335,111,139
91351,111,132
91367,164,171
91384,122,125
91401,114,120
91418,169,169
91435,173,174
91451,174,170
91468,174,173
91484,167,170
91501,165,162
91518,164,163
91535,169,156
91552,86,103
91568,66,76
91584,73,100
91602,70,96
91619,85,111
91635,110,124
91652,127,126
91668,114,107
91685,114,147
91702,110,113
91719,111,113
91735,141,156
91752,155,130
91769,139,171
91786,166,152
91803,162,120
91821,156,151
91838,137,172
91854,119,143
91871,109,111
91889,88,88
91905,88,78
91921,102,77
91939,107,98
91956,149,137
91972,149,146
91988,137,127
92004,139,136
92021,107,120
92037,103,113
92054,128,124
92071,119,135
92087,114,115
92104,109,126
92120,103,123
92136,99,103
92153,145,149
92169,91,91
92185,84,72
92203,84,89
92219,72,100
92235,65,70
92252,71,70
92268,100,99
92285,90,84
92302,91,88
92319,95,96
92336,95,96
92353,86,94
92370,141,142
92386,152,148
92402,154,161
92420,122,120
92436,107,118
92452,94,102
92469,95,95
92485,168,168
92502,163,158
92518,165,143
92535,127,133
92551,111,138
92567,131,135
92584,107,113
92600,111,127
92616,99,112
92634,91,109
92650,94,98
92668,107,91
92684,107,133
92700,118,161
92717,145,151
92734,94,109
92750,92,117
92767,88,92
92784,87,76
92800,70,69
92818,66,77
92835,73,69
92851,72,60
92868,78,61
92885,76,70
92902,106,113
92918,119,134
92936,116,116
92952,111,120
92969,107,112
92986,113,114
93003,126,111
93019,108,112
93037,105,115
93053,102,116
93069,111,112
93086,116,117
93102,127,113
93118,120,102
93135,101,102
93152,121,122
93168,119,110
93185,113,121
93202,114,103
93219,107,107
93235,116,118
93252,118,112
93268,118,125
93285,116,119
93301,127,126
93319,115,122
93336,141,122
93352,132,118
93368,109,98
93386,117,102
93403,101,93
93419,117,104
93435,116,105
93453,114,104
93469,118,107
93486,101,80
93502,103,111
93519,109,115
93536,122,92
93552,126,108
93569,126,108
93586,133,122
93602,121,104
93620,98,115
93636,107,123
93653,160,152
93671,145,164
93687,158,154
93704,168,171
93721,171,171
93737,164,172
93755,156,152
93771,174,165
93787,172,162
93804,152,137
93821,142,137
93838,127,133
93855,142,115
93872,140,151
93888,129,158
93906,138,150
93922,153,133
93939,143,139
93956,148,120
93973,145,135
93989,137,142
94006,141,134
94023,150,132
94040,125,123
94056,109,110
94073,120,116
94089,147,154
94108,133,137
94124,116,109
94141,90,100
94157,121,99
94174,116,118
94191,129,113
94208,110,105
94225,114,101
94242,103,111
94258,109,105
94275,115,101
94291,129,93
94307,129,93
94323,115,105
94340,102,107
94358,106,115
94375,109,120
94391,99,94
94408,127,86
94426,102,94
94442,98,105
94458,110,107
94475,100,93
94492,93,92
94508,104,98
94525,102,123
94541,137,136
94557,137,136
94574,116,95
94591,106,104
94607,110,99
94624,130,158
94640,165,168
94656,160,160
94673,141,167
94690,152,162
94706,151,148
94724,147,155
94740,163,156
94757,171,166
94775,134,140
94791,158,150
94807,158,150
94825,170,163
94841,157,143
94857,171,171
94874,173,160
94891,159,160
94908,172,161
94925,164,168
94942,169,174
94959,173,173
94976,160,156
94993,161,159
95010,174,170
95028,166,160
95044,174,170
95061,147,132
95077,122,144
95094,117,128
95111,90,122
95127,124,112
95144,88,112
95161,106,109
95178,114,102
95194,108,109
95210,109,114
95227,100,103
95244,96,108
95261,161,154
95278,146,158
95295,150,157
95312,152,174
95328,140,156
95345,127,139
95362,141,128
95378,136,137
95395,133,134
95412,128,130
95429,137,120
95445,118,118
95462,120,114
95479,112,119
95495,119,107
95512,124,106
95529,121,102
95546,106,106
95562,105,89
95579,108,95
95596,123,130
95612,113,109
95629,107,106
95647,110,102
95664,111,96
95680,100,105
95697,117,113
95714,157,161
95731,110,107
95748,107,110
95764,90,103
95782,78,91
95799,167,167
95816,123,137
95833,169,169
95850,99,112
95867,108,121
95885,112,124
95901,92,98
95918,85,90
95935,115,119
95952,85,99
95969,127,124
95987,96,111
96004,148,160
96021,106,108
96037,106,108
96054,140,130
96071,130,150
96088,131,102
96105,155,149
96122,150,158
96139,127,135
96156,127,135
96173,117,115
96191,114,125
96207,125,134
96224,111,122
96240,148,131
96257,127,116
96273,101,113
96290,124,122
96307,94,107
96324,94,99
96341,115,108
96357,145,150
96374,113,128
96390,151,144
96407,151,144
96424,147,149
96441,125,142
96457,130,148
96474,141,145
96491,151,148
96507,145,152
96525,135,149
96542,135,124
96559,145,134
96575,111,136
96591,122,121
96609,125,125
96625,119,139
96641,119,119
96657,111,115
96675,141,162
96691,143,149
96707,141,158
96724,132,151
96740,130,131
96757,114,105
96774,124,122
96791,112,113
96807,107,126
96825,98,100
96842,102,109
96859,97,116
96875,95,113
96892,116,103
96908,100,100
96925,95,112
96942,92,93
96958,99,105
96975,109,107
96991,103,100
97007,118,104
97024,102,116
97041,97,99
97058,107,102
97075,102,108
97092,123,121
97109,146,152
97125,148,141
97142,136,126
97159,114,129
97175,120,119
97191,125,114
97208,124,118
97225,121,108
97242,110,110
97260,128,118
97277,126,119
97294,118,115
97312,125,123
97329,118,119
97345,117,115
97362,109,117
97379,113,119
97396,107,128
97412,117,122
97428,110,107
97446,112,126
97462,116,123
97479,106,105
97496,108,117
97512,106,108
97528,113,115
97545,110,114
97562,104,121
97580,117,132
97596,112,118
97612,125,121
97629,120,113
97646,123,120
97662,159,155
97679,104,102
97696,124,123
97712,125,131
97728,126,130
97746,169,170
97762,119,126
97778,104,114
97796,115,116
97813,121,124
97829,112,101
97846,136,135
97862,129,136
97879,120,133
97896,106,110
97912,170,163
97928,150,140
97946,134,129
97963,112,118
97980,119,112
97997,99,107
98015,89,104
98032,90,85
98048,84,89
98065,145,134
98082,172,171
98098,174,174
98115,174,174
98131,170,164
98148,167,165
98164,174,173
98181,174,174
98198,170,170
98214,163,161
98230,164,162
98247,164,162
98264,173,173
98281,169,167
98297,169,149
98314,158,153
98331,158,146
98347,151,143
98364,143,135
98382,155,161
98399,174,169
98415,170,173
98431,165,165
98448,167,163
98465,159,160
98482,174,174
98498,171,158
98515,168,163
98532,157,164
98549,165,156
98566,167,163
98583,152,153
98600,152,152
98617,152,152
98633,146,142
98650,163,162
98667,166,165
98684,160,154
98700,166,173
98717,161,160
98734,158,155
98751,153,147
98767,142,160
98784,151,143
98801,173,174
98818,164,168
98835,157,165
98851,172,173
98869,169,169
98886,163,163
98902,174,174
98918,174,174
98935,167,161
98951,155,147
98969,144,140
98986,144,140
99003,135,116
99020,139,143
99037,126,116
99055,120,116
99071,120,129
99088,107,109
99105,128,112
99122,146,152
99138,136,135
99155,112,130
99171,130,126
99188,129,124
99205,111,111
99222,112,123
99239,111,121
99255,112,121
99272,108,114
99288,108,94
99305,127,131
99322,120,115
99339,170,167
99356,174,168
99373,148,156
99390,162,163
99407,145,149
99424,125,123
99441,143,138
99457,137,134
99474,147,159
99491,158,146
99508,144,140
99525,134,138
99542,136,131
99561,167,174
99577,157,170
99594,155,153
99611,158,153
99627,173,152
99644,154,155
99660,173,132
99676,145,155
99693,151,148
99709,148,159
99726,148,159
99742,156,158
99760,134,138
99776,117,125
99793,123,116
99810,103,104
99827,158,159
99844,126,122
99860,91,105
99877,167,169
99894,86,95
99912,121,139
99928,96,104
99944,167,159
99961,108,118
99977,111,100
99994,173,164
100011,131,121
100028,151,165
100044,153,138
100061,155,159
100077,173,173
100094,152,158
100110,162,167
100127,173,174
100144,163,165
100160,169,168
100177,158,170
100193,174,173
100210,165,167
100227,152,142
100243,145,153
100260,140,140
100277,147,143
100294,141,128
100311,140,140
100327,134,153
100343,132,148
100360,140,136
100377,132,128
100393,127,141
100410,152,163
100427,144,152
100445,152,138
100462,149,158
100478,159,165
100495,144,156
100512,172,171
100530,134,141
100547,163,163
100564,172,172
100581,174,177
100597,172,170
100615,166,168
100631,174,174
100648,174,174
100664,169,160
100681,154,146
100698,140,145
100714,142,132
100731,171,165
100748,174,169
100764,158,162
100780,160,155
100797,159,147
100814,157,159
100831,152,156
100848,153,147
100865,147,142
100882,134,132
100899,124,126
100915,128,145
100932,169,169
100948,174,174
100965,170,171
100982,170,170
100999,139,143
101015,130,133
101032,126,125
101048,165,170
101065,152,162
101082,151,163
101100,147,144
101117,143,141
101133,129,120
101149,163,163
101167,154,158
101184,112,123
101200,125,125
101217,122,126
101234,142,128
101251,125,121
101268,170,170
101284,140,153
101301,153,143
101318,161,149
101335,158,159
101353,104,106
101369,172,172
101386,129,139
101403,130,128
101420,153,163
101437,164,166
101454,158,154
101471,139,140
101488,171,171
101505,160,153
101522,152,152
101538,172,173
101555,171,167
101571,171,169
101588,160,159
101604,151,152
101621,144,142
101637,149,150
101654,147,146
101671,133,138
101687,170,171
101704,171,174
101720,146,148
101737,125,123
101753,159,158
101770,147,126
101787,124,118
101803,164,162
101820,170,173
101837,174,173
101854,174,174
101871,174,174
101887,166,166
101903,174,174
101921,164,170
101937,164,170
101954,157,147
101970,149,143
101987,133,138
102004,130,130
102021,139,160
102038,129,157
102055,125,127
102072,124,138
102089,126,128
102106,125,125
102122,174,174
102139,174,171
102156,174,174
102172,168,166
102189,174,174
102206,174,168
102222,173,173
102238,173,173
102256,157,158
102272,151,141
102288,154,154
102305,167,173
102322,164,161
102338,173,173
102355,174,174
102372,171,165
102389,151,146
102406,140,141
102423,120,103
102440,135,132
102456,120,118
102473,124,130
102489,108,108
102506,117,129
102523,118,116
102539,131,134
102557,131,134
102573,89,89
102589,89,79
102607,80,74
102624,81,80
102641,72,69
102657,167,167
102674,109,109
102690,137,138
102707,133,136
102724,167,167
102741,158,158
102758,153,155
102774,174,173
102790,156,159
102807,156,159
102824,136,151
102841,130,134
102859,117,114
102875,127,124
102892,118,116
102908,106,114
102926,106,114
102942,95,88
102958,80,88
102975,122,101
102992,163,161
103009,157,147
103026,158,151
103043,164,153
103060,134,138
103077,140,142
103093,173,157
103110,130,160
103127,167,173
103144,159,160
103161,159,162
103178,155,160
103196,145,151
103212,168,174
103228,153,158
103244,126,152
103261,141,141
103279,149,144
103295,149,144
103312,154,147
103329,167,169
103347,151,149
103364,161,149
103380,164,174
103397,152,157
103414,162,173
103431,165,173
103447,173,169
103465,142,165
103482,154,123
103498,153,130
103514,174,165
103532,174,165
103548,170,165
103566,160,157
103583,128,138
103599,116,120
103616,114,131
103632,165,168
103649,158,163
103667,158,163
103684,141,131
103701,126,124
103718,122,133
103735,162,164
103751,172,173
103768,162,154
103785,173,172
103802,122,133
103819,141,133
103836,171,170
103852,172,174
103869,173,173
103887,174,174
103904,167,165
103920,174,159
103937,173,172
103954,174,174
103970,156,163
103987,155,154
104004,160,156
104021,142,144
104038,142,144
104054,171,172
104071,168,163
104087,161,151
104105,145,144
104122,130,122
104139,118,107
104157,118,107
104174,148,145
104190,157,174
104207,173,159
104224,161,174
104240,155,155
104257,172,162
104274,174,173
104291,174,169
104308,152,174
104325,153,156
104341,162,154
104358,141,145
104374,174,174
104390,174,174
104407,174,174
104423,169,168
104440,160,162
104457,158,161
104473,166,172
104490,167,171
104507,152,155
104524,132,146
104541,122,122
104558,103,99
104574,99,87
104591,174,174
104609,173,173
104625,167,170
104642,168,171
104658,154,157
104675,163,160
104692,171,158
104708,149,132
104725,120,124
104742,121,91
104758,109,80
104775,108,85
104791,92,83
104808,167,166
104825,161,155
104842,146,144
104859,158,159
104877,153,151
104893,147,150
104910,172,172
104927,124,123
104943,130,128
104960,160,162
104977,161,157
104994,154,153
105013,147,147
105030,146,153
105047,159,157
105064,165,156
105080,157,148
105097,154,149
105113,172,168
105130,159,159
105147,155,155
105164,131,137
105180,119,119
105197,105,114
105213,96,92
105230,143,145
105247,153,159
105264,165,162
105281,166,165
105298,157,157
105315,155,156
105332,173,173
105348,158,157
105365,150,139
105382,160,141
105399,138,138
105416,126,131
105433,120,123
105450,174,162
105467,169,148
105484,164,160
105501,124,142
105518,120,121
105535,122,126
105552,157,150
105569,138,137
105585,129,126
105602,121,122
105619,121,116
105637,121,116
105654,170,170
105671,168,165
105688,171,167
105705,171,163
105721,174,172
105738,171,169
105755,174,174
105772,174,174
105788,164,154
105805,150,147
105822,132,120
105839,114,110
105855,133,132
105871,137,131
105888,78,93
105904,81,59
105921,72,81
105938,68,64
105955,82,69
105971,117,128
105988,86,115
106005,79,88
106023,76,72
106039,72,67
106057,54,83
106074,139,156
106091,156,155
106108,141,152
106124,128,120
106141,106,126
106157,122,118
106174,95,93
106191,174,174
106207,163,166
106223,167,173
106241,167,150
106257,125,124
106273,119,132
106290,149,127
106307,137,159
106324,134,138
106340,152,163
106357,152,163
106374,133,119
106391,169,169
106407,156,174
106424,152,151
106440,171,159
106457,153,146
106473,160,151
106490,143,135
106507,169,141
106523,133,140
106539,136,139
106557,142,135
106574,137,153
106591,130,132
106608,130,132
106625,114,127
106641,80,76
106659,82,62
106675,144,134
106692,86,92
106709,92,93
106727,92,93
106744,163,156
106761,123,118
106777,102,92
106795,149,139
106811,173,158
106827,147,143
106844,120,114
106861,103,100
106878,114,106
106895,102,95
106912,108,92
106929,174,174
106945,166,163
106962,164,165
106979,173,168
106995,164,163
107012,168,165
107030,158,160
107047,173,173
107063,144,148
107080,155,149
107097,155,149
107113,132,135
107130,126,130
107147,130,129
107163,147,149
107180,126,156
107198,129,147
107215,145,120
107231,135,118
107248,129,129
107265,174,172
107281,165,165
107299,166,168
107315,140,141
107332,124,126
107349,130,128
107367,170,169
107384,150,164
107400,160,156
107417,173,173
107434,174,174
107450,173,163
107467,173,163
107483,174,174
107499,174,168
107517,172,169
107533,136,142
107550,136,136
107567,135,132
107584,168,170
107600,162,159
107618,152,146
107634,155,150
107652,164,161
107669,140,145
107686,171,171
107702,151,139
107718,151,146
107735,146,144
107753,125,121
107769,118,119
107786,169,170
107803,174,174
107820,173,174
107837,173,174
107854,140,136
107871,125,118
107887,122,124
107905,172,169
107921,155,159
107937,156,153
107954,140,152
107971,139,128
107988,124,116
108005,167,169
108022,159,151
108038,160,132
108054,145,127
108071,145,122
108088,145,122
108105,140,130
108122,174,152
108139,145,147
108156,155,135
108173,133,122
108189,131,129
108207,131,129
108223,171,168
108240,158,137
108257,154,146
108273,136,135
108290,159,154
108307,148,149
108324,138,146
108341,128,139
108357,157,149
108374,156,164
108391,166,172
108407,171,173
108424,174,173
108441,171,173
108458,163,164
108475,161,165
108492,163,167
108509,164,149
108526,158,149
108543,167,174
108560,149,147
108577,149,147
108594,154,145
108610,142,140
108627,110,121
108643,169,169
108660,161,160
108677,166,163
108693,174,168
108711,174,156
108727,174,168
108744,170,163
108761,174,168
108778,128,144
108795,132,115
108812,106,111
108829,96,104
108845,102,95
108861,89,81
108878,88,88
108894,87,84
108911,90,65
108927,88,80
108945,80,80
108962,166,165
108979,164,171
108995,175,175
109012,174,174
109028,169,170
109045,165,169
109062,156,155
109079,174,174
109096,152,151
109112,128,137
109129,158,160
109146,167,168
109162,159,152
109179,174,174
109195,174,174
109212,174,171
109229,144,148
109246,152,159
109263,137,128
109280,140,140
109297,145,148
109314,138,143
109330,150,138
109347,139,142
109363,107,102
109379,150,142
109397,172,168
109414,150,148
109430,130,126
109447,95,96
109464,113,115
109481,122,123
109497,125,124
109514,114,116
109531,121,122
109548,113,109
109565,112,114
109581,111,114
109599,111,114
109616,169,168
109633,165,163
109650,145,137
109668,125,123
109684,137,119
109700,148,147
109716,144,145
109733,119,127
109750,134,134
109767,155,156
109783,165,166
109799,133,141
109817,141,141
109833,174,174
109850,155,155
109867,152,141
109884,131,136
109900,126,131
109916,138,142
109934,153,144
109951,134,147
109968,123,132
109985,138,125
110001,159,155
110018,117,117
110035,122,126
110052,102,101
110068,57,55
110085,48,53
110102,85,87
110120,63,71
110137,41,51
110153,130,132
110171,113,94
110188,121,74
110205,94,85
110222,93,78
110240,65,63
110257,135,127
110273,79,78
110290,72,67
110307,60,59
110323,61,63
110340,65,78
110357,166,167
110374,165,166
110391,166,167
110407,167,169
110424,166,166
110441,158,158
110457,153,153
110474,172,172
110490,152,146
110507,169,163
110523,173,174
110540,173,174
110557,174,174
110574,171,164
110591,162,164
110608,154,170
110624,162,166
110641,142,135
110658,156,128
110675,140,155
110692,174,174
110709,139,139
110726,148,152
110742,167,172
110758,133,150
110775,149,152
110791,129,138
110807,157,148
110824,154,168
110840,154,169
110856,148,155
110873,123,142
110889,169,170
110907,174,174
110923,167,171
110940,167,157
110957,165,167
110974,168,163
110990,158,166
111007,167,171
111024,156,146
111041,166,155
111058,166,161
111075,149,144
111092,118,143
111108,148,168
111125,154,155
111141,128,135
111157,128,135
111174,143,129
111190,138,125
111206,111,121
111224,174,174
111240,172,174
111257,173,171
111273,167,164
111290,162,157
111307,158,157
111324,171,173
111341,171,174
111358,156,161
111375,156,158
111391,162,165
111408,162,165
111424,146,151
111440,173,174
111456,174,174
111473,169,174
111490,158,158
111507,171,173
111524,167,159
111542,173,174
111559,174,164
111575,161,159
111592,161,143
111610,158,122
111627,163,132
111644,172,169
111660,156,150
111676,153,151
111694,156,155
111711,168,174
111727,160,169
111743,154,159
111760,149,139
111777,149,139
111795,163,162
111812,174,174
111829,166,166
111845,166,166
111862,169,173
111878,173,174
111895,173,174
111912,167,161
111929,166,154
111945,164,163
111961,170,169
111978,161,171
111995,167,174
112012,154,159
112028,158,148
112045,164,156
112062,150,143
112079,161,148
112095,173,162
112112,172,174
112129,169,169
112146,169,169
112162,158,167
112180,171,174
112197,174,174
112213,174,173
112229,172,164
112246,162,161
112262,173,173
112278,174,166
112295,151,159
112311,167,171
112327,174,174
112345,174,174
112362,164,174
112378,149,164
112394,142,149
112412,157,156
112429,138,151
112446,140,141
112462,149,157
112480,137,133
112496,152,141
112513,164,173
112529,167,159
112546,170,162
112563,147,160
112580,167,174
112597,168,166
112614,174,174
112631,174,174
112647,174,174
112664,163,157
112681,156,143
112697,153,141
112714,154,116
112731,130,108
112748,134,112
112765,134,112
112781,118,107
112798,119,104
112814,102,102
112830,126,136
112847,139,123
112864,155,128
112881,158,138
112898,158,138
112914,135,137
112931,132,134
112948,138,136
112965,146,148
112981,132,157
112998,130,149
113016,130,149
113033,170,133
113049,172,171
113065,171,174
113082,150,153
113099,168,165
113116,154,153
113133,155,165
113150,139,150
113166,140,137
113183,138,150
113200,135,138
113217,137,126
113233,150,142
113250,164,174
113266,164,174
113283,165,171
113299,145,148
113317,161,152
113333,164,163
113350,142,145
113366,149,141
113382,154,135
113399,142,145
113415,141,148
113433,151,143
113450,130,132
113466,127,137
113483,117,109
113499,116,104
113516,105,88
113532,95,93
113549,98,103
113565,96,89
113582,121,142
113599,106,109
113615,102,169
113633,169,169
113650,170,129
113666,120,164
113683,172,167
113700,150,142
113717,150,135
113734,169,118
113751,115,129
113768,135,102
113784,170,167
113801,162,157
113818,173,169
113834,169,167
113851,164,163
113867,164,163
113884,155,159
113901,173,173
113917,168,165
113934,139,146
113951,142,143
113967,146,125
113983,127,120
114000,127,132
114016,156,171
114033,133,134
114049,135,151
114066,144,146
114082,136,107
114100,129,146
114117,129,146
114133,168,163
114150,155,146
114166,173,167
114183,133,134
114200,132,137
114216,171,169
114234,156,160
114250,159,157
114266,162,169
114283,171,174
114300,172,171
114317,172,167
114333,174,174
114350,174,174
114367,174,171
114383,147,137
114400,140,139
114417,127,132
114433,171,167
114450,172,168
114466,153,160
114482,158,154
114499,150,156
114516,150,146
114532,151,137
114549,162,156
114565,151,145
114582,130,130
114598,132,130
114616,133,124
114633,129,124
114650,173,174
114667,174,168
114683,161,165
114700,139,139
114717,123,129
114734,120,121
114751,163,169
114767,173,174
114783,164,166
114799,161,168
114816,138,153
114832,137,150
114850,141,142
114867,169,172
114884,145,144
114902,141,145
114919,138,150
114936,136,144
114952,125,128
114969,170,170
114986,171,160
115003,148,140
115020,134,124
115036,144,129
115053,171,168
115069,173,172
115085,160,162
115102,149,155
115119,137,138
115136,146,150
115153,170,166
115170,158,161
115187,173,173
115204,158,158
115221,151,162
115238,153,160
115255,172,173
115272,169,167
115288,170,166
115304,145,160
115321,157,161
115338,158,148
115355,140,146
115372,136,138
115388,172,170
115405,172,171
115421,144,146
115438,160,146
115456,158,150
115472,172,172
115489,157,139
115506,173,169
115523,174,173
115540,174,174
115556,174,171
115573,174,174
115589,174,171
115606,173,162
115623,174,173
115640,159,162
115657,153,155
115673,157,152
115691,162,144
115708,158,134
115725,159,168
115742,166,153
115758,174,169
115776,163,147
115793,135,134
115809,171,172
115825,174,174
115842,174,173
115859,167,167
115876,173,170
115893,170,172
115910,142,143
115928,173,174
115945,151,174
115961,159,168
115977,142,156
115994,159,159
116010,174,174
116027,173,173
116044,174,174
116062,170,162
116078,160,167
116095,160,167
116111,125,133
116127,108,120
116144,131,120
116161,120,115
116178,138,121
116195,143,140
116211,126,121
116227,129,133
116244,131,125
116260,146,158
116277,154,150
116294,154,152
116310,141,121
116328,141,109
116345,131,115
116361,170,169
116377,141,121
116395,146,133
116412,167,160
116428,170,162
116445,165,158
116461,162,163
116477,173,173
116493,174,165
116510,149,139
116526,128,134
116543,96,107
116561,84,107
116578,95,121
116595,161,170
116612,158,141
116630,164,139
116647,150,159
116664,149,147
116680,147,150
116697,147,150
116713,128,129
116730,111,132
116746,119,135
116763,114,117
116780,163,139
116796,130,117
116813,102,96
116830,146,155
116847,140,124
116864,96,97
116881,100,114
116897,92,111
116913,163,165
116931,160,155
116947,160,155
116963,156,135
116981,163,134
116997,165,138
117014,147,144
117031,147,143
117047,142,130
117065,142,145
117081,146,130
117098,136,135
117114,166,160
117131,136,143
117147,131,130
117164,128,120
117180,118,128
117197,118,128
117214,170,166
117231,162,169
117247,161,172
117265,153,161
117282,132,136
117300,138,133
117317,138,133
117334,170,171
117351,158,156
117367,133,138
117384,129,131
117401,120,115
117417,126,118
117434,127,117
117450,134,119
117467,115,115
117484,113,126
117500,115,110
117517,111,107
117534,149,169
117551,159,174
117568,173,174
117585,174,174
117601,162,158
117618,169,161
117634,169,168
117651,174,174
117668,169,171
117684,169,171
117702,154,161
117719,144,144
117735,150,151
117752,171,172
117769,174,174
117785,166,169
117802,167,174
117819,129,125
117836,112,116
117853,101,91
117869,146,161
117885,172,164
117902,156,162
117919,168,158
117936,171,164
117954,159,161
117970,174,174
117987,174,170
118003,163,170
118020,167,166
118037,159,161
118054,157,147
118071,173,173
118087,174,174
118103,173,174
118120,174,174
118136,157,161
118153,159,162
118170,172,164
118186,174,173
118203,160,172
118220,147,149
118236,147,153
118253,130,130
118271,138,145
118287,171,172
118303,174,174
118321,174,172
118338,174,174
118355,153,158
118372,170,174
118389,160,164
118407,154,151
118424,128,136
118440,107,95
118456,88,99
118473,86,81
118490,91,88
118507,157,162
118524,131,131
118540,147,135
118557,155,156
118574,166,168
118590,163,163
118607,167,165
118624,137,140
118643,149,148
118659,147,166
118676,172,173
118693,159,164
118710,159,160
118727,159,160
118744,151,149
118761,166,158
118777,149,155
118793,163,166
118811,155,146
118827,154,158
118844,153,157
118861,150,147
118877,134,139
118894,131,114
118911,121,111
118928,169,169
118945,149,148
118961,171,171
118977,165,167
118995,156,150
119012,174,174
119028,174,174
119045,174,172
119061,148,146
119077,161,160
119094,167,135
119110,169,171
119127,127,144
119143,118,116
119159,170,158
119175,171,154
119192,148,147
119208,143,128
119225,134,130
119243,143,137
119260,155,147
119276,166,171
119293,155,158
119310,152,149
119326,139,124
119342,117,118
119359,169,170
119375,173,172
119393,174,158
119410,174,158
119427,166,144
119444,174,161
119460,174,167
119476,174,174
119493,174,174
119510,160,156
119527,155,150
119545,140,135
119561,112,119
119578,93,105
119595,136,147
119612,123,116
119628,93,97
119645,96,96
119663,92,92
119679,144,131
119696,172,152
119713,173,159
119730,154,146
119747,163,136
119765,173,140
119782,154,132
119799,157,120
119816,143,130
119833,135,119
119849,117,127
119866,122,103
119882,125,113
119899,170,169
119916,167,172
119932,147,151
119950,145,156
119966,130,134
119984,127,120
120001,120,131
120018,114,116
120034,128,142
120051,125,134
120068,129,145
120085,159,150
120102,150,162
120119,165,169
120135,147,155
120151,153,163
120168,140,151
120184,150,148
120201,154,140
120218,164,133
120234,128,151
120252,145,144
120270,149,144
120287,153,163
120304,158,152
120321,135,144
120338,111,124
120355,93,93
120372,89,98
120388,88,101
120405,98,95
120421,78,97
120437,167,159
120454,123,111
120470,115,121
120487,120,111
120504,110,118
120520,85,93
120538,150,147
120554,162,165
120571,152,141
120588,119,117
120606,162,137
120623,153,146
120639,172,172
120657,174,174
120673,174,171
120689,174,172
120706,172,174
120723,166,166
120739,171,174
120756,171,174
120773,163,166
120789,146,148
120806,148,155
120823,149,149
120840,122,127
120856,132,141
120872,151,160
120890,140,144
120906,132,158
120922,166,166
120939,170,161
120956,170,167
120973,155,172
120990,157,161
121006,157,161
121022,171,163
121039,155,172
121056,146,156
121073,172,173
121089,143,172
121106,159,159
121122,157,171
121138,174,174
121155,162,174
121173,171,168
121190,174,174
121206,174,174
121223,169,164
121240,157,147
121257,157,147
121274,149,142
121291,135,140
121308,130,143
121324,138,133
121341,134,123
121358,153,138
121376,153,138
121392,145,146
121408,170,154
121425,154,150
121442,130,123
121459,137,132
121475,135,128
121492,137,127
121508,156,149
121524,163,154
121541,145,147
121558,136,129
121574,136,137
121591,137,133
121607,158,171
121623,173,174
121640,144,145
121656,145,137
121672,123,128
121689,116,136
121705,124,129
121721,152,158
121738,136,138
121754,131,141
121770,133,134
121786,130,130
121803,128,136
121820,170,171
121837,158,149
121853,129,133
121870,128,124
121887,150,149
121903,123,139
121919,134,133
121936,171,171
121952,130,136
121968,137,140
121985,133,130
122001,150,147
122017,159,161
122034,143,144
122051,162,166
122067,170,155
122084,156,164
122100,168,170
122117,168,170
122133,158,157
122149,163,170
122166,164,169
122183,156,171
122199,149,168
122216,148,157
122234,158,151
122250,162,171
122267,160,167
122283,161,151
122299,125,132
122316,130,120
122333,118,103
122349,102,98
122366,169,168
122383,169,167
122399,164,166
122415,170,165
122432,166,167
122448,160,156
122465,173,173
122482,167,173
122499,130,145
122515,136,112
122532,98,100
122550,94,86
122566,96,87
122583,167,154
122600,155,143
122616,135,157
122633,138,141
122650,124,137
122666,118,123
122683,174,174
122699,174,174
122716,172,174
122732,174,174
122750,172,171
122766,162,168
122783,173,172
122800,159,161
122816,169,172
122833,170,173
122850,172,174
122866,169,174
122882,170,169
122900,174,174
122916,174,174
122933,162,152
122950,132,142
122967,130,121
122983,109,110
123000,112,128
123017,107,113
123033,121,116
123049,128,128
123066,100,112
123083,119,117
123099,116,127
123116,144,151
123133,153,157
123150,119,119
123166,123,112
123183,104,112
123199,81,106
123216,167,165
123233,100,118
123249,167,165
123266,134,115
123282,73,89
123300,114,127
123316,84,96
123333,173,164
123349,149,130
123366,116,119
123383,155,155
123400,100,118
123416,76,89
123432,107,106
123449,93,99
123465,93,99
123482,161,152
123499,162,156
123516,153,158
123532,171,172
123549,163,158
123565,169,164
123581,155,145
123598,170,165
123616,157,151
123632,163,149
123649,150,142
123666,157,140
123682,130,135
123699,149,146
123715,149,146
123732,162,162
123748,141,161
123765,150,160
123783,146,140
123800,146,147
123817,162,158
123834,173,168
123851,164,165
123868,154,170
123885,157,173
123902,149,160
123920,136,156
123936,149,163
123952,164,168
123969,158,149
123986,136,138
124002,123,121
124019,119,122
124036,124,118
124052,119,117
124069,169,174
124086,169,174
124103,174,172
124120,167,172
124138,144,154
124154,160,155
124170,159,167
124187,173,174
124204,160,158
124220,172,171
124237,151,155
124253,135,142
124270,120,132
124286,141,144
124302,174,174
124319,169,168
124336,135,163
124353,139,147
124370,142,125
124386,108,123
124402,174,174
124419,166,158
124436,174,167
124453,158,170
124470,151,155
124488,131,134
124505,146,139
124521,130,139
124538,131,126
124555,125,133
124572,157,156
124589,140,143
124606,147,143
124623,174,174
124640,154,149
124657,150,150
124674,122,119
124691,105,111
124708,87,95
124724,99,100
124742,131,132
124758,104,101
124774,93,103
124790,97,106
124807,73,76
124823,166,167
124840,147,138
124857,138,135
124874,142,140
124891,163,163
124907,158,157
124924,173,173
124940,174,174
124958,174,174
124974,174,174
124991,174,174
125009,166,166
125026,157,157
125043,174,168
125060,169,159
125077,155,140
125093,140,124
125109,112,102
125126,95,107
125143,167,167
125160,169,168
125177,174,174
125193,174,174
125211,145,157
125227,152,158
125243,157,164
125260,174,143
125277,158,148
125293,115,121
125309,121,120
125326,146,118
125343,99,114
125360,167,165
125377,138,130
125394,128,149
125411,167,168
125428,163,172
125445,164,170
125461,153,163
125477,125,122
125494,127,127
125511,136,132
125527,159,159
125544,153,153
125561,154,154
125578,151,151
125595,140,140
125611,144,143
125628,143,143
125644,139,139
125662,133,134
125678,171,166
125694,174,168
125711,162,149
125727,154,153
125743,144,143
125760,141,109
125777,135,127
125794,153,155
125810,162,159
125827,172,164
125843,167,166
125860,161,164
125876,155,155
125892,173,173
125909,170,158
125926,170,158
125942,160,161
125959,153,160
125976,162,157
125993,151,165
126010,143,157
126027,134,152
126043,137,138
126060,156,154
126076,163,161
126094,161,158
126110,169,165
126126,164,170
126143,150,162
126160,151,143
126178,147,146
126194,141,145
126211,172,171
126228,172,166
126244,173,173
126260,170,169
126277,174,174
126294,173,173
126311,174,174
126328,174,174
126346,174,174
126363,168,162
126380,144,145
126397,152,148
126414,120,123
126431,123,104
126449,126,112
126466,112,118
126482,117,115
126499,151,146
126516,158,137
126532,173,172
126549,174,167
126566,167,158
126583,158,158
126600,145,138
126616,138,121
126632,132,146
126649,146,143
126666,146,143
126683,139,116
126700,131,117
126717,144,144
126734,119,130
126752,168,162
126768,169,160
126784,169,169
126802,163,144
126818,151,156
126834,138,137
126851,149,145
126867,137,135
126884,166,164
126901,141,133
126917,134,130
126934,143,142
126950,154,165
126967,138,142
126983,160,171
126999,156,162
127016,148,147
127032,150,150
127049,139,153
127065,145,146
127082,170,129
127099,138,154
127116,146,155
127132,149,155
127148,149,151
127165,158,155
127182,130,132
127198,109,110
127214,89,108
127231,89,95
127247,86,93
127265,86,83
127282,83,88
127299,80,93
127316,84,78
127334,84,84
127351,86,86
127368,84,103
127384,76,86
127400,162,157
127417,158,154
127435,139,116
127452,117,129
127468,118,131
127485,103,96
127501,174,168
127518,172,165
127534,168,169
127551,165,168
127567,162,165
127583,158,161
127600,153,155
127617,172,173
127633,151,146
127651,149,153
127668,135,147
127685,145,138
127702,117,132
127719,139,144
127736,144,147
127752,132,148
127769,132,147
127785,132,143
127802,153,134
127819,127,159
127835,170,173
127852,143,131
127868,144,131
127885,166,152
127902,130,132
127918,145,144
127936,172,172
127952,125,135
127968,149,137
127985,172,170
128001,171,171
128018,168,169
128034,170,168
128050,174,174
128067,174,174
128083,170,161
128099,148,147
128115,137,141
128132,137,128
128149,171,165
128167,173,166
128185,154,155
128201,149,149
128219,147,150
128236,147,149
128252,156,145
128269,166,149
128286,140,140
128303,130,126
128319,130,125
128335,131,127
128352,170,170
128368,174,172
128384,173,174
128402,172,174
128418,151,137
128434,126,134
128451,134,150
128467,171,172
128483,153,163
128500,136,154
128517,136,154
128533,148,138
128549,125,141
128566,124,129
128582,160,164
128599,112,130
128616,125,123
128632,118,119
128649,124,127
128666,117,121
128683,170,157
128700,160,158
128716,150,149
128733,159,144
128750,152,156
128767,161,158
128784,155,148
128800,149,152
128816,116,140
128833,150,166
128850,165,169
128866,153,144
128883,128,132
128899,173,173
128916,132,139
128932,168,133
128949,168,169
128965,174,172
128983,166,167
128999,171,165
129015,164,168
129032,173,160
129048,154,157
129065,173,164
129082,170,172
129099,165,160
129115,165,160
129132,140,145
129149,114,135
129166,150,152
129183,129,139
129200,136,128
129217,171,170
129233,169,169
129250,174,174
129268,174,174
129284,170,174
129301,166,169
129318,174,174
129336,173,174
129352,139,146
129369,151,146
129386,136,144
129403,128,151
129420,136,135
129438,138,154
129455,129,154
129471,123,124
129488,121,137
129505,121,121
129522,121,119
129538,174,174
129555,165,168
129572,174,174
129588,168,168
129605,174,172
129622,174,167
129639,173,172
129656,174,174
129673,156,158
129689,149,142
129707,153,153
129723,171,174
129739,164,162
129756,173,173
129773,174,174
129790,165,154
129807,154,147
129824,122,119
129840,103,100
129858,121,122
129874,126,118
129891,132,130
129908,110,109
129926,117,129
129943,109,111
129959,127,129
129976,118,109
129992,88,82
130008,84,80
130026,76,72
130043,79,79
130060,70,65
130078,112,111
130094,136,136
130111,136,134
130128,160,159
130146,167,167
130162,158,158
130180,172,172
130197,174,173
130214,154,159
130231,157,158
130248,133,147
130265,129,131
130282,132,114
130299,119,117
130316,116,121
130333,111,115
130350,109,105
130366,164,153
130382,138,147
130399,150,159
130416,156,165
130433,164,150
130449,160,156
130466,158,157
130482,129,140
130499,168,143
130516,174,156
130532,135,158
130549,148,165
130566,161,158
130583,156,157
130600,164,152
130616,147,149
130633,166,169
130649,153,158
130666,134,149
130683,139,135
130699,152,147
130716,153,140
130732,160,158
130749,160,166
130766,154,147
130782,153,154
130799,157,174
130816,142,156
130832,149,157
130848,166,173
130864,173,170
130881,147,165
130899,160,138
130915,154,131
130932,174,162
130948,170,168
130965,174,167
130982,159,161
130998,131,144
131015,134,143
131031,128,139
131047,170,171
131064,150,153
131081,147,149
131098,138,129
131114,117,129
131130,113,133
131148,159,156
131164,171,173
131180,173,173
131198,172,171
131215,165,157
131231,174,172
131249,173,172
131266,174,174
131283,154,169
131300,140,156
131317,157,163
131333,164,157
131350,168,160
131367,174,174
131384,164,152
131401,173,167
131418,173,168
131434,161,151
131452,174,169
131469,174,174
131486,174,174
131503,172,163
131520,160,160
131537,138,149
131554,142,151
131571,170,170
131587,148,144
131604,164,165
131621,170,166
131638,166,174
131654,170,172
131671,169,168
131688,174,168
131704,165,156
131721,149,149
131739,116,104
131756,110,118
131772,102,101
131789,174,174
131806,174,174
131823,174,174
131839,171,172
131856,174,172
131873,174,166
131889,174,173
131906,174,170
131923,159,147
131939,132,160
131957,132,160
131974,156,131
131990,129,122
132007,174,174
132023,163,159
132040,162,162
132056,172,173
132073,157,156
132090,166,164
132106,160,159
132122,174,170
132140,131,122
132157,136,103
132173,116,96
132190,98,100
132207,98,83
132225,168,162
132241,141,136
132257,146,158
132275,160,157
132292,156,159
132308,153,154
132326,153,154
132343,145,141
132360,124,114
132376,135,140
132393,155,156
132409,159,154
132425,152,151
132443,160,164
132459,161,159
132476,152,152
132493,158,150
132510,161,150
132527,151,144
132544,174,174
132561,173,153
132577,160,164
132594,158,157
132610,152,141
132626,147,137
132643,172,171
132661,171,164
132678,174,174
132695,174,174
132711,159,163
132729,159,156
132746,161,157
132762,174,174
132779,158,163
132796,170,167
132812,144,147
132829,140,133
132846,137,137
132863,165,158
132880,167,159
132896,167,159
132913,158,147
132930,138,147
132946,133,125
132963,146,139
132979,171,171
132996,171,174
133013,141,140
133029,160,144
133046,148,136
133063,146,148
133079,172,172
133097,164,172
133114,166,155
133131,130,137
133147,171,171
133163,162,166
133180,173,173
133197,174,174
133214,174,174
133230,159,155
133247,157,153
133264,136,122
133281,123,107
133298,140,135
133315,114,103
133332,107,84
133348,107,91
133364,82,77
133381,86,92
133398,124,124
133414,109,116
133431,96,92
133447,107,85
133464,81,84
133481,86,79
133497,79,73
133514,149,161
133530,152,149
133546,127,122
133563,125,131
133580,121,117
133597,86,114
133613,168,168
133630,168,163
133647,162,171
133665,160,152
133681,128,119
133698,116,138
133715,111,89
133732,154,155
133749,92,106
133765,100,96
133781,151,152
133798,153,161
133815,135,149
133832,141,150
133849,156,145
133867,148,155
133884,149,149
133900,145,119
133917,144,133
133934,159,138
133951,123,143
133967,122,147
133984,152,141
134000,135,143
134018,134,141
134034,147,143
134050,144,145
134066,139,120
134084,133,125
134100,135,125
134117,133,105
134133,122,132
134150,116,104
134166,127,107
134183,119,99
134199,115,117
134216,131,126
134232,107,89
134249,169,158
134265,154,173
134282,116,147
134300,136,126
134316,137,114
134333,139,123
134350,169,164
134366,174,173
134383,174,170
134399,174,172
134416,161,174
134432,173,173
134449,162,162
134465,165,156
134483,170,172
134500,143,157
134517,153,142
134534,143,141
134551,149,143
134568,133,127
134585,135,147
134601,132,145
134617,138,157
134634,142,136
134650,143,122
134666,143,122
134684,163,162
134700,174,174
134716,174,174
134733,172,174
134749,171,172
134765,174,174
134782,174,173
134799,165,151
134815,148,151
134832,139,140
134848,174,173
134865,164,162
134883,171,159
134900,174,174
134916,174,174
134933,174,172
134950,151,141
134967,153,144
134983,143,142
135000,170,171
135017,161,163
135034,161,163
135050,162,151
135066,164,156
135083,171,165
135099,155,149
135115,173,169
135131,155,145
135149,154,153
135166,145,146
135183,138,135
135199,134,122
135217,171,155
135233,171,174
135251,173,174
135267,158,167
135283,150,135
135300,135,133
135317,140,125
135334,172,173
135351,159,155
135367,151,150
135384,133,147
135401,147,134
135418,131,122
135434,160,170
135450,134,124
135467,136,130
135484,130,130
135500,125,123
135517,124,124
135534,125,124
135551,165,143
135568,148,158
135586,156,155
135602,131,126
135619,121,125
135636,124,125
135653,170,170
135670,135,133
135686,140,135
135703,143,130
135720,155,157
135737,149,151
135753,172,172
135770,162,165
135787,156,169
135804,154,166
135821,166,174
135837,162,164
135854,161,163
135871,162,167
135888,173,174
135905,174,174
135921,160,164
135938,139,153
135955,146,158
135972,173,166
135989,170,164
136005,151,151
136022,157,151
136040,113,109
136056,129,122
136073,170,169
136090,163,161
136107,171,172
136124,171,170
136141,152,149
136157,132,136
136174,160,157
136190,174,174
136206,174,174
136223,152,148
136240,121,115
136256,145,131
136273,136,111
136290,102,116
136306,162,157
136323,103,112
136340,113,107
136357,81,79
136373,78,79
136389,167,166
136407,170,166
136424,170,170
136441,169,166
136459,161,161
136475,161,162
136492,173,173
136509,174,172
136525,157,157
136542,143,151
136559,168,171
136575,158,157
136593,174,174
136609,174,174
136625,174,174
136643,174,174
136660,149,146
136676,156,161
136693,138,143
136711,148,142
136728,145,148
136745,165,161
136762,151,145
136778,141,134
136794,122,118
136812,150,148
136829,169,168
136845,173,174
136862,108,97
136878,116,98
136894,169,158
136911,135,130
136929,171,170
136945,142,133
136962,171,171
136978,167,164
136994,171,169
137011,172,173
137028,173,171
137044,174,174
137060,163,161
137078,147,150
137095,162,162
137112,130,140
137128,125,122
137145,158,165
137162,136,138
137178,155,160
137194,154,146
137211,172,174
137229,139,155
137245,153,170
137262,162,173
137279,163,155
137295,146,156
137312,146,172
137330,130,127
137346,150,146
137363,160,133
137380,127,152
137398,141,161
137414,150,146
137430,171,143
137448,130,133
137465,137,132
137482,131,140
137499,111,139
137515,106,110
137532,127,145
137549,93,106
137565,117,118
137583,131,138
137600,118,106
137616,136,124
137633,132,128
137651,102,104
137668,126,121
137684,155,159
137702,149,106
137718,117,96
137735,105,99
137752,120,94
137768,84,80
137784,168,165
137802,163,161
137819,165,166
137835,168,170
137852,162,163
137869,162,164
137885,160,155
137902,174,174
137918,159,153
137934,151,146
137951,164,166
137967,164,163
137985,160,157
138001,159,161
138018,151,154
138034,140,141
138051,120,127
138068,86,84
138084,77,73
138101,162,167
138117,162,167
138134,161,165
138151,115,118
138168,119,114
138184,91,87
138200,78,67
138218,169,164
138235,169,164
138252,101,93
138269,105,104
138286,118,102
138302,99,95
138319,169,169
138336,174,174
138353,166,174
138370,166,167
138387,160,156
138404,165,162
138421,165,171
138437,174,171
138453,162,150
138470,154,146
138488,164,152
138504,156,158
138521,126,148
138538,163,172
138554,152,156
138571,146,134
138587,120,108
138604,120,108
138621,143,139
138637,170,169
138654,174,174
138671,174,174
138688,174,174
138705,174,166
138722,172,164
138739,157,168
138755,171,174
138772,174,174
138789,152,150
138806,156,152
138823,162,168
138839,147,147
138856,147,147
138873,173,174
138889,174,174
138905,169,174
138922,154,156
138939,169,155
138955,154,169
138973,172,174
138990,174,149
139007,155,137
139023,151,129
139040,151,102
139057,152,127
139074,172,163
139096,125,123
139113,130,131
139130,151,157
139146,157,162
139163,152,149
139180,172,172
139197,145,138
139214,147,147
139231,150,156
139249,168,168
139265,164,165
139282,163,157
139299,156,149
139315,162,152
139333,158,156
139350,153,151
139367,149,144
139385,148,148
139401,169,168
139417,173,168
139434,158,164
139451,147,157
139467,155,134
139485,144,152
139501,151,140
139518,157,144
139535,173,162
139551,172,170
139568,166,165
139586,174,173
139602,173,174
139619,174,174
139637,167,167
139654,155,158
139671,165,162
139688,174,171
139704,161,167
139720,146,158
139736,148,167
139754,173,174
139771,174,174
139788,165,172
139806,149,163
139824,149,158
139842,147,149
139858,130,135
139875,142,131
139892,149,138
139909,153,145
139925,172,172
139943,159,162
139960,172,169
139976,159,163
139993,172,173
140010,167,165
140027,174,174
140044,174,174
140061,172,169
140078,167,160
140095,143,151
140112,149,149
140129,144,115
140146,124,109
140163,126,113
140180,126,107
140196,117,103
140214,112,111
140231,115,96
140248,144,134
140265,148,132
140281,169,133
140299,172,138
140315,138,151
140332,145,150
140349,130,155
140366,127,131
140383,152,144
140400,151,152
140416,156,150
140434,168,143
140460,142,139
140477,171,170
140494,173,173
140510,159,157
140527,159,155
140543,159,151
140560,163,152
140576,163,152
140593,155,144
140610,148,155
140626,135,146
140642,172,154
140659,155,173
140676,137,146
140692,171,172
140709,161,165
140727,161,165
140743,167,151
140759,143,140
140776,155,152
140793,164,119
140810,141,147
140826,141,147
140843,158,138
140860,140,156
140877,136,133
140894,132,143
140910,111,121
140927,115,104
140945,115,104
140961,112,105
140979,104,103
140995,103,99
141012,116,148
141029,136,128
141045,128,170
141062,170,170
141078,170,127
141094,122,166
141110,173,172
141127,152,151
141143,157,156
141160,167,125
141177,148,134
141194,148,134
141211,168,171
141228,169,164
141245,174,169
141261,170,172
141278,165,174
141295,166,172
141313,163,174
141330,173,174
141347,151,141
141364,155,159
141381,155,148
141398,157,142
141416,134,127
141433,140,134
141450,148,150
141467,129,141
141484,137,149
141500,129,126
141517,136,131
141534,152,155
141551,172,173
141569,174,169
141586,174,174
141602,174,176
141619,174,175
141637,174,175
141654,144,163
141671,157,155
141687,157,155
141704,173,173
141721,174,174
141738,174,171
141756,174,174
141773,174,174
141789,171,165
141805,171,165
141823,151,147
141840,135,143
141857,171,171
141874,174,166
141892,150,163
141908,156,150
141925,156,150
141943,161,151
141959,142,140
141975,156,147
141992,150,152
142010,138,136
142026,131,136
142043,147,133
142059,144,140
142077,174,170
142094,174,172
142110,173,156
142128,144,149
142144,130,142
142161,170,172
142179,174,174
142195,174,174
142213,172,171
142230,154,161
142246,127,150
142263,157,155
142280,171,171
142296,171,171
142313,147,147
142330,139,136
142348,157,161
142364,146,141
142381,133,122
142398,174,160
142415,167,165
142431,156,162
142448,174,166
142464,153,155
142481,171,174
142498,173,174
142514,167,162
142530,173,167
142546,163,169
142564,163,163
142580,162,165
142596,161,160
142613,172,173
142631,161,153
142648,171,161
142665,171,161
142682,173,174
142699,174,167
142717,169,171
142734,149,166
142751,152,159
142768,144,155
142784,141,149
142801,149,149
142819,157,164
142836,153,159
142853,148,154
142870,160,152
142887,157,161
142903,122,121
142921,159,151
142938,171,174
142955,170,174
142972,174,174
142990,174,174
143006,174,171
143023,163,169
143039,173,174
143056,171,173
143073,152,167
143090,144,149
143106,159,147
143123,156,148
143139,171,171
143155,171,171
143172,164,164
143188,173,167
143205,154,151
143222,144,155
143239,168,172
143255,174,174
143272,158,152
143289,173,168
143305,174,170
143322,172,173
143338,149,152
143355,171,172
143372,142,167
143389,152,166
143405,152,166
143422,165,171
143439,174,174
143456,170,169
143472,174,174
143489,171,165
143505,156,157
143522,156,152
143538,137,126
143555,125,110
143572,123,100
143589,97,84
143606,94,82
143623,97,91
143640,97,84
143657,90,83
143673,99,78
143689,135,141
143706,129,141
143723,138,123
143739,129,120
143756,135,102
143772,145,110
143790,171,168
143806,144,115
143822,146,142
143839,165,163
143857,169,165
143873,168,174
143890,159,167
143906,173,174
143923,174,166
143940,155,149
143957,139,143
143973,98,106
143990,84,80
144006,108,130
144024,119,139
144040,117,127
144057,128,114
144073,168,169
144089,151,153
144106,144,155
144123,159,156
144141,160,153
144158,151,153
144175,162,161
144192,138,138
144209,160,144
144226,168,131
144243,142,141
144260,145,151
144277,159,151
144294,150,154
144311,148,130
144329,171,172
144345,169,174
144362,172,168
144380,159,156
144397,159,156
144414,152,137
144431,173,147
144447,173,164
144465,152,145
144482,144,143
144499,134,131
144515,134,131
144531,135,130
144548,153,146
144565,139,140
144581,144,151
144598,137,131
144615,143,145
144631,133,134
144648,169,164
144665,162,168
144682,160,166
144698,148,146
144714,133,146
144732,137,128
144748,137,130
144765,171,171
144781,161,158
144799,142,144
144816,147,135
144832,136,122
144849,132,118
144866,129,117
144882,128,127
144900,166,162
144916,143,125
144933,137,140
144950,144,139
144968,169,174
144985,174,174
145002,174,157
145020,174,174
145036,172,174
145053,174,174
145069,174,168
145086,174,171
145103,162,172
145121,167,156
145137,157,155
145153,149,162
145170,170,166
145188,174,174
145204,174,174
145221,155,168
145239,154,174
145255,154,174
145272,152,173
145289,172,172
145305,168,169
145322,167,174
145338,170,173
145355,168,174
145372,176,175
145390,156,157
145406,173,173
145422,170,161
145439,148,145
145456,158,119
145472,155,160
145488,122,122
145505,170,170
145521,174,174
145539,174,173
145555,172,174
145572,171,166
145588,174,173
145605,174,174
145622,174,171
145638,151,156
145655,144,133
145671,134,111
145689,139,137
145705,128,108
145721,168,170
145738,159,166
145755,159,166
145771,169,170
145789,144,148
145805,160,169
145822,173,172
145839,137,138
145856,103,114
145873,103,114
145890,125,127
145912,78,85
145929,89,78
145947,140,124
145964,133,140
145981,149,148
145998,155,156
146016,158,154
146032,153,155
146048,172,173
146065,138,135
146082,132,142
146098,162,164
146115,173,169
146131,161,168
146149,174,173
146165,158,167
146182,164,163
146199,169,170
146216,158,172
146233,159,156
146250,149,157
146266,172,173
146284,174,167
146300,156,170
146317,164,132
146334,153,157
146350,172,151
146366,174,172
146383,173,173
146401,160,157
146417,163,162
146434,173,174
146451,173,172
146468,174,174
146485,174,174
146501,153,156
146518,152,160
146535,158,154
146551,136,151
146567,161,157
146584,156,153
146601,156,138
146618,155,154
146635,142,151
146653,148,164
146669,146,139
146686,154,171
146703,150,147
146720,151,154
146737,145,131
146754,128,116
146771,125,135
146788,171,170
146804,138,144
146821,152,147
146838,169,169
146854,169,169
146870,155,151
146887,164,163
146903,174,174
146920,167,165
146938,151,147
146954,138,141
146970,128,127
146986,111,106
147003,144,137
147019,141,136
147035,116,89
147053,106,94
147070,71,79
147087,64,63
147104,61,62
147121,173,169
147138,167,154
147155,163,147
147172,147,135
147188,162,147
147205,157,136
147221,171,152
147238,133,129
147255,134,123
147275,141,131
147292,106,106
147308,128,98
147326,170,159
147342,169,157
147359,120,138
147376,149,134
147393,127,113
147410,92,96
147426,124,97
147442,153,130
147460,157,129
147477,147,128
147493,102,100
147510,134,110
147527,169,153
147543,145,127
147560,163,147
147576,159,145
147593,159,145
147609,102,82
147626,98,80
147643,93,73
147659,80,84
147676,72,62
147692,82,75
147708,73,74
147725,55,53
147741,80,63
147758,112,106
147775,96,107
147792,119,77
147808,159,160
147825,106,112
147842,99,77
147859,157,166
147876,134,141
147892,150,146
147909,135,146
147926,85,98
147943,162,137
147960,158,169
147977,157,130
147993,122,148
148009,127,130
148026,147,158
148043,93,103
148059,159,169
148075,173,174
148092,174,172
148108,174,162
148125,164,165
148141,168,173
148158,169,163
148175,169,170
148192,160,160
148209,155,148
148225,136,154
148242,149,146
148259,141,131
148275,118,132
148292,150,149
148308,135,157
148325,135,157
148342,128,150
148359,135,125
148375,140,107
148391,153,163
148408,174,174
148425,172,170
148441,129,128
148457,158,146
148474,153,158
148491,133,115
148508,144,154
148524,145,164
148541,154,134
148557,174,174
148573,174,174
148591,165,165
148607,173,173
148624,174,174
148640,174,174
148658,152,142
148674,161,145
148691,144,143
148708,153,153
148725,172,172
148741,161,154
148759,158,142
148775,157,158
148793,160,164
148810,141,142
148826,141,142
148843,155,152
148860,158,161
148877,128,133
148894,126,135
148910,120,123
148926,174,169
148943,174,169
148959,174,172
148975,173,174
148992,143,135
149009,126,128
149026,120,122
149042,173,174
149059,162,150
149076,150,149
149093,139,146
149111,137,125
149127,120,114
149144,162,167
149160,130,124
149177,129,130
149193,129,130
149209,125,117
149227,138,130
149243,123,121
149260,174,148
149277,138,140
149294,149,143
149311,156,155
149328,128,121
149345,123,118
149361,170,170
149379,165,159
149396,148,152
149413,136,133
149430,149,146
149447,147,147
149464,172,167
149480,165,142
149498,150,151
149515,163,159
149531,174,174
149548,174,172
149565,171,173
149582,174,174
149598,171,173
149615,170,165
149631,165,169
149648,172,152
149665,143,149
149681,171,172
149698,154,156
149715,152,148
149732,172,173
149748,142,148
149765,127,128
149782,169,169
149800,172,170
149817,174,174
149835,167,164
149851,164,158
149869,172,170
149885,172,174
149902,172,169
149918,141,147
149935,116,139
149952,124,103
149969,153,146
149986,142,101
150003,156,156
150019,146,139
150036,147,151
150054,170,164
150071,132,118
150087,129,128
150104,170,169
150120,173,174
150136,174,166
150154,171,170
150170,174,167
150186,159,155
150204,168,161
150221,174,174
150238,157,156
150255,158,153
150272,174,174
150289,173,174
150306,158,160
150323,173,173
150340,174,174
150356,174,174
150373,161,155
150390,152,131
150408,146,152
150425,146,152
150441,136,159
150458,137,142
150475,135,136
150491,126,140
150508,115,119
150525,137,132
150542,160,151
150559,140,152
150576,130,132
150593,135,136
150610,147,142
150627,138,149
150644,171,172
150660,143,150
150677,168,170
150693,174,174
150710,172,172
150727,174,174
150744,170,165
150761,174,174
150778,167,170
150795,167,170
150812,160,166
150830,137,141
150847,153,153
150864,128,164
150881,117,115
150898,120,125
150915,120,125
150931,162,160
150948,157,156
150964,129,144
150980,159,170
150997,156,174
151013,160,167
151031,173,172
151047,134,126
151063,148,146
151080,166,151
151097,138,138
151115,153,171
151131,142,149
151148,148,151
151165,128,153
151182,151,151
151199,157,155
151215,165,170
151232,153,149
151250,153,169
151267,171,170
151283,171,170
151299,152,148
151316,146,167
151333,131,138
151350,171,170
151367,149,141
151385,145,159
151402,172,173
151419,157,159
151435,150,153
151452,155,155
151469,154,159
151485,149,158
151502,174,174
151519,174,174
151537,174,174
151553,159,169
151570,153,165
151587,152,162
151604,131,156
151620,156,162
151637,165,157
151653,165,157
151670,173,174
151688,162,153
151705,137,146
151721,163,154
151737,157,170
151755,150,172
151772,154,164
151789,168,159
151805,163,153
151822,172,171
151838,174,173
151855,170,164
151871,174,174
151888,174,174
151906,175,176
151923,174,174
151939,174,174
151956,172,174
151974,156,148
151991,155,169
152007,151,154
152024,151,154
152040,172,173
152057,174,174
152075,174,171
152092,173,173
152109,154,156
152126,146,155
152143,146,155
152160,174,174
152178,174,174
152195,152,155
152211,163,170
152228,174,172
152245,174,171
152262,174,174
152279,174,168
152297,172,163
152314,167,161
152331,169,163
152347,174,173
152364,174,173
152381,174,174
152398,174,174
152414,174,174
152431,173,174
152448,173,174
152465,174,174
152482,174,171
152498,173,172
152515,173,172
152531,164,168
152547,171,165
152564,174,173
152581,173,174
152598,172,174
152616,174,174
152632,173,171
152648,173,174
152665,169,174
152682,172,174
152699,174,172
152715,165,172
152732,170,164
152748,170,166
152765,166,166
152782,154,158
152799,152,152
152816,165,165
152833,173,163
152850,172,171
152867,170,173
152884,170,173
152900,174,173
152917,160,151
152933,153,165
152949,172,173
152967,174,171
152984,174,166
153000,174,169
153017,174,174
153034,174,174
153050,171,174
153066,169,174
153083,171,174
153100,167,174
153118,174,173
153135,165,174
153152,162,166
153169,155,136
153186,147,141
153202,155,133
153219,126,121
153236,136,120
153254,128,123
153270,117,119
153287,118,114
153303,125,129
153320,129,138
153336,143,166
153353,144,150
153370,133,147
153387,131,135
153404,134,141
153421,135,142
153438,138,133
153455,146,147
153472,148,148
153489,114,122
153505,132,115
153522,135,111
153539,116,117
153556,125,113
153573,128,124
153591,110,117
153607,144,108
153624,144,108
153640,125,132
153657,141,135
153673,142,133
153689,133,121
153707,135,115
153724,135,123
153740,140,122
153758,174,174
153774,174,166
153792,156,151
153808,146,124
153825,139,129
153841,141,116
153858,111,107
153876,107,93
153893,103,107
153909,113,92
153926,108,120
153943,108,116
153961,111,135
153978,130,139
153994,130,139
154011,127,117
154028,121,119
154045,117,120
154062,121,111
154079,138,137
154096,146,131
154112,130,135
154128,108,102
154146,110,102
154162,104,98
154179,98,105
154196,101,98
154214,104,108
154231,113,104
154248,79,106
154265,101,101
154282,112,107
154298,138,113
154315,121,120
154332,103,112
154349,99,104
154365,109,114
154381,120,111
154398,140,124
154415,127,129
154433,130,106
154449,106,87
154466,116,104
154483,107,76
154499,98,112
154516,95,96
154533,92,92
154550,98,88
154566,93,110
154583,94,111
154600,110,97
154617,93,102
154633,152,163
154649,141,153
154666,154,144
154683,152,162
154700,156,144
154716,161,168
154733,159,166
154750,151,168
154767,149,160
154783,147,166
154800,158,168
154817,148,160
154834,153,160
154851,151,158
154867,153,159
154883,139,153
154900,151,147
154917,155,162
154933,167,159
154950,160,149
154966,153,154
154983,150,147
155000,106,101
155017,82,79
155033,77,82
155049,170,170
155066,174,172
155082,150,166
155099,158,159
155116,163,163
155132,158,166
155148,156,163
155164,162,167
155181,157,158
155197,159,158
155213,148,156
155229,166,162
155246,157,151
155263,162,155
155280,162,159
155297,158,159
155314,173,164
155330,174,173
155346,174,172
155363,157,155
155379,140,156
155395,127,137
155413,93,105
155429,78,81
155447,84,86
155464,84,86
155481,151,161
155498,131,126
155515,119,127
155531,151,162
155548,108,132
155565,94,107
155582,137,129
155599,129,139
155615,136,134
155632,123,99
155649,85,85
155665,72,72
155682,116,103
155698,141,134
155715,141,134
155732,96,84
155748,74,86
155765,72,78
155781,116,123
155798,155,154
155816,147,141
155833,140,128
155850,77,75
155866,61,65
155882,65,61
155899,165,165
155915,151,155
155931,88,109
155948,150,154
155965,155,150
155982,151,144
155999,124,118
156017,99,104
156033,139,142
156050,144,148
156067,115,111
156084,115,111
156101,137,113
156118,115,115
156135,152,137
156151,150,139
156168,114,123
156185,93,93
156202,65,64
156219,166,166
156235,90,83
156253,114,116
156269,145,146
156286,148,148
156303,140,140
156320,138,137
156338,145,147
156355,152,151
156372,156,154
156388,174,170
156405,174,171
156421,166,167
156438,162,167
156454,162,167
156472,161,166
156488,163,165
156505,160,163
156522,153,166
156539,167,173
156557,150,154
156573,150,154
156590,143,140
156606,142,139
156623,130,132
156639,170,168
156656,152,164
156672,171,173
156689,171,167
156706,164,163
156723,173,171
156740,166,167
156757,162,169
156773,156,162
156790,135,112
156806,92,101
156822,92,101
156840,97,108
156857,105,110
156873,116,133
156889,124,108
156907,112,103
156924,119,97
156941,106,100
156958,113,94
156975,167,168
156992,155,159
157009,137,147
157026,133,144
157043,137,134
157060,138,139
157077,170,172
157093,174,169
157110,161,173
157128,139,146
157145,150,159
157161,147,154
157177,174,174
157194,174,174
157210,162,173
157227,162,166
157244,154,156
157261,145,134
157278,126,131
157295,141,143
157311,143,132
157327,143,144
157345,137,137
157361,132,123
157377,159,154
157394,173,163
157410,174,174
157426,173,164
157443,170,158
157460,156,158
157477,154,144
157493,149,143
157510,174,174
157527,155,163
157544,173,173
157560,170,174
157578,145,149
157595,170,168
157612,174,174
157628,154,156
157646,154,156
157662,134,125
157678,134,139
157695,146,157
157711,150,150
157728,158,149
157744,162,152
157761,152,153
157778,164,153
157794,144,147
157811,155,156
157827,174,173
157844,144,142
157861,148,149
157878,174,174
157895,163,161
157912,163,164
157929,166,162
157945,165,163
157962,142,143
157979,156,161
157995,156,156
158012,129,130
158029,171,171
158046,173,174
158062,151,152
158078,132,128
158096,147,137
158113,127,118
158131,121,112
158147,155,161
158163,157,138
158180,124,97
158197,89,107
158213,102,99
158231,97,85
158247,137,152
158265,115,114
158282,114,121
158298,101,110
158315,168,169
158332,123,120
158349,169,167
158365,174,174
158382,162,162
158399,170,161
158415,166,164
158432,152,154
158449,155,156
158465,169,163
158481,150,161
158498,115,109
158515,116,109
158532,100,94
158550,105,95
158567,158,162
158584,159,158
158601,141,131
158619,131,129
158635,147,148
158652,157,156
158669,133,130
158685,157,157
158702,127,131
158719,114,117
158736,113,117
158753,106,110
158770,97,106
158787,127,142
158803,133,104
158820,103,93
158837,98,93
158855,95,75
158872,104,107
158889,169,169
158905,174,174
158922,174,174
158938,174,171
158955,174,174
158971,167,165
158988,169,165
159004,171,164
159021,159,168
159039,166,162
159055,151,155
159071,162,162
159088,159,159
159105,173,173
159122,172,162
159138,151,143
159154,151,143
159171,162,171
159188,167,174
159204,168,161
159222,174,174
159238,174,174
159255,173,174
159271,147,159
159288,148,164
159304,163,172
159321,173,172
159338,163,165
159354,151,154
159371,157,151
159387,150,148
159403,150,148
159421,157,154
159438,148,159
159454,165,164
159471,157,159
159488,158,164
159504,135,146
159521,145,148
159538,173,173
159554,169,174
159571,150,153
159588,150,147
159605,169,170
159621,142,144
159637,170,167
159654,170,167
159671,134,143
159688,150,148
159704,170,172
159721,152,159
159739,158,159
159756,173,173
159773,142,150
159790,145,156
159806,167,173
159824,174,174
159841,166,162
159857,161,156
159875,161,164
159891,157,155
159908,158,151
159925,147,145
159942,147,142
159958,171,171
159974,173,174
159992,158,158
160008,159,146
160025,159,146
160041,127,127
160058,125,116
160074,131,124
160090,162,160
160107,173,172
160123,169,169
160140,158,159
160157,151,153
160173,164,163
160190,174,174
160207,160,164
160223,148,150
160240,169,167
160256,166,167
160273,174,172
160289,171,172
160306,172,172
160323,159,159
160340,158,148
160356,133,133
160373,129,124
160390,158,162
160407,174,173
160423,165,161
160439,174,172
160456,162,156
160473,172,172
160490,172,172
160506,174,168
160523,146,146
160540,151,151
160557,128,118
160573,120,118
160590,99,93
160607,174,174
160623,174,174
160639,174,167
160657,166,168
160673,154,169
160690,143,137
160706,146,140
160723,148,145
160740,140,141
160756,148,143
160773,152,150
160789,137,131
160806,128,126
160823,170,159
160840,156,150
160857,145,142
160873,145,140
160890,140,134
160906,128,129
160922,129,131
160940,166,173
160956,171,174
160973,174,174
160989,156,158
161005,156,158
161021,137,134
161038,166,171
161054,148,145
161071,142,148
161087,129,130
161103,119,121
161120,113,105
161138,110,110
161154,113,109
161172,109,109
161188,102,102
161204,129,128
161221,117,119
161237,170,169
161254,170,169
161271,160,145
161288,162,159
161304,168,166
161321,169,170
161338,164,160
161355,148,148
161372,161,168
161389,169,163
161405,169,166
161423,144,142
161440,142,134
161457,167,172
161473,171,174
161489,169,170
161507,155,158
161524,150,150
161540,133,123
161557,109,107
161573,103,102
161590,107,107
161607,108,107
161624,108,107
161641,108,96
161658,109,102
161674,95,102
161691,146,155
161708,119,145
161725,116,125
161741,85,96
161758,96,100
161774,105,95
161791,102,92
161809,110,106
161826,81,101
161842,79,116
161858,91,96
161875,88,85
161892,144,145
161909,159,144
161925,143,139
161942,102,98
161959,87,87
161976,100,79
161992,100,79
162008,137,151
162025,129,135
162042,112,97
162059,128,172
162077,168,174
162093,174,142
162110,174,171
162127,157,161
162145,165,147
162162,130,114
162179,152,125
162196,159,149
162213,173,171
162231,159,159
162247,173,172
162264,139,147
162281,173,174
162297,174,174
162313,172,174
162331,174,174
162347,174,174
162363,174,174
162380,167,170
162398,147,156
162415,157,169
162432,172,163
162448,174,163
162465,163,169
162482,170,165
162499,169,174
162515,167,160
162532,173,173
162549,173,163
162566,174,171
162583,169,174
162600,174,174
162617,174,168
162634,172,166
162651,174,169
162668,172,174
162684,172,170
162701,164,173
162717,164,160
162734,173,158
162751,174,173
162767,174,174
162784,174,168
162801,162,166
162817,157,174
162834,152,142
162850,150,166
162866,174,172
162884,174,173
162900,174,168
162916,174,174
162933,174,173
162950,161,153
162966,158,167
162983,154,158
163000,157,151
163017,153,132
163033,148,142
163050,122,150
163068,173,174
163084,172,171
163101,174,174
163118,174,174
163134,169,174
163151,140,155
163168,160,159
163185,173,173
163201,152,144
163217,146,158
163234,156,165
163251,173,170
163268,166,174
163284,160,166
163302,158,172
163318,162,162
163334,165,170
163351,163,161
163367,158,152
163384,148,158
163401,167,174
163418,147,148
163434,156,161
163451,142,137
163467,133,135
163484,133,131
163501,171,170
163518,160,159
163535,173,168
163552,171,173
163569,167,165
163585,162,153
163602,162,162
163619,164,165
163635,161,155
163653,135,123
163670,89,100
163686,79,83
163702,76,73
163719,148,157
163735,151,172
163752,148,149
163768,151,152
163786,146,148
163802,146,148
163819,176,176
163835,176,176
163851,172,171
163868,161,159
163884,140,139
163901,143,152
163918,141,147
163934,166,170
163952,158,165
163968,155,156
163984,130,138
164001,122,132
164018,134,136
164035,171,171
164052,174,174
164069,157,151
164085,157,151
164102,142,156
164119,136,130
164136,157,159
164153,173,173
164171,153,130
164188,138,140
164204,138,140
164221,102,113
164238,84,85
164255,164,149
164272,159,160
164289,148,136
164306,142,138
164322,142,138
164340,130,130
164356,127,128
164372,171,170
164389,154,155
164405,173,173
164422,142,146
164439,168,166
164455,168,166
164472,174,174
164489,150,155
164506,161,160
164522,132,126
164539,138,142
164555,142,141
164573,146,153
164589,151,148
164605,123,131
164622,165,159
164640,154,148
164656,159,150
164673,173,172
164690,174,173
164706,148,153
164723,150,150
164740,173,174
164757,145,145
164774,161,162
164791,162,166
164808,140,142
164824,140,142
164841,156,165
164857,128,128
164874,126,129
164891,171,172
164908,140,144
164924,122,115
164941,124,124
164958,130,125
164974,119,112
164991,98,93
165007,124,120
165023,128,123
165040,81,79
165057,67,70
165073,57,65
165089,61,62
165107,138,150
165123,117,108
165140,97,100
165157,85,85
165173,69,72
165189,66,61
165206,82,64
165222,165,167
165239,130,150
165256,130,139
165273,166,152
165289,145,128
165305,100,94
165322,136,135
165339,150,144
165356,114,130
165373,111,107
165390,85,78
165406,64,69
165422,158,156
165439,163,158
165457,134,137
165474,163,159
165491,162,153
165508,173,159
165524,166,162
165541,173,173
165558,174,174
165574,174,174
165591,163,160
165607,169,168
165624,165,154
165641,173,174
165657,158,161
165674,162,152
165690,160,166
165707,173,165
165723,161,146
165739,149,150
165757,174,174
165773,174,174
165789,164,174
165806,172,168
165823,165,157
165840,154,154
165857,170,170
165874,168,174
165891,158,152
165907,157,140
165923,157,140
165940,161,155
165956,169,168
165972,174,174
165989,150,158
166005,136,139
166022,172,170
166039,170,174
166056,170,174
166073,173,172
166090,174,174
166107,172,171
166124,147,155
166141,162,164
166158,128,143
166175,128,143
166192,168,172
166210,151,145
166226,141,146
166243,140,148
166260,151,150
166276,171,171
166293,171,171
166310,163,166
166327,154,157
166344,130,138
166361,153,154
166378,147,153
166395,116,128
166412,145,142
166429,131,131
166446,144,145
166463,126,130
166479,141,145
166496,171,171
166513,113,115
166530,149,145
166548,158,157
166564,140,142
166580,141,142
166597,154,153
166613,172,172
166630,126,121
166648,129,131
166664,129,131
166681,159,158
166698,152,152
166714,146,146
166731,168,159
166747,153,143
166763,154,145
166779,140,148
166796,143,142
166813,135,138
166829,174,174
166846,147,159
166863,144,135
166880,130,148
166896,115,126
166913,115,126
166930,168,169
166946,153,172
166963,169,174
166980,164,163
166997,161,160
167013,158,156
167030,167,173
167047,167,174
167064,158,158
167080,138,155
167097,163,164
167114,160,159
167131,149,156
167148,165,173
167165,161,162
167182,140,137
167198,144,134
167215,124,122
167231,63,60
167248,143,137
167265,139,132
167281,124,116
167297,96,100
167315,71,64
167332,60,64
167348,141,148
167365,152,154
167381,91,94
167399,96,93
167416,89,93
167432,86,92
167449,85,99
167465,168,168
167481,174,174
167498,156,143
167515,161,157
167532,151,160
167549,142,132
167566,151,127
167583,171,165
167600,133,145
167616,138,132
167632,124,148
167650,129,134
167667,118,115
167684,153,152
167701,143,141
167717,126,128
167734,122,120
167751,117,122
167768,116,116
167785,116,118
167802,167,167
167819,173,173
167836,169,167
167852,155,152
167870,132,131
167886,129,128
167902,163,170
167919,142,150
167935,134,133
167953,125,127
167969,103,103
167986,104,104
168002,106,108
168019,105,98
168035,103,102
168051,91,97
168068,103,99
168086,94,94
168102,168,168
168118,141,137
168136,135,132
168152,147,148
168169,172,163
168187,163,165
168203,162,158
168220,144,154
168237,157,157
168253,168,162
168270,157,159
168288,113,119
168305,123,124
168321,172,171
168337,174,174
168354,153,156
168371,140,143
168389,122,132
168405,119,135
168422,103,111
168439,102,110
168456,99,107
168472,100,94
168488,77,82
168505,74,80
168521,71,85
168538,167,167
168555,166,163
168572,145,138
168589,133,138
168606,132,154
168623,127,150
168640,115,118
168657,152,153
168674,141,146
168691,115,120
168709,104,104
168725,96,99
168741,155,139
168758,170,171
168774,149,155
168790,133,131
168807,100,112
168824,102,100
168840,87,86
168856,145,143
168874,124,129
168891,97,88
168907,97,87
168924,98,79
168940,83,85
168957,168,157
168975,174,173
168991,145,148
169008,132,135
169025,117,123
169042,124,116
169058,103,91
169074,169,168
169091,127,122
169108,146,157
169125,146,157
169141,174,174
169158,173,174
169174,174,172
169191,174,174
169208,174,174
169225,173,168
169242,150,166
169259,148,151
169275,136,143
169292,149,154
169309,158,156
169326,146,139
169342,139,139
169358,139,142
169376,135,139
169392,171,171
169409,169,174
169426,175,174
169443,174,168
169459,146,173
169475,145,153
169492,172,169
169509,174,174
169526,174,174
169543,169,168
169560,162,160
169576,160,151
169594,166,163
169611,174,174
169627,171,166
169644,169,164
169661,144,146
169677,142,151
169694,151,156
169711,171,172
169728,173,174
169745,173,174
169762,173,174
169778,154,151
169795,159,160
169812,174,174
169829,160,164
169845,140,145
169862,149,143
169879,139,144
169896,140,136
169913,142,132
169931,173,174
169947,173,174
169964,174,174
169981,174,172
169997,174,174
170014,162,158
170031,153,168
170048,146,151
170066,145,151
170083,162,158
170099,173,173
170116,163,174
170133,165,170
170150,166,173
170166,156,160
170182,156,156
170199,160,161
170215,156,158
170232,162,160
170249,172,173
170266,155,153
170283,149,151
170299,130,141
170316,134,143
170333,126,132
170350,119,137
170367,153,157
170383,163,160
170400,164,169
170417,170,173
170434,171,172
170451,163,159
170468,166,166
170484,166,166
170502,147,132
170519,108,106
170536,101,99
170554,103,100
170571,112,88
170587,128,119
170604,128,119
170621,113,102
170637,105,94
170654,99,99
170671,104,104
170688,149,155
170705,149,150
170721,137,139
170737,145,140
170754,136,133
170770,129,154
170787,174,171
170803,153,149
170819,149,140
170837,133,138
170854,133,138
170871,123,128
170888,169,171
170905,174,174
170922,166,170
170939,164,168
170955,145,153
170973,162,152
170989,144,158
171006,174,174
171023,157,145
171040,151,149
171057,123,135
171074,103,113
171091,111,100
171108,169,155
171125,161,169
171142,141,146
171158,132,136
171175,128,135
171192,138,138
171209,171,171
171225,171,171
171242,162,170
171259,172,172
171277,145,150
171294,133,132
171310,174,174
171327,174,174
171344,174,174
171361,167,168
171379,133,129
171395,133,142
171412,147,149
171429,149,148
171445,145,147
171463,159,155
171480,155,156
171497,164,162
171513,150,144
171530,173,173
171546,159,159
171564,156,160
171581,168,169
171598,171,174
171615,167,163
171631,165,163
171647,167,161
171664,140,144
171681,167,163
171697,158,163
171714,158,163
171731,139,136
171747,171,170
171764,172,174
171780,145,145
171798,147,144
171814,141,141
171831,126,132
171847,121,128
171864,113,160
171881,157,132
171897,101,89
171914,95,119
171930,99,103
171946,90,92
171963,100,97
171980,116,125
171997,112,120
172014,110,106
172031,135,139
172049,114,122
172065,169,166
172081,174,174
172098,166,168
172116,172,172
172132,163,164
172150,172,166
172166,170,164
172184,174,173
172200,153,164
172217,126,107
172233,120,113
172250,108,99
172266,106,100
172282,156,158
172298,173,171
172316,141,140
172333,158,156
172350,151,152
172366,161,158
172383,130,127
172399,157,166
172417,152,156
172433,143,145
172449,116,129
172466,106,124
172482,109,116
172499,130,140
172516,102,105
172534,98,92
172550,99,91
172566,86,80
172582,104,103
172599,107,108
172617,174,174
172634,174,174
172651,174,169
172667,174,174
172684,174,173
172701,171,169
172718,160,156
172734,159,159
172751,160,164
172768,157,162
172785,166,162
172802,161,162
172819,173,173
172835,174,174
172852,174,168
172868,158,145
172886,174,171
172903,170,174
172919,174,173
172936,172,172
172953,174,174
172970,173,174
172987,153,153
173003,154,158
173020,138,161
173037,174,159
173054,161,153
173071,156,168
173088,163,139
173105,127,143
173121,145,161
173138,173,173
173155,152,162
173171,137,147
173187,158,160
173204,147,141
173220,137,139
173237,161,170
173254,165,157
173270,112,117
173286,139,124
173303,143,143
173320,154,152
173337,148,147
173354,131,125
173370,129,129
173387,135,139
173404,147,145
173420,163,160
173437,155,153
173454,164,164
173472,173,173
173488,140,147
173504,165,172
173520,173,173
173537,174,165
173554,174,165
173571,174,173
173588,172,167
173604,158,158
173621,169,159
173638,168,169
173654,163,159
173671,169,173
173688,174,174
173705,163,174
173722,144,159
173738,165,152
173754,157,157
173771,145,135
173788,142,143
173804,142,143
173821,174,174
173838,177,177
173854,168,167
173871,158,152
173889,174,174
173905,172,168
173921,165,162
173938,158,154
173955,165,169
173972,174,166
173988,156,146
174006,168,162
174022,159,171
174039,142,138
174056,142,136
174073,127,130
174089,108,94
174107,173,172
174124,174,173
174140,174,174
174156,169,170
174173,169,170
174190,162,168
174208,162,165
174225,173,170
174241,146,141
174258,131,123
174276,124,134
174292,124,134
174308,130,117
174325,171,170
174342,174,173
174359,150,155
174375,161,173
174392,162,147
174408,152,148
174425,154,153
174442,144,143
174458,147,151
174475,151,148
174491,129,126
174508,131,135
174524,139,140
174540,171,171
174557,158,154
174574,148,148
174590,139,145
174607,130,131
174624,139,144
174641,171,171
174657,174,174
174674,174,174
174691,174,173
174708,160,163
174725,150,151
174742,132,131
174758,148,140
174775,153,142
174791,156,160
174807,138,133
174824,120,128
174841,137,122
174857,111,117
174874,113,118
174891,110,112
174908,106,110
174925,130,130
174941,118,115
174959,169,169
174975,174,165
174991,136,139
175007,171,170
175024,169,172
175040,155,158
175057,164,159
175074,145,143
175091,164,158
175107,169,168
175123,166,168
175140,131,126
175156,140,144
175173,153,153
175190,174,174
175207,162,162
175224,157,150
175241,142,139
175257,123,115
175274,112,111
175290,129,129
175307,140,126
175324,123,119
175342,109,105
175359,107,98
175375,112,103
175392,158,169
175408,152,151
175426,121,123
175444,108,111
175460,77,103
175477,100,96
175494,168,166
175511,170,172
175528,174,174
175545,168,174
175563,157,174
175579,159,157
175596,151,160
175614,172,173
175631,141,135
175648,121,130
175664,126,125
175681,113,131
175698,145,134
175715,139,128
175732,137,129
175748,153,128
175766,148,131
175782,137,128
175799,153,146
175817,162,161
175834,173,173
175850,153,171
175867,163,154
175884,169,170
175900,157,150
175916,145,145
175933,172,172
175949,151,150
175966,165,158
175984,174,173
176001,174,174
176017,174,174
176034,170,170
176051,174,174
176068,174,174
176085,173,174
176102,166,148
176118,166,171
176134,164,154
176152,172,165
176169,164,151
176186,158,133
176203,168,155
176220,149,146
176236,172,170
176253,174,174
176270,167,155
176287,174,169
176304,168,167
176321,171,171
176338,168,168
176355,174,166
176371,170,174
176389,173,173
176406,171,170
176422,159,154
176438,161,146
176455,173,158
176472,174,173
176488,172,169
176504,170,174
176521,164,155
176537,140,150
176554,129,125
176571,169,170
176588,157,167
176604,159,156
176622,171,174
176639,172,169
176655,155,154
176673,152,146
176690,165,156
176707,152,144
176724,138,149
176740,145,134
176757,126,125
176774,112,146
176790,173,174
176807,174,174
176824,174,174
176841,174,174
176857,144,151
176874,142,142
176891,139,154
176908,160,157
176924,151,150
176941,152,155
176958,172,169
176974,174,164
176990,159,161
177007,162,173
177024,158,167
177040,154,156
177057,159,157
177074,159,159
177091,142,156
177108,171,173
177125,159,167
177142,146,156
177158,130,143
177175,128,125
177192,107,117
177208,170,169
177224,152,148
177241,165,163
177257,169,164
177275,169,172
177292,166,165
177308,164,160
177325,173,173
177342,158,157
177359,132,116
177375,132,116
177392,93,114
177409,75,70
177426,146,151
177443,151,171
177459,146,146
177476,142,141
177493,142,141
177510,147,144
177527,172,171
177544,176,176
177561,171,169
177578,158,157
177595,137,137
177611,140,147
177628,132,134
177645,137,143
177662,160,166
177679,154,155
177696,132,112
177713,119,132
177729,134,134
177746,171,171
177763,174,174
177780,168,166
177796,159,160
177812,141,155
177829,130,134
177846,156,158
177862,156,158
177879,163,138
177896,148,144
177912,136,139
177929,106,91
177946,80,78
177964,167,157
177981,174,168
177997,171,161
178014,174,166
178031,163,144
178048,168,146
178065,174,173
178082,174,171
178100,160,160
178117,172,171
178134,174,173
178151,144,129
178167,174,170
178184,174,174
178201,168,172
178217,135,147
178234,135,147
178250,147,144
178267,150,148
178284,124,148
178301,164,172
178317,150,168
178334,157,154
178350,145,137
178366,138,152
178384,149,145
178401,174,173
178417,143,148
178434,148,145
178451,173,172
178468,143,144
178485,160,161
178502,172,168
178519,136,134
178535,171,169
178552,158,162
178568,130,122
178585,144,134
178602,142,140
178618,167,165
178635,119,111
178652,125,118
178668,124,126
178685,93,96
178701,91,90
178718,168,159
178734,121,119
178752,82,80
178769,90,87
178786,71,75
178804,66,64
178821,130,152
178838,81,85
178855,81,85
178871,57,56
178887,58,55
178904,62,55
178920,60,56
178937,173,173
178953,133,152
178970,168,151
178986,132,136
179003,163,148
179019,100,98
179036,168,171
179053,142,144
179069,116,122
179086,101,113
179104,85,82
179121,72,61
179137,157,157
179153,157,157
179170,173,171
179186,133,125
179203,160,153
179219,142,142
179236,121,110
179252,138,141
179269,163,172
179286,153,164
179302,149,149
179320,134,141
179336,124,120
179352,124,120
179369,143,144
179385,136,126
179402,134,127
179420,135,127
179437,137,142
179454,140,138
179471,171,171
179488,168,174
179505,174,164
179521,173,172
179538,166,165
179554,153,162
179571,170,169
179587,173,174
179604,156,165
179620,156,159
179637,171,173
179654,174,171
179671,171,172
179688,162,144
179706,143,149
179722,132,142
179740,171,169
179756,171,174
179772,160,157
179789,174,174
179806,174,174
179823,173,174
179840,166,174
179857,156,165
179875,135,142
179891,167,171
179908,172,171
179924,148,154
179940,152,147
179957,156,129
179974,155,137
179990,130,134
180006,148,157
180023,164,165
180040,157,159
180057,158,160
180075,139,146
180092,150,155
180108,133,126
180126,143,153
180143,133,143
180159,141,143
180175,111,108
180192,140,141
180209,139,143
180227,117,115
180244,146,144
180261,144,142
180278,142,137
180294,145,142
180311,155,151
180329,173,172
180345,127,122
180361,126,129
180378,158,161
180396,155,156
180413,153,153
180429,172,172
180446,170,162
180462,155,160
180479,156,146
180496,142,144
180513,144,143
180529,171,171
180546,157,155
180563,149,151
180580,154,155
180596,149,144
180613,132,134
180630,132,148
180647,165,161
180664,163,158
180681,164,168
180697,173,167
180714,164,162
180730,157,164
180747,173,173
180764,169,167
180781,144,144
180798,164,161
180814,162,163
180831,159,161
180848,156,155
180864,172,173
180881,174,173
180898,153,162
180914,148,147
180931,113,117
180948,112,113
180965,130,130
180981,104,122
180998,112,108
181015,78,78
181032,75,69
181049,90,86
181066,125,144
181083,165,166
181100,147,139
181117,149,152
181134,150,154
181151,152,155
181169,173,172
181186,174,174
181203,174,174
181220,171,168
181236,163,173
181252,171,151
181269,148,145
181286,171,165
181302,167,156
181319,134,125
181336,135,132
181352,137,150
181369,126,122
181385,164,154
181402,160,154
181419,142,139
181435,140,131
181451,129,127
181468,130,128
181484,125,134
181501,133,135
181517,134,131
181533,139,132
181549,139,139
181566,130,133
181582,124,127
181599,136,128
181616,174,170
181632,170,170
181649,164,173
181666,155,146
181682,155,146
181699,133,140
181716,128,129
181733,114,123
181749,125,128
181765,120,123
181782,115,126
181799,120,120
181815,169,171
181832,174,174
181849,150,151
181866,168,173
181883,174,174
181901,165,170
181918,163,164
181935,157,159
181952,167,159
181970,174,174
181987,166,164
182003,140,129
182020,156,154
182037,168,163
182054,168,163
182070,147,140
182087,148,147
182104,172,167
182120,151,143
182136,127,141
182153,147,152
182169,121,134
182187,153,138
182203,119,139
182220,142,135
182237,139,153
182253,161,172
182271,145,169
182288,142,162
182305,144,161
182321,149,155
182338,149,146
182355,164,129
182373,161,142
182390,135,156
182407,142,141
182423,142,141
182441,154,124
182457,156,142
182473,173,166
182490,173,166
182506,164,166
182523,167,163
182541,174,159
182557,160,156
182573,165,165
182590,157,171
182606,127,125
182623,161,166
182640,164,169
182656,160,168
182673,144,165
182690,174,174
182709,160,163
182726,158,144
182742,159,167
182759,167,157
182775,173,173
182792,173,173
182808,170,173
182825,174,165
182842,174,174
182858,174,171
182875,174,173
182892,174,174
182908,174,174
182925,174,174
182941,174,174
182957,161,163
182974,155,141
182990,154,164
183007,170,163
183023,169,168
183040,160,161
183058,157,154
183075,162,158
183091,144,163
183108,173,172
183125,157,157
183141,156,161
183158,162,140
183175,168,174
183192,174,166
183208,164,166
183225,174,174
183243,173,172
183259,174,174
183276,174,173
183293,174,174
183310,140,156
183327,174,174
183343,166,174
183361,174,171
183377,143,147
183394,158,163
183410,173,173
183426,172,171
183443,169,169
183460,174,171
183477,168,171
183493,154,151
183510,167,172
183527,166,174
183545,162,149
183561,174,162
183578,147,147
183594,164,169
183612,151,144
183629,157,153
183647,150,147
183664,134,143
183680,155,150
183697,140,148
183713,136,140
183731,146,144
183747,172,171
183764,155,152
183781,159,155
183798,163,170
183815,173,174
183832,174,170
183850,163,171
183867,174,173
183883,173,174
183900,174,167
183916,164,174
183933,158,166
183951,169,167
183968,170,174
183984,167,160
184000,156,158
184017,145,146
184033,142,149
184050,141,144
184068,172,172
184084,160,167
184101,174,174
184118,174,175
184136,166,170
184153,174,174
184170,161,152
184187,172,156
184203,157,142
184220,143,137
184236,131,135
184252,122,117
184269,129,119
184286,143,130
184302,145,154
184319,141,137
184336,132,129
184353,123,142
184370,120,111
184386,170,165
184402,174,173
184419,174,174
184435,165,172
184451,168,167
184468,171,167
184485,172,173
184501,174,174
184518,157,162
184536,166,146
184552,169,159
184570,165,168
184586,168,161
184602,174,173
184619,174,174
184636,174,173
184653,170,165
184671,157,166
184687,139,132
184704,154,152
184721,151,171
184738,159,173
184754,159,173
184770,165,166
184788,161,169
184805,154,165
184822,160,171
184839,166,161
184856,174,148
184872,174,160
184888,166,161
184906,165,158
184922,140,147
184939,174,174
184955,174,173
184973,174,174
184989,165,173
185005,174,157
185023,166,144
185040,171,160
185058,144,159
185075,147,146
185091,161,164
185108,132,124
185125,145,128
185142,132,133
185159,152,154
185176,139,137
185193,140,117
185210,129,133
185227,128,124
185244,170,170
185261,174,174
185279,148,144
185295,166,160
185312,173,171
185329,172,168
185346,155,156
185363,161,152
185380,160,166
185396,174,174
185413,171,174
185429,141,134
185446,151,152
185462,151,152
185480,174,174
185496,159,154
185513,172,170
185531,142,129
185548,118,110
185565,169,164
185583,134,143
185600,146,132
185616,110,109
185633,85,97
185650,80,96
185666,79,81
185683,167,167
185700,140,159
185716,148,142
185732,168,152
185749,127,124
185766,137,119
185782,171,170
185799,165,167
185816,173,174
185833,165,165
185850,153,155
185866,162,157
185883,166,166
185900,173,172
185916,166,147
185933,158,140
185950,162,137
185966,145,128
185983,134,136
185999,144,145
186015,171,170
186032,154,153
186048,150,158
186064,172,172
186081,173,173
186098,164,159
186116,162,150
186133,173,166
186150,136,168
186167,149,142
186184,170,170
186202,159,142
186219,158,165
186236,145,146
186253,158,165
186271,171,173
186288,166,165
186305,173,169
186322,174,174
186339,174,174
186356,174,174
186373,172,174
186389,161,163
186406,151,151
186422,159,162
186440,156,159
186456,153,157
186472,162,142
186488,155,149
186505,148,149
186521,154,153
186539,162,167
186555,139,148
186572,133,130
186589,117,133
186607,123,122
186624,100,117
186641,114,114
186659,134,125
186675,158,158
186692,157,158
186708,174,174
186726,174,174
186743,158,164
186760,174,174
186776,162,155
186793,151,129
186810,136,147
186826,147,149
186843,153,152
186859,163,154
186877,163,164
186893,123,136
186910,129,141
186928,149,141
186945,152,157
186961,151,162
186979,172,173
186996,160,160
187013,134,138
187030,148,153
187047,136,142
187063,122,122
187080,149,153
187097,145,156
187113,152,148
187130,171,161
187147,145,141
187164,150,145
187182,172,172
187199,156,154
187215,147,147
187232,150,152
187250,172,172
187267,168,170
187285,168,163
187302,174,155
187318,173,153
187335,155,168
187352,172,165
187369,172,169
187385,152,129
187402,163,148
187419,155,151
187436,148,139
187452,128,139
187469,124,139
187487,131,151
187503,171,172
187520,172,173
187538,174,174
187554,174,176
187571,179,174
187588,167,168
187605,174,173
187622,174,172
187639,139,148
187656,144,143
187672,152,155
187689,125,130
187706,138,160
187722,153,163
187739,165,170
187755,162,165
187771,148,145
187788,143,132
187804,164,157
187821,174,174
187838,174,174
187856,170,167
187873,168,171
187890,173,172
187906,154,154
187923,171,173
187940,138,144
187957,147,157
187973,163,159
187990,174,174
188006,164,165
188023,156,154
188040,174,174
188057,174,174
188074,164,174
188090,158,164
188106,145,133
188123,120,129
188140,97,101
188157,130,128
188173,124,119
188190,128,124
188207,118,116
188224,111,110
188240,123,119
188257,129,136
188274,132,141
188291,135,121
188307,101,101
188323,101,101
188340,98,87
188357,92,87
188374,100,96
188390,90,104
188406,92,70
188424,86,78
188440,73,83
188457,59,64
188473,167,161
188490,151,166
188507,167,152
188524,163,145
188540,152,141
188557,141,131
188573,141,131
188590,144,138
188606,131,123
188622,162,152
188639,148,148
188657,138,148
188673,171,172
188689,174,174
188706,159,164
188724,158,150
188741,171,174
188758,173,164
188774,164,170
188791,174,168
188807,166,168
188824,166,168
188841,165,165
188858,170,168
188874,156,155
188891,163,174
188907,158,162
188925,146,162
188942,146,162
188959,139,148
188975,117,125
188992,120,99
189009,110,91
189025,116,94
189042,116,94
189059,98,110
189076,87,106
189093,84,97
189109,167,168
189126,155,146
189143,152,143
189160,140,125
189177,129,109
189194,129,109
189211,164,161
189228,174,170
189245,172,170
189262,168,174
189280,150,160
189297,149,147
189313,149,147
189330,172,160
189346,150,144
189363,147,136
189380,144,147
189396,143,157
189413,134,145
189429,157,158
189446,169,170
189462,163,171
189478,158,172
189495,156,158
189511,163,155
189528,160,171
189544,168,174
189561,162,155
189578,155,163
189594,150,148
189611,163,157
189628,147,149
189645,172,171
189662,166,166
189679,174,173
189697,168,172
189713,174,174
189730,174,171
189747,174,174
189764,174,174
189780,174,174
189797,166,165
189814,155,150
189831,141,127
189847,166,163
189864,169,173
189880,128,133
189896,150,159
189913,141,144
189930,137,133
189946,128,137
189963,150,148
189979,128,138
189995,157,146
190013,160,160
190030,137,133
190047,148,140
190064,150,156
190080,166,165
190097,160,169
190114,157,169
190131,156,163
190148,125,122
190166,123,118
190183,170,169
190200,160,166
190217,157,153
190233,144,130
190250,133,130
190267,127,121
190284,169,170
190301,163,161
190317,175,176
190334,172,171
190350,133,140
190367,162,163
190383,173,171
190400,174,169
190417,148,147
190434,144,138
190451,136,143
190467,129,119
190484,141,128
190501,173,174
190518,174,174
190534,174,174
190551,174,174
190568,173,174
190586,149,142
190603,134,135
190620,135,143
190637,142,141
190655,141,143
190671,162,161
190689,155,148
190706,160,149
190723,173,172
190740,167,173
190757,160,174
190774,173,174
190790,171,169
190808,172,151
190824,174,171
190841,161,155
190858,148,149
190875,134,157
190892,123,135
190909,132,139
190926,171,172
190942,150,157
190958,170,166
190975,169,175
190991,157,167
191007,166,154
191024,156,147
191040,173,172
191057,163,138
191074,143,128
191090,117,110
191107,125,85
191123,110,84
191140,131,108
191158,130,138
191174,144,149
191191,125,107
191208,81,88
191225,80,78
191242,164,162
191259,174,174
191275,174,174
191291,172,169
191308,169,159
191325,165,156
191342,152,153
191358,174,171
191375,164,163
191393,138,138
191409,146,154
191426,163,166
191443,166,166
191460,172,173
191476,174,174
191493,174,174
191510,146,141
191527,151,157
191544,138,122
191562,137,139
191579,145,153
191596,149,153
191613,160,140
191629,165,152
191646,162,170
191662,145,165
191678,161,162
191695,149,152
191713,130,133
191730,170,160
191747,143,133
191763,157,144
191780,146,140
191797,166,172
191813,135,143
191831,157,144
191847,134,141
191863,171,156
191879,145,135
191896,172,165
191912,169,157
191929,143,146
191946,151,130
191963,127,123
191979,138,113
191997,138,123
192013,134,118
192030,124,119
192047,129,122
192064,131,123
192081,129,113
192098,170,170
192115,148,150
192132,148,150
192149,139,137
192165,166,168
192182,165,160
192198,170,167
192215,148,143
192231,152,152
192250,171,169
192267,163,168
192283,144,154
192300,131,139
192317,162,160
192333,159,159
192350,137,133
192367,126,127
192384,131,119
192402,120,112
192418,103,99
192435,81,78
192451,90,85
192468,87,88
192485,97,116
192501,91,96
192518,108,99
192535,95,84
192551,162,169
192567,145,144
192584,143,128
192600,113,107
192616,110,78
192633,110,78
192649,174,174
192665,165,171
192683,171,174
192701,165,173
192718,168,171
192734,149,154
192751,158,155
192767,174,168
192784,156,153
192801,135,142
192817,112,88
192833,123,107
192850,160,134
192867,173,163
192884,173,163
192900,173,171
192917,172,170
192934,147,134
192951,154,118
192967,161,153
192984,173,167
193001,154,164
193018,154,157
193034,152,155
193051,157,152
193067,173,172
193084,170,166
193100,160,165
193116,160,170
193132,173,174
193149,162,164
193166,169,170
193183,174,174
193199,174,174
193216,174,174
193232,165,169
193249,168,160
193266,149,137
193283,158,151
193300,167,174
193318,168,172
193335,163,166
193352,157,163
193369,162,155
193386,158,167
193402,172,174
193419,148,152
193436,153,138
193453,146,137
193469,114,131
193487,95,100
193503,117,117
193519,167,172
193536,164,167
193553,152,166
193570,166,165
193586,149,156
193603,172,173
193620,174,174
193638,155,150
193654,163,141
193670,155,152
193687,165,158
193703,167,162
193720,150,149
193737,162,161
193754,135,135
193771,144,149
193788,151,166
193804,157,157
193821,168,173
193839,130,127
193855,158,159
193872,143,152
193889,163,164
193905,147,150
193922,140,126
193938,152,157
193955,157,155
193972,153,144
193989,172,170
194006,151,149
194022,153,153
194038,173,173
194055,128,144
194071,145,141
194088,166,168
194104,168,167
194120,161,157
194137,168,152
194153,174,168
194170,169,173
194187,160,174
194203,173,174
194220,173,173
194237,172,147
194254,174,172
194270,169,166
194287,157,152
194304,140,143
194322,139,140
194339,133,154
194355,171,173
194371,164,169
194388,174,165
194406,170,174
194423,166,160
194439,170,168
194456,173,172
194472,174,173
194489,165,157
194506,147,147
194523,144,140
194539,117,120
194555,109,146
194572,143,147
194588,157,156
194604,155,149
194621,143,130
194637,131,98
194654,133,131
194671,168,171
194687,174,173
194703,161,160
194721,173,169
194737,146,150
194753,172,171
194770,156,149
194786,173,174
194803,142,143
194819,146,149
194836,160,167
194853,160,167
194870,169,166
194887,173,173
194903,174,174
194920,174,174
194938,143,151
194955,146,130
194971,146,130
194988,138,122
195005,125,127
195022,136,131
195038,137,135
195056,119,120
195072,122,134
195089,113,127
195105,153,149
195121,151,151
195138,141,142
195154,129,135
195170,118,126
195187,118,122
195204,120,121
195220,170,170
195236,174,174
195253,174,173
195269,167,167
195285,151,151
195302,133,133
195318,171,159
195335,174,156
195351,160,156
195368,166,143
195385,142,123
195402,117,111
195419,120,113
195435,139,116
195452,126,118
195469,131,129
195486,130,124
195502,112,106
195519,101,99
195536,151,150
195554,161,162
195571,165,163
195589,173,173
195606,169,162
195622,150,153
195639,173,138
195656,146,153
195673,130,141
195690,166,159
195708,157,150
195725,125,125
195741,146,146
195757,142,141
195774,113,124
195791,116,142
195808,111,117
195824,151,145
195841,142,138
195857,151,146
195874,147,146
195891,153,146
195907,144,150
195924,130,151
195941,151,149
195958,143,145
195976,168,174
195992,156,147
196008,145,140
196025,116,125
196043,112,148
196059,169,168
196076,174,174
196093,164,162
196110,174,174
196127,167,169
196144,162,155
196160,149,142
196176,171,172
196193,174,174
196209,173,153
196226,145,141
196243,154,146
196260,151,148
196277,157,153
196293,148,151
196310,148,141
196327,132,126
196344,133,142
196360,152,137
196377,127,135
196393,159,165
196410,174,174
196427,145,142
196444,132,127
196461,129,135
196478,132,141
196495,171,172
196513,145,143
196530,149,147
196546,159,157
196563,173,173
196580,168,172
196597,158,158
196613,173,173
196630,174,174
196646,170,174
196663,167,160
196680,136,133
196696,137,136
196713,133,129
196730,163,167
196746,166,166
196763,135,136
196779,160,156
196795,173,153
196812,152,150
196828,172,172
196846,172,141
196863,170,159
196879,143,160
196896,130,124
196913,170,170
196930,147,164
196947,133,160
196963,141,152
196980,134,146
196996,140,137
197013,131,128
197029,170,165
197046,174,174
197063,174,174
197080,158,161
197097,154,156
197114,152,150
197131,169,160
197148,173,174
197164,172,165
197180,174,174
197198,172,174
197214,153,161
197230,160,151
197247,173,167
197264,158,158
197282,160,156
197299,153,167
197316,145,169
197333,157,134
197350,162,167
197366,167,168
197383,174,174
197399,174,174
197416,168,174
197433,168,174
197450,157,159
197467,172,173
197485,168,155
197501,166,171
197518,168,174
197535,166,167
197551,166,167
197568,167,174
197586,174,174
197602,174,160
197619,171,174
197636,173,174
197653,161,170
197670,166,174
197687,174,174
197704,152,157
197721,152,150
197739,173,168
197756,122,129
197772,126,126
197789,155,163
197806,169,173
197823,168,174
197839,164,174
197856,166,164
197873,161,163
197889,173,173
197906,174,168
197923,174,168
197939,140,137
197956,106,100
197973,133,124
197989,147,133
198005,130,154
198023,136,143
198040,155,145
198056,158,137
198073,115,104
198089,154,138
198105,174,174
198122,168,174
198139,174,174
198156,154,155
198173,154,155
198190,150,158
198206,173,173
198223,174,167
198240,174,173
198257,169,172
198273,174,174
198290,174,174
198307,154,157
198323,172,173
198340,174,174
198356,167,167
198373,152,150
198390,151,146
198406,143,147
198423,143,147
198440,156,172
198457,160,174
198473,164,169
198490,168,145
198507,161,157
198523,171,161
198540,164,173
198556,158,166
198573,156,174
198589,174,155
198606,158,133
198623,157,159
198639,171,172
198656,173,174
198673,172,174
198690,174,173
198707,171,170
198725,161,141
198741,146,149
198758,165,158
198775,143,148
198791,143,148
198808,169,147
198824,146,130
198840,149,132
198857,148,140
198874,143,153
198890,136,153
198907,146,111
198925,125,128
198941,116,122
198957,170,169
198974,138,142
198991,136,138
199008,163,169
199024,173,172
199041,157,157
199057,169,162
199074,151,158
199091,157,165
199108,168,173
199124,162,174
199140,136,142
199157,150,144
199174,148,161
199190,169,167
199206,152,156
199223,150,139
199239,141,130
199256,130,119
199273,115,124
199290,108,109
199307,127,133
199323,94,120
199339,90,107
199356,73,101
199372,83,93
199389,168,167
199406,174,174
199423,158,164
199440,147,122
199457,138,121
199473,136,122
199489,160,170
199507,173,173
199523,173,173
199539,167,173
199556,151,155
199573,168,160
199590,167,168
199606,173,173
199623,174,164
199640,171,173
199656,174,153
199673,155,138
199689,124,125
199707,170,167
199723,170,174
199739,142,142
199756,132,135
199774,132,135
199790,125,120
199808,133,132
199825,167,165
199842,174,173
199858,144,154
199875,132,141
199891,132,141
199907,141,134
199925,171,170
199942,168,174
199959,162,168
199976,172,171
199993,173,174
200010,165,168
200026,170,162
200043,174,173
200060,174,174
200077,171,170
200093,174,174
200110,161,166
200127,160,160
200144,160,160
200160,166,162
200176,158,167
200193,162,151
200209,156,156
200225,156,160
200242,158,173
200258,163,165
200275,137,150
200292,142,137
200308,132,143
200325,112,127
200342,100,108
200359,136,131
200376,156,158
200392,156,158
200408,162,160
200425,174,174
200442,174,174
200458,173,173
200475,163,172
200491,161,156
200508,153,127
200526,137,151
200542,156,151
200558,155,155
200575,147,154
200593,168,170
200610,152,160
200626,130,141
200642,160,163
200659,166,155
200675,145,163
200691,167,173
200708,159,160
200725,148,160
200742,160,165
200759,112,131
200776,128,129
200792,170,170
200809,152,153
200825,153,156
200842,169,170
200859,160,158
200877,162,170
200893,165,161
200909,151,144
200926,148,149
200942,149,154
200959,172,173
200975,168,167
200992,168,161
201009,171,173
201026,162,159
201043,173,165
201060,173,173
201076,173,173
201093,161,139
201109,171,150
201126,166,147
201143,158,159
201160,148,140
201176,117,144
201193,121,148
201211,169,173
201227,172,172
201243,173,174
201261,174,174
201277,173,170
201295,170,166
201311,170,163
201328,174,171
201345,157,163
201362,167,172
201379,155,151
201396,157,142
201413,156,160
201430,160,167
201447,173,172
201464,174,170
201481,162,162
201497,149,151
201513,138,137
201530,173,170
201547,174,174
201563,172,162
201580,166,174
201597,172,171
201614,172,171
201630,147,149
201646,174,174
201663,150,144
201680,160,156
201696,160,162
201713,165,167
201730,163,161
201747,173,173
201764,174,174
201780,174,174
201797,154,164
201814,146,137
201831,112,122
201848,109,101
201866,121,113
201882,122,106
201899,132,134
201916,113,95
201932,80,72
201949,82,77
201966,136,133
201983,136,146
202000,143,148
202017,131,128
202033,104,104
202049,102,99
202066,78,89
202082,80,89
202099,73,84
202116,87,81
202133,85,73
202150,66,69
202166,59,66
202182,167,163
202199,153,170
202216,164,156
202233,164,156
202251,155,145
202268,154,132
202286,161,143
202303,138,143
202320,145,137
202337,147,151
202353,147,151
202370,142,157
202386,171,172
202404,174,174
202420,160,163
202437,171,169
202453,172,174
202471,165,162
202487,162,165
202503,164,174
202520,166,169
202537,173,174
202553,166,163
202570,168,167
202587,169,162
202605,158,173
202622,159,160
202638,148,147
202655,128,153
202672,135,135
202689,134,127
202705,168,153
202723,168,153
202740,151,131
202757,106,115
202773,98,109
202791,85,99
202807,84,103
202823,168,155
202840,146,143
202856,155,154
202873,144,132
202890,122,107
202907,131,126
202923,170,160
202939,170,171
202956,170,173
202973,170,173
202989,159,157
203005,144,148
203022,140,143
203039,166,168
203056,156,155
203072,151,138
203090,147,148
203107,145,138
203123,154,153
203139,153,159
203157,169,173
203174,157,172
203190,169,150
203207,137,153
203223,137,153
203241,148,152
203257,167,174
203273,161,157
203290,157,165
203308,172,172
203324,157,156
203341,157,156
203358,171,170
203376,167,163
203392,174,173
203409,166,170
203426,166,174
203443,174,170
203459,174,174
203475,174,174
203492,174,174
203509,167,169
203526,160,146
203543,143,125
203560,166,162
203578,143,135
203595,128,135
203611,170,171
203628,145,140
203645,160,167
203662,132,139
203678,173,172
203695,154,163
203712,154,163
203729,155,162
203745,136,130
203761,140,141
203779,158,159
203796,174,173
203813,163,172
203830,158,166
203847,160,159
203863,162,169
203880,117,120
203897,174,168
203915,159,162
203932,155,156
203949,145,136
203965,136,129
203981,134,127
203999,168,169
204016,170,173
204033,176,177
204050,160,162
204067,155,160
204083,155,160
204100,173,172
204117,174,169
204134,163,154
204151,148,149
204168,153,150
204185,149,134
204201,149,134
204219,173,174
204235,173,174
204253,174,174
204270,174,174
204286,162,158
204303,156,161
204320,143,152
204337,143,147
204353,138,148
204369,149,151
204387,165,168
204404,163,157
204420,166,160
204437,174,165
204453,174,165
204470,174,174
204487,173,174
204503,174,174
204520,173,165
204537,174,174
204555,161,152
204571,161,152
204587,136,147
204605,134,143
204622,131,139
204639,171,172
204655,172,172
204671,167,174
204687,166,162
204704,167,163
204721,174,167
204737,158,147
204754,173,172
204771,174,167
204788,140,121
204804,120,112
204821,120,112
204838,110,94
204855,128,157
204871,128,159
204888,135,124
204904,147,122
204922,105,102
204939,98,121
204956,169,160
204973,174,172
204990,174,174
205007,151,166
205024,173,167
205040,148,146
205057,149,146
205074,161,164
205092,171,173
205109,150,156
205125,175,172
205141,174,174
205158,149,154
205175,174,174
205192,174,174
205209,171,167
205225,155,155
205242,134,140
205258,119,106
205275,112,97
205291,129,122
205308,117,120
205325,139,131
205343,141,116
205359,141,149
205376,159,137
205392,149,142
205409,143,145
205426,105,112
205443,112,137
205460,131,143
205477,154,147
205494,123,129
205511,139,148
205527,121,100
205544,161,143
205561,121,114
205578,166,139
205595,121,93
205612,170,164
205629,138,125
205645,133,107
205662,101,92
205680,92,74
205697,68,66
205713,77,66
205729,68,71
205746,70,79
205763,99,92
205779,83,94
205796,103,107
205813,92,100
205830,168,170
205846,131,133
205862,142,144
205881,169,172
205898,162,165
205916,160,163
205933,157,158
205950,160,159
205966,152,156
205983,143,152
206000,136,147
206017,141,135
206035,137,134
206052,137,134
206068,134,126
206085,125,121
206101,122,113
206117,109,108
206134,105,94
206151,87,83
206167,72,79
206184,71,75
206201,67,75
206217,58,68
206235,30,33
206252,164,166
206268,145,148
206284,128,130
206302,108,105
206318,95,95
206335,72,79
206351,167,167
206368,162,163
206385,160,160
206402,164,165
206418,156,155
206435,154,155
206451,148,149
206467,172,172
206484,166,157
206500,121,128
206517,106,116
206533,86,80
206551,67,73
206568,163,167
206585,172,169
206602,135,130
206619,135,129
206635,140,140
206653,154,162
206669,127,118
206686,152,160
206703,152,144
206719,138,151
206736,113,120
206753,100,97
206771,98,101
206787,168,169
206804,142,146
206821,161,156
206838,173,172
206855,170,172
206871,174,174
206888,174,174
206904,174,174
206922,173,174
206939,169,166
206956,154,155
206973,141,137
206990,152,158
207006,168,174
207023,156,168
207040,146,160
207056,174,166
207072,156,140
207089,164,156
207105,151,149
207121,140,145
207138,142,139
207155,149,138
207172,144,133
207188,132,128
207205,156,160
207221,173,173
207238,164,174
207256,147,167
207272,131,121
207288,142,148
207305,125,140
207321,170,159
207337,166,163
207354,164,155
207370,163,151
207387,164,152
207404,173,161
207421,164,159
207438,142,141
207456,113,113
207472,158,151
207489,160,164
207506,155,148
207523,155,148
207541,148,160
207558,167,169
207574,171,174
207592,168,167
207609,156,156
207625,142,139
207642,171,171
207659,152,156
207676,151,141
207694,151,146
207711,172,174
207728,164,163
207745,174,174
207762,127,130
207779,135,145
207796,158,141
207812,170,165
207828,165,156
207845,170,154
207861,172,170
207878,169,174
207896,174,167
207912,161,174
207929,160,159
207946,174,149
207962,174,172
207978,170,169
207995,151,144
208012,142,145
208029,141,144
208046,138,150
208062,146,152
208078,157,165
208095,174,169
208111,174,170
208128,169,161
208145,174,169
208163,172,166
208179,173,172
208195,151,140
208212,122,129
208229,126,118
208246,130,116
208262,130,116
208279,107,114
208296,123,118
208313,129,125
208330,110,109
208347,97,110
208363,100,93
208380,168,162
208396,173,173
208412,172,166
208429,170,174
208446,167,165
208463,168,165
208480,162,156
208496,173,173
208513,173,173
208530,146,152
208547,154,159
208563,166,169
208580,170,165
208597,173,173
208613,174,174
208629,174,174
208646,174,169
208662,149,149
208679,146,138
208696,142,127
208713,127,118
208730,127,129
208747,134,143
208765,134,140
208782,123,128
208799,122,129
208817,161,156
208833,156,153
208850,143,149
208867,127,126
208885,122,129
208902,126,123
208919,119,124
208935,173,173
208951,174,174
208969,170,170
208986,156,157
209002,156,157
209019,136,133
209036,170,160
209052,174,158
209070,148,150
209087,162,146
209103,143,128
209119,124,112
209137,125,116
209153,138,118
209169,118,122
209186,127,116
209202,124,122
209218,102,113
209235,150,146
209251,150,146
209268,130,137
209285,147,156
209302,155,155
209319,135,130
209336,126,121
209352,170,170
209369,136,138
209386,149,161
209403,154,160
209419,163,167
209435,154,156
209452,160,164
209469,151,150
209486,155,148
209502,173,172
209519,172,174
209535,173,173
209552,174,173
209569,173,173
209585,168,174
209602,170,174
209619,172,174
209636,169,173
209652,174,174
209669,165,173
209687,172,171
209704,174,163
209721,170,160
209738,145,152
209755,139,142
209772,141,147
209789,174,174
209805,171,174
209821,173,174
209839,171,166
209855,163,156
209872,156,150
209889,140,143
209906,174,174
209923,170,156
209939,148,143
209956,155,147
209973,153,147
209990,140,147
210007,147,149
210024,154,152
210041,136,136
210057,150,121
210073,151,153
210091,124,145
210108,170,172
210125,169,167
210141,173,174
210159,166,170
210176,173,171
210192,174,171
210209,174,174
210226,155,157
210242,139,140
210259,163,161
210275,174,173
210292,168,172
210308,161,161
210324,174,174
210341,174,174
210359,172,174
210376,174,174
210392,154,156
210409,165,148
210426,171,168
210442,168,173
210459,168,172
210475,145,157
210491,171,173
210509,165,173
210526,174,155
210543,166,173
210560,165,162
210577,169,173
210594,151,168
210610,137,134
210628,165,172
210644,156,164
210660,147,165
210677,157,152
210694,171,172
210712,154,150
210728,157,152
210744,167,162
210761,174,173
210777,174,174
210794,165,169
210811,150,142
210828,174,172
210845,174,174
210862,162,167
210879,149,160
210897,162,165
210914,147,165
210931,139,170
210947,161,149
210965,162,167
210982,167,173
210999,160,170
211016,161,167
211032,149,157
211049,167,144
211065,142,141
211082,117,135
211099,123,107
211115,109,104
211132,124,110
211149,148,116
211165,126,115
211182,148,125
211199,171,164
211216,174,171
211232,174,173
211249,172,174
211266,170,160
211282,163,164
211299,161,174
211316,170,164
211334,174,166
211351,169,164
211368,170,174
211384,169,168
211401,173,168
211418,170,173
211435,174,169
211452,171,168
211469,161,163
211487,169,168
211503,163,171
211520,149,145
211537,171,166
211554,156,153
211571,150,157
211589,150,150
211606,161,157
211622,136,147
211640,143,143
211657,146,153
211673,137,135
211690,129,151
211707,136,147
211725,143,149
211742,143,147
211759,142,147
211777,143,149
211794,129,139
211811,168,167
211829,174,174
211846,167,174
211862,173,174
211879,171,173
211895,166,167
211912,167,166
211929,174,173
211945,155,162
211962,143,156
211979,145,126
211996,124,121
212012,120,121
212029,170,170
212046,174,170
212063,169,155
212079,154,145
212097,141,145
212113,145,144
212130,140,123
212147,165,171
212163,163,144
212180,130,139
212197,133,125
212213,125,131
212229,125,113
212246,116,108
212262,155,142
212279,162,139
212296,138,131
212312,151,148
212329,146,163
212345,146,155
212362,172,173
212378,164,165
212394,149,142
212411,170,166
212429,164,162
212445,164,165
212462,168,172
212478,174,169
212495,156,165
212513,173,172
212529,163,162
212546,140,140
212563,152,143
212580,172,172
212596,159,143
212613,159,143
212629,163,149
212645,141,156
212662,148,144
212678,159,123
212695,143,135
212712,143,132
212729,154,141
212746,134,107
212762,130,125
212779,145,132
212796,113,143
212813,113,132
212829,124,130
212846,114,131
212862,115,101
212879,143,154
212896,144,144
212913,135,149
212930,158,155
212946,149,142
212963,119,131
212980,116,115
212997,123,133
213014,151,156
213031,127,125
213049,145,148
213065,118,126
213082,116,132
213099,150,127
213116,149,146
213133,130,111
213149,113,119
213166,140,138
213183,118,124
213199,168,167
213217,170,159
213234,142,159
213251,171,150
213268,170,159
213284,113,115
213302,169,154
213319,141,132
213336,148,137
213352,140,141
213369,147,134
213385,121,130
213403,162,160
213419,130,126
213436,106,122
213452,164,170
213469,112,119
213486,100,116
213503,145,139
213519,129,124
213536,125,116
213554,148,129
213570,120,113
213587,126,115
213604,121,123
213620,114,107
213636,138,135
213653,111,99
213670,94,72
213687,97,81
213703,94,85
213720,116,102
213737,120,103
213754,174,174
213772,167,154
213789,144,152
213806,150,151
213823,143,135
213840,128,132
213856,171,156
213873,162,163
213890,130,115
213907,107,111
213925,119,112
213942,100,93
213958,102,105
213974,110,124
213991,115,129
214007,113,112
214024,116,107
214041,114,107
214058,114,101
214076,150,114
214092,144,145
214109,132,139
214125,117,106
214142,124,143
214160,127,139
214176,150,163
214194,116,106
214210,111,113
214226,119,117
214243,107,111
214259,100,123
214276,111,139
214292,111,139
214310,109,124
214326,109,104
214343,108,120
214360,112,116
214378,91,101
214395,138,117
214412,110,92
214428,90,79
214445,114,127
214463,108,90
214479,90,84
214496,136,134
214512,119,113
214528,128,108
214545,128,115
214562,126,120
214579,111,108
214596,113,105
214613,118,102
214631,104,87
214647,105,82
214664,111,95
214681,116,88
214698,102,101
214714,107,106
214732,112,101
214749,101,93
214766,97,102
214783,86,85
214800,79,79
214816,114,128
214833,143,150
214849,141,132
214865,147,136
214882,148,139
214899,121,128
214915,122,121
214932,116,120
214948,111,108
214965,112,111
214981,113,103
214998,107,107
215014,113,106
215031,113,106
215048,109,96
215066,95,101
215082,103,115
215098,104,104
215116,102,103
215133,115,102
215149,134,145
215166,133,129
215182,120,111
215199,122,108
215216,111,100
215232,99,105
215249,168,159
215266,141,148
215283,141,148
215300,106,128
215316,112,108
215333,105,106
215351,113,133
215368,128,141
215384,125,122
215401,125,122
215417,114,106
215434,112,91
215451,88,85
215468,174,174
215485,159,158
215502,142,157
215518,155,165
215535,151,148
215552,141,144
215569,124,121
215586,125,107
215602,114,109
215618,113,112
215635,96,95
215651,96,95
215667,88,83
215684,148,146
215700,131,145
215717,113,125
215734,114,105
215752,109,120
215769,104,102
215786,101,102
215802,86,81
215819,86,74
215836,94,91
215854,87,80
215870,91,90
215886,77,69
215904,153,143
215921,125,136
215938,152,138
215955,121,129
215972,130,128
215989,146,123
216007,125,112
216023,125,112
216040,116,119
216057,111,133
216074,117,125
216091,95,100
216107,116,109
216124,125,117
216140,125,117
216157,126,114
216175,107,116
216192,123,105
216208,132,123
216224,132,149
216242,132,145
216258,143,145
216274,137,136
216292,140,126
216309,125,135
216325,130,146
216342,113,133
216358,116,133
216376,121,112
216393,121,112
216409,121,106
216426,118,103
216443,109,107
216461,113,80
216478,98,99
216495,115,114
216512,115,114
216528,108,131
216545,140,129
216561,150,134
216578,145,136
216595,139,123
216612,149,154
216628,159,127
216645,149,154
216662,146,137
216678,143,115
216695,128,143
216712,129,130
216729,131,133
216746,121,117
216763,113,117
216780,126,108
216796,107,111
216812,104,103
216828,95,97
216846,117,117
216862,110,136
216878,128,136
216895,125,133
216912,121,128
216928,143,152
216944,155,173
216961,150,174
216977,174,174
216995,174,174
217012,174,171
217028,170,168
217045,161,165
217062,147,144
217079,160,152
217096,154,129
217112,157,158
217128,155,150
217145,162,151
217162,165,154
217178,172,173
217195,174,164
217211,173,160
217228,155,152
217244,147,156
217262,134,147
217279,146,150
217295,163,146
217312,151,147
217328,158,143
217345,149,148
217362,139,149
217378,150,146
217396,158,132
217413,121,121
217430,106,100
217446,116,96
217463,112,101
217480,102,100
217497,116,122
217513,108,111
217531,119,135
217548,117,161
217565,124,112
217582,170,137
217599,173,140
217615,159,125
217632,154,155
217649,130,129
217665,131,152
217682,129,130
217699,132,157
217716,119,145
217733,155,140
217750,133,133
217767,121,148
217784,146,147
217802,141,118
217819,128,118
217836,128,129
217852,132,113
217869,115,128
217886,137,134
217903,142,100
217919,123,125
217936,135,129
217953,128,137
217969,133,125
217985,121,111
218002,110,116
218019,106,105
218036,108,95
218052,107,113
218068,88,82
218085,72,86
218102,100,96
218119,91,94
218136,90,105
218153,135,145
218170,109,111
218186,112,111
218204,169,170
218220,115,173
218236,113,127
218253,165,170
218271,96,126
218287,114,121
218303,164,164
218320,121,102
218337,87,83
218353,87,83
218369,95,101
218386,105,141
218402,96,100
218419,94,114
218436,86,82
218452,69,84
218469,138,148
218486,166,158
218502,163,140
218518,124,127
218536,112,129
218552,129,124
218568,155,163
218586,121,138
218603,121,138
218620,152,150
218637,145,144
218654,163,156
218671,161,164
218687,173,162
218704,138,151
218722,138,151
218738,151,163
218755,146,151
218771,153,159
218788,156,163
218804,159,168
218821,141,150
218838,152,149
218856,120,126
218872,121,131
218888,137,143
218906,172,146
218922,172,146
218938,165,150
218955,160,158
218971,160,158
218988,138,163
219004,145,139
219020,129,135
219037,153,163
219054,131,137
219071,118,119
219088,121,111
219105,117,125
219121,135,137
219137,134,152
219154,139,123
219171,126,136
219188,124,163
219204,154,126
219221,154,126
219238,145,149
219254,151,127
219271,163,121
219288,140,143
219304,151,149
219320,149,140
219338,134,134
219354,155,160
219370,156,159
219387,145,172
219404,161,158
219420,137,148
219437,151,170
219454,170,150
219470,159,161
219487,163,148
219503,169,143
219520,143,139
219537,168,153
219553,149,134
219569,106,140
219586,120,135
219603,150,115
219620,123,143
219636,156,138
219653,117,152
219670,113,122
219687,105,128
219704,108,151
219721,95,106
219737,96,75
219753,99,115
219771,115,108
219788,98,98
219805,167,166
219822,102,113
219839,103,98
219855,168,166
219871,136,144
219888,171,170
219904,92,92
219920,123,106
219937,104,124
219954,98,92
219970,140,151
219987,117,99
220004,146,146
220021,155,158
220038,90,108
220054,164,160
220071,142,130
220087,120,113
220104,134,125
220121,125,106
220138,119,118
220154,107,91
220170,94,103
220186,81,94
220203,81,94
220220,109,94
220236,93,85
220253,107,94
220270,83,91
220287,85,92
220303,88,84
220320,88,84
220337,89,83
220354,173,171
220371,174,172
220387,150,132
220403,136,114
220420,146,157
220437,150,151
220454,144,145
220470,145,151
220487,143,155
220503,153,143
220520,149,148
220537,150,141
220555,158,148
220571,158,148
220588,135,145
220605,134,120
220622,102,105
220638,111,99
220655,91,85
220673,80,75
220689,74,71
220706,63,74
220722,71,59
220739,81,82
220756,83,70
220773,72,76
220790,70,74
220806,78,70
220823,78,70
220839,67,64
220855,75,67
220871,61,64
220888,77,87
220905,63,82
220922,93,98
220938,99,96
220955,104,100
220973,102,110
220989,85,89
221005,95,88
221022,93,81
221039,82,91
221055,94,99
221071,86,94
221088,82,86
221104,69,76
221121,75,71
221137,88,87
221154,106,98
221171,86,79
221188,92,94
221205,100,83
221222,91,84
221239,80,83
221256,78,71
221273,62,74
221290,60,76
221307,53,67
221323,69,67
221340,69,74
221356,125,145
221372,113,133
221389,118,133
221406,92,79
221424,98,104
221441,78,98
221459,91,74
221476,143,151
221493,136,138
221510,125,140
221527,96,102
221544,105,85
221561,97,73
221578,89,78
221595,91,81
221611,98,71
221628,62,65
221645,67,73
221662,61,58
221679,56,72
221695,57,68
221712,68,68
221728,63,80
221745,52,66
221761,56,62
221778,127,129
221794,154,166
221812,132,145
221829,129,133
221846,129,140
221862,128,141
221879,101,113
221895,98,78
221912,80,73
221929,79,69
221947,75,79
221964,65,74
221981,66,71
221997,52,69
222013,61,71
222030,65,60
222046,59,62
222062,60,58
222079,66,62
222095,71,69
222112,155,149
222129,146,157
222145,133,155
222162,125,144
222179,133,145
222195,121,136
222212,101,96
222229,102,121
222245,132,143
222262,107,107
222279,106,110
222296,98,102
222312,80,102
222329,134,145
222345,116,120
222362,105,96
222378,75,79
222395,71,81
222412,85,70
222428,116,68
222444,143,146
222462,113,96
222479,99,99
222496,84,86
222512,70,69
222529,79,82
222546,82,77
222562,79,83
222578,71,87
222595,65,69
222612,70,70
222629,74,74
222646,97,106
222662,97,106
222678,93,104
222696,88,103
222713,84,92
222730,68,74
222747,105,132
222765,171,174
222782,164,162
222798,168,172
222814,161,173
222831,173,174
222848,160,171
222865,158,149
222882,173,167
222898,147,154
222914,131,138
222930,146,136
222948,98,100
222964,162,155
222980,138,117
222997,121,130
223013,125,117
223030,156,166
223047,126,119
223065,149,155
223082,149,143
223099,139,154
223116,119,146
223133,134,133
223150,126,115
223167,124,104
223184,147,128
223200,124,110
223218,130,143
223235,157,156
223252,165,166
223268,161,159
223285,159,153
223302,156,159
223319,148,147
223336,145,149
223353,142,142
223370,141,136
223387,143,136
223405,167,151
223422,159,159
223439,160,147
223456,151,148
223472,145,120
223489,133,117
223506,116,120
223523,116,120
223540,114,114
223557,121,106
223574,91,93
223590,99,109
223607,99,80
223625,101,80
223642,88,83
223658,104,103
223675,92,115
223692,112,127
223709,158,151
223725,170,171
223742,144,143
223760,157,144
223777,173,171
223793,151,145
223810,154,141
223827,163,144
223844,146,137
223860,129,157
223877,112,130
223894,167,146
223910,148,135
223927,161,151
223945,167,155
223962,174,173
223979,168,166
223995,154,150
224011,160,146
224028,152,119
224045,169,173
224061,174,165
224078,155,161
224095,146,149
224112,127,134
224128,111,114
224145,120,119
224162,105,110
224179,109,105
224195,114,88
224212,106,88
224228,74,79
224245,99,116
224262,99,116
224279,110,111
224295,107,117
224312,106,104
224328,89,92
224345,134,113
224362,128,139
224379,141,132
224396,132,128
224412,136,122
224429,112,127
224447,111,109
224464,129,109
224481,92,108
224498,94,167
224515,168,174
224532,99,95
224548,96,168
224564,108,109
224581,88,87
224598,159,164
224615,80,100
224632,80,100
224648,162,134
224665,117,88
224682,96,82
224699,157,149
224715,149,95
224732,146,96
224749,110,115
224766,155,158
224783,173,164
224800,137,104
224817,144,139
224834,155,146
224851,156,155
224868,142,142
224885,140,139
224902,171,171
224919,155,155
224935,156,167
224953,173,174
224970,172,174
224987,171,159
225003,162,164
225020,157,161
225037,164,163
225054,162,155
225070,173,172
225087,152,157
225104,174,174
225122,174,174
225139,150,143
225155,141,154
225171,171,173
225188,118,124
225205,169,169
225221,155,165
225239,168,174
225255,169,173
225271,171,171
225289,174,173
225305,168,164
225322,174,173
225339,174,170
225355,138,130
225372,138,130
225388,107,106
225405,96,96
225422,152,143
225440,128,156
225456,117,119
225472,140,129
225488,152,134
225506,112,124
225522,134,135
225539,174,173
225556,174,174
225572,173,174
225589,157,160
225607,161,161
225623,166,161
225640,169,173
225656,151,157
225673,159,153
225689,158,156
225706,168,168
225723,161,160
225740,161,160
225757,174,174
225773,174,174
225790,165,158
225806,140,148
225823,109,125
225840,120,125
225857,142,137
225873,126,143
225890,141,152
225907,147,141
225923,150,163
225941,152,146
225957,155,168
225973,160,152
225990,160,152
226008,142,132
226024,156,152
226040,145,120
226057,126,120
226074,174,174
226090,169,172
226107,172,168
226124,160,169
226141,169,171
226158,170,160
226174,174,171
226191,173,167
226208,132,135
226225,140,108
226241,121,114
226258,107,114
226275,86,76
226292,109,126
226309,111,109
226328,90,95
226345,97,122
226363,123,120
226380,110,84
226397,169,169
226413,137,140
226430,146,152
226447,171,172
226464,163,164
226480,163,164
226498,157,155
226515,156,152
226531,153,157
226547,153,157
226564,144,147
226581,148,147
226597,142,138
226614,174,174
226631,162,165
226647,164,161
226664,130,126
226681,120,117
226698,118,103
226715,109,112
226732,135,143
226749,112,127
226765,75,83
226782,66,76
226798,59,62
226815,162,160
226832,151,151
226849,118,119
226865,99,97
226882,96,88
226898,63,58
226915,166,167
226932,174,174
226949,173,174
226967,170,174
226984,150,149
227001,156,155
227017,150,150
227034,172,172
227051,174,160
227068,151,144
227085,157,133
227101,159,139
227118,127,119
227134,143,133
227151,135,134
227167,144,138
227185,124,135
227201,159,167
227217,173,173
227234,174,166
227250,143,145
227266,147,155
227283,141,144
227301,163,164
227317,171,167
227334,154,143
227350,142,145
227367,144,149
227384,151,150
227401,167,172
227418,174,174
227435,174,174
227452,174,174
227468,174,174
227485,174,174
227501,174,169
227518,171,174
227535,163,160
227552,154,154
227569,150,159
227585,157,158
227601,156,158
227619,159,152
227635,150,152
227651,148,140
227668,161,153
227684,155,159
227701,147,158
227718,143,135
227735,130,136
227751,124,119
227768,99,93
227786,151,151
227802,172,170
227819,172,174
227835,163,167
227852,170,169
227868,174,174
227885,173,173
227904,165,168
227920,161,152
227937,149,152
227955,128,133
227972,154,145
227989,150,152
228006,157,164
228023,141,143
228040,154,163
228056,159,161
228073,156,151
228089,162,149
228106,144,159
228123,128,135
228139,154,164
228155,145,153
228172,157,163
228188,146,149
228205,125,127
228222,170,168
228239,144,145
228256,148,152
228272,164,166
228289,153,158
228306,161,163
228323,173,173
228340,147,142
228356,147,145
228373,152,154
228391,172,172
228407,168,168
228423,159,160
228439,153,147
228457,161,159
228473,149,149
228490,138,143
228506,140,143
228523,171,170
228539,170,171
228556,140,134
228573,140,134
228590,135,142
228606,148,152
228623,105,105
228641,164,166
228659,173,172
228676,173,174
228693,174,172
228710,172,171
228726,169,167
228743,168,169
228760,174,174
228776,154,161
228794,169,167
228810,167,164
228827,156,156
228844,132,142
228861,171,171
228878,173,172
228895,173,173
228911,155,153
228928,138,136
228945,133,131
228963,174,174
228980,174,173
228997,167,171
229013,158,154
229029,162,158
229046,155,157
229062,155,157
229079,174,174
229095,136,145
229113,158,151
229130,174,174
229146,164,166
229164,173,173
229180,174,174
229196,174,174
229213,171,174
229229,171,172
229246,159,151
229263,130,127
229280,126,114
229297,166,166
229315,141,146
229331,129,127
229348,150,151
229365,119,117
229381,97,109
229398,150,158
229415,163,160
229432,163,160
229448,129,137
229465,133,125
229481,121,133
229498,116,123
229515,108,113
229531,110,120
229548,123,123
229565,110,113
229581,104,100
229598,114,115
229615,174,173
229631,169,174
229648,165,166
229665,166,158
229682,166,158
229699,160,144
229715,152,125
229732,133,139
229749,154,150
229765,152,153
229782,158,153
229800,127,138
229817,169,171
229833,173,168
229849,161,158
229866,156,157
229882,167,173
229899,162,168
229916,151,143
229933,166,172
229950,163,171
229968,174,173
229984,154,153
230001,147,139
230018,153,137
230035,151,150
230051,151,150
230068,140,140
230086,118,114
230103,121,123
230120,121,112
230136,160,167
230152,143,143
230169,140,138
230186,93,103
230202,66,94
230219,67,82
230236,66,51
230254,172,160
230270,142,135
230287,139,136
230304,114,119
230320,114,117
230336,123,111
230354,174,174
230370,172,167
230386,167,172
230403,167,172
230420,156,157
230436,140,153
230454,141,144
230471,170,169
230488,156,147
230505,143,146
230521,148,146
230539,144,137
230556,140,140
230573,168,170
230590,172,172
230608,157,167
230625,142,151
230642,129,145
230659,152,161
230676,159,171
230693,169,163
230710,160,158
230727,145,150
230743,168,162
230760,151,148
230777,171,172
230795,138,139
230811,165,170
230828,172,171
230845,174,174
230862,170,172
230879,174,174
230896,174,174
230913,174,174
230929,174,174
230946,173,173
230962,162,149
230979,159,141
230995,174,170
231013,166,157
231029,141,156
231045,170,159
231062,138,148
231079,168,173
231095,151,143
231112,172,172
231129,172,160
231145,166,146
231162,156,167
231180,155,144
231196,144,148
231212,161,162
231229,173,164
231246,160,167
231264,158,159
231280,158,159
231296,136,140
231314,170,168
231330,174,174
231347,156,147
231364,134,144
231382,124,122
231398,127,115
231414,116,117
231431,169,170
231448,162,163
231466,164,162
231483,169,171
231500,169,170
231516,156,152
231533,171,168
231550,174,163
231566,153,151
231583,155,146
231600,141,146
231617,147,135
231633,174,174
231650,174,174
231667,174,174
231683,174,174
231700,166,173
231717,147,152
231733,148,150
231749,173,173
231766,154,156
231784,143,137
231801,141,146
231818,161,166
231835,161,158
231853,155,162
231870,154,159
231887,161,162
231904,170,165
231920,170,158
231937,160,174
231954,172,172
231970,174,174
231987,139,146
232004,132,138
232021,132,138
232038,137,121
232055,103,100
232071,169,168
232087,170,173
232104,158,164
232122,165,165
232139,160,155
232156,157,151
232172,158,154
232189,170,155
232205,169,159
232222,146,134
232238,123,136
232255,115,120
232271,109,112
232289,159,171
232305,133,154
232322,144,127
232338,161,151
232355,161,150
232372,164,147
232388,160,158
232405,172,171
232421,174,152
232438,161,147
232454,153,140
232471,144,145
232488,171,171
232504,174,174
232520,174,173
232537,154,161
232554,178,174
232571,175,174
232588,167,169
232605,174,174
232621,174,174
232638,169,174
232654,168,161
232671,143,154
232688,146,150
232704,149,150
232721,157,154
232737,141,153
232755,143,138
232771,136,156
232788,144,135
232804,136,143
232820,156,170
232838,157,161
232855,149,168
232872,159,152
232889,156,149
232905,162,172
232922,152,167
232939,174,152
232956,153,159
232973,174,143
232990,172,140
233007,159,161
233023,156,167
233040,173,173
233056,160,161
233073,170,144
233091,170,144
233107,142,160
233123,164,152
233143,133,160
233160,159,173
233177,142,150
233193,172,158
233210,151,154
233227,152,155
233243,172,173
233260,174,174
233277,153,154
233294,157,160
233311,173,171
233327,172,172
233343,162,146
233361,155,172
233377,173,171
233394,171,167
233411,162,165
233427,126,130
233444,142,145
233461,152,155
233477,162,166
233493,150,155
233510,134,140
233526,145,151
233542,139,134
233559,103,103
233576,94,116
233592,77,87
233609,115,135
233626,75,79
233643,124,86
233660,98,116
233677,151,153
233694,112,121
233710,82,87
233726,158,165
233744,137,139
233761,97,91
233778,173,172
233794,165,168
233811,153,158
233828,163,172
233845,166,170
233861,166,170
233878,153,159
233895,173,173
233911,166,156
233927,123,131
233944,103,114
233960,89,103
233976,94,91
233993,100,95
234011,103,101
234028,91,79
234045,103,82
234062,99,88
234079,76,78
234095,121,125
234113,168,170
234129,174,174
234146,164,167
234164,157,156
234181,143,140
234198,138,133
234215,130,125
234232,130,125
234249,141,144
234266,163,156
234282,169,166
234299,159,164
234316,173,173
234334,174,174
234351,174,174
234367,171,174
234384,152,149
234401,166,164
234418,134,122
234436,165,174
234452,150,166
234469,160,160
234486,166,162
234503,162,166
234519,126,121
234535,170,168
234553,155,152
234570,138,142
234587,144,150
234604,160,148
234622,145,152
234638,169,168
234655,159,174
234672,171,174
234689,143,154
234705,160,167
234722,160,167
234739,135,148
234756,174,174
234772,174,158
234789,152,147
234806,174,145
234823,162,155
234840,152,135
234856,172,168
234872,174,168
234888,163,159
234905,173,171
234921,141,149
234938,147,144
234954,174,173
234972,174,173
234989,159,158
235005,153,131
235022,172,155
235039,134,134
235056,148,148
235072,172,172
235089,124,127
235106,157,151
235124,142,149
235141,147,148
235158,152,151
235175,174,173
235192,127,134
235210,138,132
235227,151,139
235244,166,168
235261,162,158
235278,156,152
235295,168,162
235311,171,165
235328,160,161
235346,155,154
235362,158,158
235378,149,151
235395,165,166
235411,157,163
235427,150,153
235444,129,136
235461,129,136
235478,113,117
235494,169,169
235511,155,155
235528,173,171
235545,166,168
235562,158,157
235579,153,161
235595,158,160
235612,173,173
235628,154,160
235644,152,143
235661,152,153
235677,153,150
235694,92,107
235711,92,107
235728,158,160
235744,169,162
235760,167,160
235778,131,118
235795,87,77
235812,165,167
235828,174,174
235846,172,174
235863,170,171
235879,165,166
235895,165,163
235913,173,173
235929,170,172
235947,153,155
235963,156,156
235979,171,172
235996,174,174
236013,173,170
236031,174,174
236048,174,174
236066,158,161
236082,158,161
236098,131,139
236116,138,133
236133,129,125
236150,125,128
236166,131,140
236184,126,133
236200,126,133
236216,123,128
236234,120,119
236250,157,161
236267,145,145
236284,129,135
236300,126,124
236316,122,120
236333,115,122
236349,123,121
236366,174,174
236382,174,171
236399,152,148
236416,130,129
236432,129,128
236449,119,120
236466,166,164
236482,154,151
236499,174,171
236516,172,170
236532,174,174
236549,168,168
236565,128,129
236582,170,170
236598,129,124
236615,126,117
236631,170,169
236648,125,126
236665,168,169
236681,166,170
236698,146,144
236715,173,173
236732,164,164
236749,173,171
236766,148,146
236782,141,138
236799,161,168
236816,165,168
236832,170,174
236849,145,154
236866,132,131
236883,157,156
236899,160,154
236916,147,137
236932,129,127
236950,120,114
236967,119,114
236984,108,99
237000,169,155
237017,114,99
237034,117,96
237051,103,107
237068,85,89
237085,71,76
237101,72,75
237118,113,106
237135,76,70
237153,59,58
237170,59,62
237186,68,59
237203,167,166
237219,174,174
237239,166,166
237256,164,164
237273,152,153
237290,148,148
237306,145,144
237323,172,159
237341,174,169
237358,155,155
237375,144,149
237391,150,150
237408,134,147
237424,160,152
237441,134,141
237458,151,141
237475,136,141
237492,149,122
237509,122,128
237527,170,171
237543,174,174
237559,173,174
237576,142,144
237592,133,142
237609,132,140
237626,135,140
237643,171,171
237661,134,126
237678,149,139
237695,155,154
237712,173,173
237729,174,169
237746,173,173
237762,174,174
237779,173,174
237797,168,174
237814,159,154
237830,149,146
237847,145,125
237864,148,158
237881,157,140
237898,126,134
237914,167,171
237931,140,135
237947,169,162
237964,172,171
237981,174,158
237997,164,149
238014,123,145
238031,113,125
238048,135,135
238065,173,174
238081,152,168
238098,161,157
238114,120,134
238131,170,171
238147,127,110
238164,119,119
238181,147,144
238198,169,174
238214,167,164
238231,167,166
238248,164,156
238265,163,152
238282,158,159
238298,172,163
238314,150,164
238331,114,122
238347,147,153
238364,121,121
238381,149,152
238397,115,132
238415,93,108
238431,137,144
238448,105,105
238465,99,111
238481,136,132
238497,120,129
238514,102,86
238531,89,87
238547,88,79
238564,104,95
238581,127,111
238601,82,81
238619,144,143
238636,156,153
238653,164,162
238670,173,173
238687,170,171
238704,174,174
238721,168,164
238738,163,163
238754,161,173
238771,162,166
238788,160,160
238804,173,174
238821,172,174
238838,174,162
238856,144,136
238873,171,164
238890,145,147
238906,168,159
238923,172,172
238939,174,172
238956,174,169
238972,174,174
238989,163,165
239007,161,167
239024,169,174
239041,171,173
239058,163,146
239075,148,150
239091,152,153
239108,131,144
239125,141,140
239142,135,127
239158,133,167
239175,150,157
239192,138,135
239209,127,140
239226,114,113
239243,174,174
239260,170,172
239276,174,174
239293,162,156
239310,147,152
239327,150,150
239344,172,171
239362,174,174
239378,154,154
239395,159,158
239411,140,143
239427,153,162
239445,164,170
239462,173,174
239478,174,174
239495,168,166
239513,165,167
239530,164,160
239547,133,138
239564,155,145
239580,163,144
239597,139,166
239613,155,132
239630,150,145
239647,155,145
239663,159,129
239679,159,164
239696,154,162
239713,128,131
239729,148,149
239746,133,138
239762,152,148
239779,134,122
239796,170,174
239813,169,174
239830,174,172
239847,165,169
239864,163,166
239881,167,165
239898,174,173
239914,147,156
239931,133,147
239947,118,131
239964,101,126
239981,95,116
239997,106,110
240013,120,128
240030,104,110
240046,80,97
240063,91,99
240079,109,90
240096,167,168
240112,171,174
240128,141,142
240145,161,156
240161,159,164
240178,174,166
240195,160,171
240211,164,158
240228,159,156
240245,162,165
240261,162,165
240278,151,156
240295,146,147
240311,144,141
240328,169,174
240345,160,173
240362,162,167
240379,125,124
240395,111,112
240411,112,119
240428,121,169
240444,141,144
240461,126,131
240478,76,111
240494,95,108
240511,95,108
240529,141,146
240546,143,159
240563,126,107
240580,106,98
240597,86,100
240613,95,83
240629,95,83
240645,173,174
240663,169,172
240679,170,174
240695,154,155
240712,153,159
240728,151,150
240744,151,154
240761,172,172
240778,168,173
240794,159,147
240811,152,144
240828,130,120
240844,168,171
240861,174,171
240878,167,172
240894,128,129
240910,118,140
240927,118,118
240943,132,127
240960,171,162
240977,174,169
240993,174,174
241010,157,167
241027,155,142
241043,134,114
241061,121,120
241077,149,151
241093,130,140
241111,123,133
241128,170,167
241145,161,164
241162,167,164
241179,174,173
241196,174,174
241212,174,172
241228,163,171
241245,150,157
241262,135,126
241279,127,140
241295,169,172
241312,165,162
241329,161,157
241346,148,160
241363,141,144
241380,148,143
241398,147,148
241414,157,164
241430,155,142
241448,147,135
241465,132,125
241482,135,124
241499,171,165
241515,174,171
241533,157,171
241550,144,158
241566,138,144
241583,117,144
241600,154,166
241617,173,172
241633,139,144
241649,141,142
241666,123,120
241682,124,124
241698,122,125
241715,149,148
241733,129,133
241749,120,124
241766,117,122
241783,116,115
241800,116,118
241817,169,169
241834,138,150
241852,128,137
241868,127,128
241885,135,140
241902,133,138
241918,109,111
241936,86,95
241952,108,106
241968,129,132
241985,143,144
242002,147,147
242019,139,139
242036,171,171
242052,119,125
242068,168,171
242085,173,174
242101,160,164
242117,173,164
242134,174,173
242151,155,152
242168,153,155
242185,171,157
242202,174,171
242218,157,158
242236,167,162
242253,174,174
242269,170,174
242286,160,154
242303,161,148
242320,150,162
242336,136,134
242353,170,171
242369,139,145
242386,171,168
242403,179,180
242421,166,167
242437,159,159
242454,172,173
242471,172,171
242488,147,161
242506,144,148
242522,137,141
242538,152,136
242554,142,132
242571,149,157
242588,140,153
242605,142,117
242622,136,137
242638,116,118
242654,122,126
242671,158,168
242691,174,172
242707,174,174
242724,172,171
242741,167,170
242758,166,171
242775,173,174
242792,172,174
242808,148,162
242824,162,174
242841,164,172
242858,173,172
242875,171,171
242892,174,174
242908,174,174
242924,156,161
242941,168,171
242958,144,150
242975,136,132
242993,132,121
243010,120,123
243027,111,117
243044,134,132
243061,126,138
243077,126,145
243094,139,133
243111,147,160
243127,150,151
243144,148,154
243161,149,133
243178,141,131
243194,149,141
243212,172,169
243229,174,164
243245,173,159
243261,162,161
243278,133,137
243294,117,119
243311,119,129
243328,173,173
243345,165,174
243361,167,163
243378,169,174
243395,168,174
243412,141,140
243428,158,160
243445,173,174
243462,173,174
243479,159,171
243497,149,159
243514,116,125
243531,169,170
243548,150,150
243565,168,167
243582,158,165
243599,171,174
243616,164,166
243633,172,159
243649,163,156
243666,164,163
243683,164,156
243701,136,136
243718,123,126
243734,150,150
243751,153,154
243767,174,166
243784,174,166
243801,158,152
243818,135,120
243834,144,118
243851,145,111
243868,133,122
243885,102,91
243901,97,86
243918,85,90
243934,77,94
243951,77,94
243968,167,152
243985,125,127
244002,109,103
244019,98,112
244036,85,87
244054,165,168
244071,173,174
244088,170,165
244104,173,174
244121,174,170
244138,155,157
244155,153,151
244172,151,154
244189,174,171
244206,174,172
244222,173,174
244239,141,149
244256,149,153
244274,171,171
244291,174,174
244308,174,169
244325,165,159
244342,172,156
244359,141,141
244376,149,153
244392,173,174
244409,174,170
244426,167,166
244443,142,145
244460,144,143
244477,146,144
244494,172,171
244511,162,167
244527,157,153
244544,174,167
244560,174,174
244577,167,171
244594,156,152
244611,173,172
244627,174,174
244643,171,174
244661,161,146
244679,117,133
244696,123,123
244712,123,102
244728,108,102
244746,110,102
244762,110,103
244778,98,83
244795,84,79
244812,86,95
244828,151,154
244845,161,153
244862,156,129
244879,139,115
244896,102,99
244913,143,149
244929,157,147
244945,156,149
244962,139,129
244980,130,124
244996,105,128
245013,127,131
245031,162,171
245048,149,155
245065,135,130
245081,124,133
245098,100,104
245114,91,89
245131,86,84
245148,167,168
245164,165,165
245181,165,165
245197,169,165
245214,161,160
245231,151,150
245248,145,145
245265,105,116
245282,79,82
245298,66,61
245315,65,67
245332,54,62
245348,62,71
245365,67,74
245382,73,88
245399,88,95
245417,85,88
245434,88,85
245451,94,93
245468,168,168
245485,128,132
245501,135,139
245518,165,166
245536,163,160
245553,165,166
245569,154,155
245585,164,166
245603,166,171
245620,152,167
245636,173,173
245653,150,164
245669,163,169
245686,173,174
245703,150,150
245720,138,144
245736,172,171
245753,115,122
245769,103,106
245785,163,157
245802,163,157
245818,171,174
245834,172,164
245851,167,153
245867,155,148
245884,154,154
245900,170,174
245917,174,174
245934,145,144
245951,165,169
245968,133,156
245984,145,147
246000,164,172
246018,158,153
246035,161,154
246052,161,154
246068,138,145
246084,161,145
246101,173,168
246118,161,164
246134,166,173
246151,163,168
246168,155,144
246185,147,146
246201,144,148
246218,162,168
246234,167,174
246251,150,161
246268,176,174
246284,175,174
246301,164,165
246318,174,174
246334,174,174
246350,174,174
246367,169,169
246383,171,162
246400,147,156
246417,136,134
246433,149,154
246449,146,152
246465,130,123
246482,139,143
246499,129,132
246515,136,138
246531,145,149
246548,148,146
246565,149,163
246581,151,157
246598,150,142
246615,160,169
246632,148,163
246649,174,174
246666,174,174
246683,174,154
246699,171,145
246716,150,143
246733,154,154
246749,172,172
246766,163,155
246783,165,166
246800,170,142
246817,141,165
246834,172,156
246850,127,120
246867,158,171
246883,144,147
246899,147,172
246917,172,153
246934,162,144
246951,141,152
246968,174,174
246984,161,151
247000,161,162
247017,173,166
247034,172,174
247051,169,173
247068,154,148
247084,165,166
247100,173,168
247117,163,171
247134,128,146
247151,128,146
247168,149,140
247185,157,161
247202,156,154
247220,133,140
247236,145,146
247252,113,110
247269,109,109
247286,169,165
247303,128,112
247320,170,169
247337,102,102
247354,163,167
247371,109,117
247388,153,154
247404,156,150
247421,116,118
247437,143,151
247454,133,142
247471,105,97
247488,173,172
247505,167,159
247521,167,159
247538,173,172
247555,170,166
247572,169,171
247588,158,158
247604,173,173
247621,166,160
247637,126,126
247654,139,107
247671,109,116
247688,83,94
247704,97,95
247721,106,92
247739,98,72
247755,112,88
247771,112,88
247788,80,79
247805,78,70
247822,150,137
247839,149,148
247855,136,152
247871,122,130
247889,120,121
247905,123,132
247921,107,117
247938,130,123
247955,145,141
247972,148,138
247989,174,174
248006,165,169
248023,166,168
248039,174,174
248055,174,174
248073,173,173
248090,143,153
248106,117,133
248123,150,134
248143,163,165
248159,145,159
248176,125,156
248192,165,166
248209,165,141
248226,135,130
248242,122,119
248259,156,150
248276,140,134
248293,144,131
248310,116,117
248327,94,108
248344,156,161
248360,167,173
248377,159,163
248394,122,144
248410,143,132
248427,114,146
248444,119,123
248460,160,159
248478,174,157
248494,146,138
248511,146,138
248528,169,136
248545,133,125
248562,135,136
248579,145,135
248595,108,95
248612,121,97
248629,121,97
248645,170,169
248661,164,159
248678,172,173
248694,164,169
248711,166,163
248728,172,173
248745,174,160
248762,147,141
248778,152,147
248796,164,143
248813,153,157
248829,165,163
248846,169,168
248863,158,159
248879,158,159
248895,173,172
248912,140,135
248928,133,134
248945,168,162
248962,168,164
248978,159,154
248994,155,154
249010,156,158
249027,156,152
249044,149,149
249061,146,147
249077,147,146
249094,168,163
249111,155,160
249127,153,143
249144,140,129
249161,126,121
249178,108,113
249195,106,101
249212,169,168
249229,156,157
249246,164,163
249263,167,167
249279,156,157
249296,152,154
249312,172,169
249328,169,166
249345,124,135
249361,99,110
249378,99,104
249394,100,93
249411,98,81
249428,81,74
249444,77,71
249461,73,70
249478,77,71
249494,84,66
249510,74,71
249527,164,167
249544,172,169
249561,172,172
249578,170,171
249595,170,166
249611,166,167
249628,161,157
249645,138,147
249661,134,140
249678,97,112
249695,98,99
249711,102,100
249728,102,93
249745,169,168
249761,174,174
249778,167,171
249794,168,166
249810,148,152
249827,144,138
249843,136,126
249860,136,126
249877,123,125
249894,122,122
249911,121,123
249927,119,125
249944,122,121
249961,141,138
249977,129,125
249994,125,128
250011,121,123
250028,124,120
250044,116,119
250060,118,119
250077,174,174
250094,169,170
250111,169,170
250127,139,144
250144,127,127
250161,118,117
250177,151,151
250194,144,146
250210,157,157
250228,167,170
250245,164,165
250261,153,145
250277,142,140
250295,160,160
250311,140,141
250327,172,170
250344,160,160
250360,169,167
250378,137,139
250394,171,170
250410,170,174
250427,132,130
250445,144,138
250461,144,141
250477,147,145
250494,149,140
250511,143,139
250528,117,124
250544,135,142
250560,117,132
250577,115,115
250593,117,112
250610,122,116
250627,114,111
250644,92,82
250661,73,79
250678,70,59
250694,75,83
250710,147,146
250727,138,136
250744,136,130
250760,126,129
250777,78,78
250793,59,60
250809,53,51
250827,167,161
250844,156,146
250869,88,87
250887,57,58
250904,56,53
250921,166,166
250937,173,174
250954,172,174
250970,172,174
250988,150,153
251005,146,145
251022,134,134
251039,170,171
251056,171,173
251072,153,155
251089,153,155
251106,132,145
251123,132,143
251139,171,171
251155,157,163
251172,143,150
251190,151,160
251207,158,166
251224,143,158
251241,161,155
251258,174,174
251274,154,157
251291,148,155
251307,139,141
251323,134,152
251340,134,152
251357,136,136
251375,162,156
251393,128,142
251409,139,147
251425,149,160
251441,149,149
251458,158,148
251474,174,174
251491,169,174
251507,157,161
251524,149,137
251540,137,120
251557,109,126
251574,145,147
251591,145,147
251608,126,116
251625,129,125
251642,148,157
251659,129,135
251676,173,173
251693,172,174
251711,172,174
251728,149,143
251744,166,145
251761,158,150
251778,156,161
251795,159,147
251813,147,126
251829,147,126
251845,147,128
251862,138,126
251879,136,115
251896,174,172
251913,171,157
251930,159,151
251947,166,155
251965,132,151
251982,160,146
251999,173,172
252016,174,174
252032,150,147
252049,155,164
252066,140,143
252084,124,132
252100,132,130
252117,174,157
252134,157,141
252151,140,152
252168,174,168
252184,161,165
252202,161,165
252218,173,171
252234,169,174
252251,173,174
252267,152,165
252285,144,164
252302,155,154
252318,147,141
252335,156,150
252353,161,155
252370,168,167
252387,174,174
252403,174,174
252420,174,174
252437,174,174
252453,174,174
252470,174,174
252487,170,173
252504,170,174
252522,168,171
252538,174,174
252554,157,165
252571,157,165
252588,146,160
252604,144,142
252622,123,143
252639,169,170
252656,173,173
252673,170,171
252689,170,171
252706,168,159
252722,162,165
252739,167,174
252757,169,168
252773,152,154
252790,146,130
252807,143,143
252823,127,117
252840,135,133
252857,166,164
252874,153,159
252891,152,145
252908,165,145
252924,126,129
252941,126,129
252957,170,171
252974,170,167
252990,174,174
253007,173,169
253023,173,170
253039,149,156
253056,153,157
253073,163,174
253090,156,169
253107,156,151
253124,174,172
253140,174,174
253156,169,166
253173,174,174
253190,174,174
253206,173,174
253223,160,164
253239,137,136
253255,140,142
253273,150,161
253289,150,148
253307,128,130
253324,134,149
253341,129,137
253357,131,136
253374,140,150
253391,165,160
253408,147,155
253424,140,152
253441,161,145
253458,147,153
253475,154,146
253492,153,159
253509,150,151
253525,157,152
253542,143,145
253559,149,149
253576,150,146
253594,142,139
253611,171,171
253628,154,148
253645,137,140
253662,152,131
253678,149,140
253695,131,131
253711,141,133
253727,156,167
253744,139,149
253760,145,146
253776,164,148
253794,147,147
253810,142,147
253827,174,173
253843,161,162
253860,166,170
253877,156,150
253894,159,151
253910,149,142
253926,159,151
253943,144,147
253960,146,149
253976,157,167
253993,120,138
254010,124,133
254026,170,170
254044,174,167
254061,158,160
254078,153,149
254094,169,161
254111,172,170
254128,165,162
254145,171,174
254161,174,174
254177,166,167
254194,155,152
254210,149,148
254226,145,146
254244,171,171
254261,171,173
254278,145,160
254295,134,132
254312,111,115
254329,117,112
254345,163,167
254363,157,164
254379,173,168
254396,164,169
254413,159,160
254430,167,160
254447,162,162
254463,173,171
254480,169,162
254496,156,136
254512,151,135
254529,140,126
254545,132,129
254561,142,137
254578,139,145
254595,148,139
254612,116,131
254628,122,107
254645,126,136
254661,126,136
254678,145,146
254694,170,170
254711,140,147
254727,169,169
254744,178,178
254760,182,181
254777,144,155
254794,145,145
254811,155,161
254829,139,139
254845,120,112
254862,101,106
254879,93,89
254896,174,174
254913,174,171
254929,173,162
254946,158,156
254963,140,147
254980,138,134
254997,123,129
255014,124,127
255030,124,127
255046,132,118
255063,124,120
255079,117,120
255096,142,130
255113,147,156
255129,133,135
255146,120,133
255163,107,125
255179,117,108
255196,117,123
255214,174,174
255230,174,174
255248,172,174
255265,171,172
255281,171,172
255298,169,174
255314,174,174
255332,162,163
255348,135,132
255365,147,136
255382,125,123
255399,125,123
255416,124,127
255432,172,172
255449,161,158
255467,141,145
255484,130,130
255500,144,144
255518,147,148
255534,171,171
255551,140,142
255568,142,150
255585,151,149
255601,151,149
255618,138,141
255635,159,162
255652,159,162
255669,115,117
255686,126,126
255702,149,150
255718,134,134
255735,147,147
255751,172,172
255767,148,142
255784,147,145
255800,150,148
255817,172,172
255835,168,167
255852,164,164
255868,149,149
255886,158,158
255902,150,149
255919,141,144
255936,142,146
255953,171,172
255970,174,174
255986,159,154
256003,146,151
256020,146,151
256037,165,159
256053,120,100
256069,167,166
256085,169,164
256103,173,174
256119,173,173
256135,174,174
256152,174,174
256169,170,169
256185,157,153
256202,104,106
256218,127,119
256235,125,127
256252,115,119
256268,123,122
256286,138,138
256302,122,125
256321,140,139
256339,139,136
256355,141,140
256372,171,171
256389,171,171
256406,174,174
256423,165,169
256440,162,162
256457,162,157
256474,155,159
256491,173,173
256508,170,172
256526,139,143
256543,152,152
256559,162,164
256576,163,165
256593,173,173
256610,174,174
256627,174,174
256643,159,174
256660,161,160
256677,147,132
256694,132,111
256710,116,112
256728,128,129
256745,123,132
256762,122,130
256778,149,154
256794,134,131
256811,121,116
256828,165,174
256844,140,139
256861,112,132
256878,107,102
256894,96,84
256911,83,78
256927,77,80
256945,41,46
256962,33,38
256979,29,31
256995,28,27
257013,20,21
257029,19,19
257045,125,104
257063,174,173
257079,104,113
257095,174,173
257113,109,109
257130,169,168
257147,161,160
257164,95,96
257180,156,155
257197,151,150
257214,111,111
257230,48,47
257247,118,127
257265,108,111
257282,156,162
257299,103,112
257316,154,152
257333,92,91
257349,92,84
257366,146,141
257383,114,137
257400,109,142
257416,91,144
257433,119,87
257449,82,114
257465,155,156
257482,126,131
257499,131,129
257515,166,167
257532,169,173
257550,159,158
257567,160,157
257584,162,167
257600,164,164
257618,170,164
257634,160,165
257650,160,168
257667,154,153
257683,157,161
257699,161,155
257716,162,153
257732,152,138
257748,145,140
257765,114,131
257781,174,173
257799,161,158
257816,174,172
257832,158,157
257849,167,162
257866,171,157
257883,148,153
257900,167,156
257917,143,136
257934,151,141
257950,147,151
257967,149,144
257984,151,145
258000,147,151
258017,139,141
258035,136,137
258052,152,148
258068,131,138
258085,139,139
258102,156,170
258119,172,174
258136,172,173
258153,174,174
258170,163,168
258186,178,177
258203,174,174
258219,159,162
258235,143,145
258253,142,143
258269,166,163
258287,163,168
258303,157,158
258320,173,173
258336,174,174
258354,174,174
258370,172,173
258387,161,154
258403,136,135
258420,122,115
258436,144,138
258453,120,118
258470,136,123
258487,128,126
258504,119,136
258520,108,117
258537,146,142
258555,130,128
258572,107,108
258588,106,106
258605,112,104
258622,125,93
258638,157,154
258655,156,155
258672,138,156
258689,138,156
258706,95,118
258723,78,94
258739,94,119
258756,159,149
258773,138,139
258789,143,143
258806,126,136
258823,116,123
258839,118,113
258855,170,169
258873,170,170
258889,172,173
258906,171,169
258922,161,161
258939,154,156
258956,172,172
258974,151,141
258991,118,127
259007,97,74
259023,86,91
259049,63,77
259066,171,170
259083,166,161
259100,169,166
259116,166,166
259133,164,163
259150,161,163
259167,156,155
259183,150,151
259199,137,146
259216,136,142
259233,171,172
259250,173,169
259266,171,169
259284,164,164
259300,168,173
259316,173,173
259333,167,174
259349,157,160
259365,148,174
259382,165,163
259399,173,173
259416,136,147
259432,129,135
259449,170,169
259467,146,128
259484,110,106
259500,169,166
259517,167,173
259534,161,169
259551,173,169
259568,160,160
259585,155,152
259602,172,160
259618,163,149
259635,140,138
259651,115,95
259668,101,104
259686,86,87
259703,127,131
259719,142,137
259736,93,117
259752,136,120
259769,154,128
259786,101,118
259802,170,167
259819,174,174
259835,166,163
259852,173,174
259869,162,162
259887,173,172
259904,148,145
259920,172,172
259937,149,158
259954,154,152
259971,156,147
259989,175,174
260006,151,169
260023,172,172
260039,174,174
260056,174,174
260072,158,162
260089,171,171
260105,155,154
260122,143,143
260139,156,166
260155,131,138
260172,133,128
260188,133,130
260205,128,142
260222,137,137
260238,135,133
260254,146,147
260272,141,156
260288,142,145
260305,142,135
260322,144,171
260340,135,169
260356,168,166
260372,154,163
260389,156,155
260411,170,146
260428,146,138
260445,142,145
260462,171,173
260478,174,174
260494,161,168
260511,162,152
260527,146,166
260543,140,145
260560,142,129
260576,148,154
260593,173,154
260610,136,138
260626,161,151
260643,155,136
260659,142,143
260675,151,174
260693,169,174
260710,145,156
260727,143,154
260743,137,163
260760,148,163
260777,172,156
260794,170,167
260811,158,167
260828,151,157
260844,107,126
260860,148,158
260877,162,158
260894,174,174
260910,150,152
260926,148,150
260943,165,158
260961,168,160
260977,159,156
260994,173,173
261010,174,173
261027,149,152
261044,145,152
261061,145,152
261078,140,151
261095,139,140
261111,171,173
261128,169,174
261144,124,130
261160,106,118
261177,107,103
261194,102,103
261210,168,168
261226,174,174
261243,173,174
261260,159,158
261277,151,156
261294,145,147
261311,145,147
261327,173,168
261344,132,132
261361,147,135
261377,142,141
261393,136,135
261410,127,116
261427,118,118
261444,99,98
261460,91,84
261476,67,67
261493,72,55
261510,61,52
261526,166,166
261543,174,174
261559,173,174
261577,174,174
261594,171,173
261610,156,155
261626,174,174
261643,174,174
261660,171,174
261676,166,171
261693,172,164
261710,155,152
261727,144,136
261743,171,171
261761,174,174
261777,174,168
261794,173,166
261811,168,154
261827,152,145
261845,148,150
261861,161,168
261878,140,148
261895,169,147
261911,169,170
261927,151,149
261944,144,151
261960,149,139
261976,173,149
261994,144,133
262011,149,146
262027,140,146
262043,119,129
262060,126,138
262077,173,174
262094,174,174
262111,173,174
262128,174,174
262144,172,170
262161,170,171
262177,174,174
262193,165,167
262209,138,133
262226,153,141
262243,135,127
262260,144,135
262276,168,171
262293,171,174
262309,147,155
262325,141,149
262343,120,126
262360,125,123
262377,125,119
262393,147,147
262410,155,154
262426,144,146
262443,155,153
262460,154,150
262477,134,142
262494,161,169
262512,134,141
262529,136,140
262546,134,137
262563,151,153
262580,141,147
262597,151,152
262614,133,134
262631,145,129
262647,147,156
262664,167,163
262680,168,171
262697,163,167
262714,161,168
262731,151,163
262748,174,169
262765,174,172
262781,149,152
262799,148,154
262815,173,173
262831,163,169
262848,155,149
262865,150,149
262882,156,141
262899,147,149
262916,133,134
262932,165,165
262949,174,172
262966,174,172
262983,145,144
263000,171,171
263017,174,174
263034,174,174
263051,133,120
263068,92,85
263085,99,104
263102,85,83
263119,71,70
263137,156,145
263154,129,113
263170,130,117
263187,112,107
263203,124,115
263220,119,106
263236,169,168
263253,174,172
263270,174,174
263287,174,170
263304,157,163
263320,168,168
263337,160,153
263353,173,174
263370,143,145
263387,129,134
263403,158,158
263420,159,163
263436,166,165
263453,173,173
263470,174,174
263487,174,167
263503,156,159
263520,156,159
263536,132,125
263552,112,106
263569,114,105
263586,142,137
263603,147,148
263620,127,134
263637,127,133
263654,137,125
263671,118,120
263688,154,148
263705,137,131
263722,107,107
263740,94,90
263756,86,82
263772,88,74
263789,99,99
263806,84,83
263823,76,76
263840,79,78
263857,66,70
263874,65,62
263891,65,62
263907,163,152
263923,122,117
263940,130,114
263957,118,122
263974,103,103
263990,73,77
264007,53,62
264025,55,55
264042,66,61
264058,69,71
264075,167,161
264092,159,162
264108,166,171
264125,171,173
264142,166,170
264160,169,174
264176,155,152
264193,156,147
264210,151,145
264226,127,135
264243,139,146
264260,139,146
264276,156,160
264293,136,140
264310,148,140
264327,130,125
264344,163,152
264361,136,151
264377,94,102
264393,149,145
264410,146,143
264426,171,168
264443,149,160
264460,157,156
264477,147,148
264500,143,145
264517,150,146
264533,161,158
264550,147,163
264567,142,120
264584,130,117
264601,86,115
264618,116,121
264635,169,167
264652,171,169
264669,174,171
264685,174,172
264702,161,158
264718,154,151
264735,157,134
264753,173,171
264770,174,174
264786,155,147
264803,145,143
264820,147,140
264837,135,142
264854,144,136
264871,148,152
264888,147,160
264905,148,149
264921,131,121
264938,127,130
264955,170,172
264972,174,174
264988,174,172
265005,174,174
265022,163,168
265040,170,168
265057,171,174
265073,173,172
265090,159,160
265106,158,155
265123,162,158
265140,173,173
265157,174,171
265174,161,162
265190,174,174
265207,174,174
265224,165,171
265240,156,153
265257,149,134
265274,135,121
265292,141,154
265310,142,130
265326,121,124
265342,134,129
265359,153,170
265376,164,161
265393,172,170
265409,174,156
265426,160,142
265442,117,137
265459,113,111
265476,166,170
265493,174,173
265510,141,159
265526,151,151
265543,103,122
265560,169,170
265578,99,82
265594,142,136
265611,140,129
265627,118,109
265644,87,83
265661,80,85
265678,101,96
265695,120,125
265712,170,174
265728,167,174
265745,171,174
265761,174,167
265777,164,164
265794,157,150
265810,152,163
265827,150,168
265843,124,145
265864,116,124
265881,149,138
265898,162,123
265914,144,144
265931,174,173
265948,173,174
265965,173,170
265982,168,169
266000,163,173
266017,169,164
266033,173,173
266050,155,147
266066,147,149
266083,171,171
266099,174,174
266117,162,170
266134,173,173
266151,160,161
266168,161,161
266185,160,167
266202,149,148
266219,165,168
266236,170,174
266252,169,174
266268,174,171
266285,136,141
266302,162,158
266318,146,149
266335,138,148
266351,138,148
266368,171,172
266384,168,169
266401,168,174
266418,152,151
266434,158,164
266451,169,173
266467,167,162
266484,131,129
266501,140,137
266518,146,149
266535,128,129
266552,130,119
266568,118,97
266585,117,106
266602,123,119
266619,104,103
266635,118,110
266652,92,71
266669,167,167
266685,160,158
266703,158,161
266720,158,161
266737,145,136
266754,150,140
266771,143,134
266788,173,174
266804,136,146
266821,142,140
266838,165,166
266854,156,149
266871,163,164
266889,173,173
266905,174,174
266921,167,165
266938,173,167
266955,160,146
266972,132,126
266989,122,118
267005,130,130
267022,154,154
267038,124,113
267054,166,158
267071,163,155
267087,161,152
267103,172,171
267120,150,148
267137,131,145
267154,127,122
267171,122,128
267188,132,118
267206,122,126
267222,150,143
267239,145,139
267256,140,136
267273,157,158
267290,122,122
267307,128,132
267323,173,168
267340,173,168
267356,162,161
267373,174,171
267390,169,174
267407,154,155
267424,144,158
267441,159,147
267458,138,153
267475,155,152
267492,165,154
267508,145,143
267525,169,171
267541,154,164
267558,157,155
267574,161,174
267591,161,174
267608,168,173
267625,158,162
267642,159,165
267659,169,174
267677,160,164
267693,111,130
267709,111,130
267726,148,163
267742,173,173
267759,174,172
267776,142,137
267793,161,159
267810,162,160
267827,168,166
267844,160,160
267861,169,166
267878,165,164
267894,161,160
267911,162,165
267927,154,155
267943,166,157
267959,171,166
267976,166,174
267993,160,155
268009,141,153
268025,132,132
268042,140,136
268058,167,171
268075,174,174
268091,164,168
268109,173,174
268125,167,167
268143,167,171
268159,164,171
268177,173,169
268193,166,150
268209,136,128
268225,144,113
268242,128,114
268259,115,121
268276,61,83
268292,68,91
268309,82,71
268326,94,59
268342,74,87
268360,67,82
268377,54,62
268393,166,165
268411,173,174
268428,174,174
268445,174,174
268461,169,174
268478,173,170
268494,165,171
268511,158,167
268527,158,151
268544,120,119
268561,106,99
268578,103,98
268595,111,105
268612,174,174
268628,166,168
268645,148,148
268662,147,124
268679,147,129
268695,145,130
268712,136,117
268729,122,120
268746,116,120
268762,117,111
268779,116,91
268797,122,98
268814,118,100
268830,150,142
268847,133,152
268863,138,132
268880,118,117
268897,107,121
268913,169,169
268930,174,174
268946,171,174
268962,170,174
268980,164,174
268997,168,168
269014,154,162
269031,172,173
269048,168,167
269065,147,154
269081,140,130
269100,131,130
269117,114,116
269135,154,139
269152,90,111
269170,67,84
269187,60,78
269204,84,76
269221,62,87
269238,77,75
269255,172,174
269271,167,173
269288,169,164
269304,174,173
269321,161,169
269338,165,161
269355,167,163
269371,129,130
269388,114,116
269405,148,151
269422,147,150
269440,146,154
269457,154,146
269474,155,143
269490,162,156
269506,155,152
269522,173,173
269540,167,174
269557,166,170
269573,158,168
269590,149,154
269607,147,144
269624,146,139
269641,133,129
269658,135,134
269674,171,170
269690,171,174
269708,140,138
269725,132,136
269741,147,153
269758,145,121
269775,164,167
269792,153,151
269808,169,164
269825,171,174
269842,173,174
269858,173,174
269875,168,165
269892,169,160
269908,149,149
269925,112,132
269941,132,140
269958,155,156
269975,125,114
269991,134,124
270008,155,165
270025,129,127
270043,127,132
270060,160,157
270077,135,146
270094,169,170
270111,171,166
270128,174,172
270145,169,167
270161,153,154
270178,166,159
270195,155,158
270213,168,173
270230,125,127
270246,134,132
270263,163,164
270280,165,166
270297,164,163
270313,173,174
270330,174,174
270347,174,172
270364,157,160
270380,133,139
270397,106,108
270414,106,100
270431,90,83
270448,91,84
270465,75,68
270481,38,33
270497,30,33
270514,39,33
270530,120,133
270547,109,117
270564,85,89
270580,85,71
270597,53,44
270613,52,39
270631,50,40
270647,72,76
270663,67,72
270680,64,66
270696,43,48
270713,39,42
270730,41,43
270746,156,127
270763,98,89
270779,69,67
270797,90,66
270814,58,53
270830,50,48
270846,57,59
270863,57,61
270879,74,84
270896,81,95
270913,81,97
270930,88,105
270946,95,106
270963,110,118
270980,109,111
270996,101,118
271013,84,93
271030,84,93
271047,93,91
271064,167,168
271080,104,101
271097,121,125
271114,146,158
271131,154,164
271148,147,151
271165,147,145
271182,153,148
271200,148,151
271217,136,135
271234,159,162
271251,164,163
271267,168,153
271283,160,156
271300,156,161
271316,166,162
271333,160,161
271350,172,156
271367,170,159
271384,173,173
271400,173,173
271417,166,155
271433,167,156
271451,150,147
271468,157,129
271485,172,158
271502,154,159
271520,154,159
271537,161,166
271553,156,158
271570,165,164
271587,143,144
271603,168,147
271620,161,161
271637,141,132
271654,144,138
271671,170,164
271688,154,156
271705,160,154
271722,173,162
271740,169,164
271757,174,174
271774,166,164
271790,145,141
271806,151,168
271823,172,174
271839,172,174
271857,171,170
271874,170,167
271890,170,167
271907,177,176
271923,174,174
271940,172,174
271958,148,153
271974,164,157
271991,161,167
272007,172,168
272025,154,155
272042,174,174
272058,174,174
272075,170,173
272091,147,138
272108,119,137
272124,99,99
272141,114,100
272159,107,85
272176,92,91
272192,79,75
272209,80,69
272226,64,68
272243,153,144
272260,153,144
272277,158,151
272293,154,127
272311,122,122
272328,107,103
272344,148,147
272361,165,140
272378,148,138
272395,145,129
272411,113,105
272428,98,126
272444,126,132
272460,145,150
272477,137,124
272494,117,112
272511,112,116
272527,90,82
272544,76,82
272560,72,78
272577,167,168
272593,166,167
272610,163,160
272627,165,164
272643,161,160
272660,151,149
272677,154,154
272694,107,110
272712,93,57
272728,108,112
272744,85,75
272762,44,47
272779,142,141
272796,162,163
272813,161,160
272829,166,165
272846,161,161
272863,160,161
272880,160,161
272896,173,173
272913,124,124
272930,125,124
272947,163,163
272964,150,150
272982,147,147
272998,147,147
273015,140,140
273032,146,146
273049,145,147
273066,155,155
273082,136,144
273099,167,169
273115,174,174
273132,135,141
273148,134,145
273164,171,171
273181,108,118
273197,88,99
273215,146,159
273231,170,173
273248,165,174
273265,169,165
273281,160,159
273298,157,150
273315,172,160
273332,173,161
273349,139,137
273366,106,85
273382,88,82
273399,71,92
273416,132,132
273433,101,113
273449,81,107
273466,130,125
273482,149,125
273498,88,76
273515,130,130
273532,174,174
273548,152,157
273565,169,171
273581,141,133
273598,159,155
273615,133,137
273632,171,171
273649,167,174
273665,153,149
273682,167,151
273698,173,172
273715,167,163
273731,160,159
273747,173,173
273765,174,174
273782,164,163
273798,172,167
273815,160,146
273831,129,125
273848,130,129
273865,126,126
273882,145,145
273898,89,85
273915,129,129
273932,106,106
273949,117,116
273966,130,134
273982,121,124
273998,130,153
274015,144,123
274032,142,170
274049,127,164
274066,162,148
274083,161,152
274099,146,147
274115,163,133
274133,163,144
274150,132,138
274167,137,158
274183,156,144
274200,146,144
274217,163,140
274234,140,131
274251,139,158
274268,151,147
274285,124,151
274302,172,154
274318,138,137
274335,165,145
274353,149,140
274370,144,133
274386,145,170
274403,149,144
274420,142,149
274436,148,144
274453,137,165
274470,142,162
274487,145,134
274504,154,163
274522,159,167
274538,150,152
274556,105,120
274572,152,153
274589,166,157
274605,174,173
274622,150,145
274639,135,133
274656,151,151
274673,163,163
274690,146,144
274706,172,165
274723,170,171
274740,159,157
274757,169,153
274774,147,150
274790,146,144
274807,135,136
274824,155,155
274840,144,141
274858,128,129
274875,115,113
274892,98,98
274909,90,88
274926,174,174
274943,164,160
274959,159,158
274975,164,164
274992,157,156
275009,157,156
275026,154,152
275042,144,134
275059,94,88
275076,93,73
275093,72,72
275109,52,57
275125,45,42
275143,41,44
275159,39,42
275176,33,31
275193,32,30
275210,29,30
275226,30,32
275242,162,159
275259,167,166
275276,164,174
275293,172,174
275309,172,173
275326,174,169
275342,168,174
275359,162,163
275376,160,165
275393,138,134
275410,169,146
275426,102,123
275443,93,92
275459,93,92
275476,174,174
275494,174,174
275511,149,150
275528,152,127
275545,161,146
275563,160,167
275579,144,162
275596,139,149
275613,154,149
275629,159,168
275646,139,158
275663,135,119
275680,164,152
275697,142,130
275714,150,143
275730,150,138
275747,111,112
275764,118,97
275781,174,174
275798,173,174
275814,174,174
275831,173,174
275848,174,169
275864,153,159
275880,154,161
275897,174,164
275913,139,134
275929,129,113
275946,143,132
275962,145,126
275980,114,99
275996,143,145
276012,98,100
276028,96,85
276045,78,81
276061,160,161
276078,160,161
276095,117,140
276112,174,174
276130,171,174
276147,174,174
276163,172,157
276179,171,169
276196,157,150
276212,172,173
276228,154,148
276244,135,147
276262,158,156
276279,157,151
276296,148,147
276314,136,135
276331,162,161
276348,161,164
276365,163,157
276382,173,173
276399,161,158
276416,174,173
276432,155,158
276449,155,158
276466,149,162
276483,170,173
276500,174,174
276516,152,138
276533,174,174
276549,159,151
276567,144,140
276584,136,145
276600,135,130
276617,135,135
276634,174,173
276651,173,173
276669,167,171
276686,169,174
276702,174,174
276719,174,174
276736,164,173
276753,174,170
276769,150,157
276787,146,143
276803,142,125
276819,142,125
276836,142,135
276853,139,152
276869,140,149
276886,131,155
276902,147,157
276918,151,142
276934,143,129
276952,166,171
276969,174,174
276987,174,174
277003,173,173
277020,171,164
277036,154,148
277052,172,172
277069,174,174
277086,150,148
277103,143,142
277119,165,159
277136,169,171
277153,161,163
277169,173,173
277186,174,174
277202,174,174
277219,155,160
277235,146,138
277253,140,132
277269,143,130
277286,116,118
277303,120,117
277319,114,115
277337,124,120
277354,127,119
277370,125,116
277387,153,154
277404,131,132
277420,132,134
277437,124,125
277454,130,124
277470,128,121
277488,131,125
277505,127,123
277522,124,127
277539,124,123
277556,128,126
277573,126,125
277589,120,118
277607,170,164
277624,165,164
277640,172,167
277656,162,159
277674,160,161
277691,147,146
277708,135,122
277725,145,150
277743,158,151
277759,169,157
277777,171,174
277794,166,159
277810,165,149
277827,164,158
277844,151,144
277861,139,141
277878,121,122
277894,137,127
277910,118,124
277927,169,170
277944,105,119
277961,126,139
277978,161,157
277995,161,152
278012,154,151
278029,173,172
278046,157,148
278063,133,132
278079,142,143
278096,170,163
278112,161,159
278129,157,168
278146,162,159
278163,159,158
278179,154,153
278196,151,160
278214,165,154
278230,173,170
278246,173,174
278263,161,168
278281,154,168
278298,165,153
278314,163,159
278331,161,153
278349,173,172
278366,170,174
278382,174,174
278399,168,174
278416,169,172
278433,172,174
278449,169,172
278466,172,168
278482,163,153
278499,143,157
278516,157,156
278533,171,162
278549,146,149
278566,143,146
278583,137,154
278600,158,161
278617,151,150
278634,170,172
278651,173,174
278667,174,174
278684,174,174
278701,174,174
278717,174,174
278734,173,173
278751,174,174
278767,174,173
278783,174,174
278801,174,174
278817,171,173
278834,169,173
278851,170,173
278867,174,170
278884,174,174
278901,174,174
278918,174,174
278934,169,174
278952,172,157
278968,153,144
278984,140,142
279001,162,170
279018,153,141
279034,150,157
279051,145,160
279068,153,173
279084,160,151
279101,173,173
279118,171,171
279134,167,174
279151,174,166
279168,174,166
279185,173,173
279201,174,174
279218,174,174
279234,174,165
279251,174,172
279268,168,157
279285,157,161
279301,134,144
279318,164,162
279335,174,165
279353,174,174
279370,167,162
279387,165,159
279403,174,162
279420,167,166
279436,174,174
279453,174,174
279469,173,168
279488,169,167
279504,171,174
279521,168,174
279538,174,174
279554,174,174
279571,136,157
279589,169,163
279606,174,156
279623,168,174
279639,174,174
279655,174,174
279671,174,174
279688,174,174
279704,172,174
279721,172,174
279737,167,167
279753,119,134
279770,139,131
279787,145,154
279804,131,124
279820,108,112
279836,143,133
279853,163,149
279869,163,157
279886,163,161
279902,145,138
279920,150,151
279936,147,163
279952,147,152
279969,154,155
279986,150,156
280003,135,142
280019,135,142
280036,136,122
280052,137,115
280069,147,123
280085,138,120
280103,130,141
280120,125,123
280136,122,147
280153,101,131
280169,112,125
280186,141,150
280202,137,149
280219,133,127
280236,144,144
280253,134,135
280269,145,139
280286,146,145
280302,151,153
280319,145,136
280335,131,129
280352,148,146
280369,143,142
280386,141,151
280403,129,149
280420,132,138
280437,145,133
280454,111,125
280471,121,109
280487,128,105
280504,124,124
280520,142,125
280536,132,131
280553,142,111
280569,137,121
280586,132,144
280602,141,146
280618,141,141
280635,137,135
280652,128,129
280669,118,119
280686,150,121
280703,139,114
280720,149,118
280736,131,109
280754,134,126
280770,135,114
280787,108,133
280803,123,115
280820,103,111
280838,123,129
280854,120,123
280871,123,133
280887,123,121
280904,125,126
280921,115,129
280937,135,133
280954,128,130
280971,113,105
280988,122,118
281005,122,122
281022,126,129
281039,133,133
281056,122,109
281073,114,125
281089,113,114
281106,102,95
281122,110,101
281140,108,108
281157,126,117
281174,109,107
281190,118,100
281207,125,111
281224,119,111
281241,112,122
281258,125,129
281274,131,123
281291,111,115
281308,112,100
281325,118,108
281341,121,105
281357,124,107
281374,111,106
281391,123,115
281407,112,104
281424,103,97
281440,108,105
281457,101,90
281474,104,112
281491,115,110
281507,108,103
281523,112,107
281541,106,100
281558,106,96
281575,113,110
281591,114,121
281607,117,108
281624,124,109
281641,115,109
281657,103,105
281674,132,138
281690,144,139
281706,112,132
281724,98,91
281741,88,90
281758,97,88
281774,93,86
281790,98,85
281807,159,162
281824,170,166
281841,115,132
281859,115,132
281875,101,105
281893,142,146
281909,108,113
281926,155,118
281942,110,94
281959,109,109
281976,95,96
281993,96,80
282009,94,128
282025,113,110
282042,103,89
282059,90,84
282076,89,89
282092,93,77
282109,93,77
282126,137,103
282143,122,127
282159,92,133
282176,136,102
282193,93,100
282210,134,97
282227,112,105
282244,111,104
282261,110,93
282278,127,124
282295,113,101
282311,86,108
282329,108,100
282346,99,102
282363,84,99
282380,88,94
282396,81,73
282413,92,63
282431,104,111
282447,111,93
282464,93,91
282481,97,87
282498,93,79
282514,75,82
282531,84,95
282547,80,96
282564,89,92
282580,78,81
282597,89,69
282614,85,83
282631,88,82
282647,84,89
282665,94,69
282681,92,75
282699,75,68
282715,74,74
282732,73,63
282749,72,77
282766,87,70
282782,85,88
282798,79,82
282815,70,81
282832,73,63
282848,73,63
282865,85,76
282882,102,87
282899,109,87
282916,97,90
282933,93,102
282949,96,85
282967,134,129
282983,107,113
283000,117,113
283017,119,116
283034,106,106
283051,114,117
283067,111,115
283084,105,113
283101,109,114
283118,112,115
283134,112,109
283151,109,128
283168,91,121
283185,103,122
283202,101,93
283219,101,93
283236,91,92
283252,108,95
283269,103,90
283286,99,95
283303,92,85
283321,82,79
283337,82,79
283354,87,83
283371,68,90
283388,76,78
283405,87,84
283422,87,98
283438,91,99
283455,96,95
283471,95,103
283487,98,96
283505,101,99
283521,92,105
283538,94,95
283554,96,90
283571,85,92
283588,85,92
283604,88,128
283622,104,138
283638,109,145
283654,121,121
283671,125,119
283689,119,128
283706,128,126
283723,154,140
283739,150,152
283757,149,123
283774,140,126
283791,116,123
283808,126,118
283825,156,139
283842,147,128
283859,141,116
283877,115,115
283893,109,124
283909,111,124
283926,110,150
283942,113,156
283959,113,151
283976,134,143
283993,121,125
284009,133,140
284027,170,170
284044,156,166
284061,134,157
284077,134,157
284093,105,118
284110,113,103
284127,121,101
284143,134,126
284161,137,120
284178,123,123
284195,124,97
284213,106,114
284229,107,104
284246,136,132
284263,153,137
284279,145,157
284297,131,150
284313,123,137
284329,131,120
284347,132,102
284363,143,133
284380,125,131
284397,130,126
284414,100,113
284430,106,108
284447,95,92
284464,153,168
284481,123,126
284497,134,138
284514,134,132
284532,124,129
284548,130,127
284565,117,122
284583,115,137
284599,118,139
284616,125,131
284633,112,110
284650,109,119
284667,116,131
284683,166,166
284700,117,135
284717,102,121
284733,126,138
284750,114,102
284768,102,104
284784,123,112
284801,96,92
284818,96,92
284835,88,87
284851,96,88
284867,97,83
284884,123,124
284902,133,120
284918,144,113
284934,150,112
284950,123,128
284968,120,106
284985,106,88
285001,117,104
285018,113,93
285035,121,108
285052,104,89
285069,94,97
285085,77,85
285101,136,114
285119,133,119
285135,97,89
285153,85,73
285169,96,73
285185,91,76
285202,95,92
285218,137,131
285235,127,143
285251,116,117
285268,106,116
285284,98,116
285301,95,107
285318,90,114
285334,160,149
285351,147,153
285369,150,143
285385,128,141
285402,128,120
285419,121,132
285436,137,143
285453,132,144
285469,129,135
285487,114,113
285504,115,117
285521,167,146
285537,169,154
285554,156,149
285570,150,143
285586,120,126
285604,113,106
285620,108,90
285636,124,137
285653,155,142
285670,148,123
285686,148,111
285703,131,116
285719,132,108
285736,122,115
285753,157,173
285769,165,165
285786,129,140
285802,134,147
285819,147,139
285835,139,138
285853,132,126
285870,124,111
285887,115,118
285904,119,106
285921,114,110
285937,111,105
285954,112,110
285971,139,129
285987,126,138
286004,116,126
286021,137,132
286038,132,135
286056,136,115
286073,143,153
286091,150,119
286107,145,132
286124,140,109
286142,111,117
286159,127,126
286175,133,111
286192,115,126
286209,116,131
286226,131,128
286242,112,115
286259,111,126
286275,115,130
286291,121,132
286308,121,133
286324,122,116
286342,132,116
286359,107,111
286375,123,124
286392,136,123
286409,149,109
286425,145,100
286442,139,100
286459,138,111
286475,130,98
286491,134,135
286507,133,134
286525,131,127
286541,121,119
286558,106,116
286575,92,103
286591,93,116
286608,150,150
286625,124,139
286641,118,126
286658,118,126
286674,117,130
286691,125,129
286709,152,112
286726,141,144
286742,139,133
286759,144,130
286776,117,120
286792,121,126
286809,126,131
286825,121,131
286842,113,129
286859,109,145
286876,110,117
286893,127,108
286910,127,108
286926,122,135
286942,128,130
286959,128,111
286976,123,101
286993,111,114
287009,110,111
287025,125,113
287042,131,141
287059,166,131
287076,136,132
287093,132,135
287109,111,112
287126,111,123
287143,130,131
287160,139,143
287178,130,129
287195,115,116
287212,112,118
287229,113,110
287246,127,140
287263,136,149
287279,136,149
287296,118,137
287313,114,107
287331,113,123
287348,135,125
287364,139,145
287381,140,127
287397,140,127
287415,122,146
287431,101,124
287448,109,123
287465,169,172
287481,137,161
287497,131,158
287514,149,142
287531,135,144
287548,137,133
287565,129,118
287582,130,137
287598,133,133
287615,128,123
287631,115,139
287648,115,139
287666,134,131
287683,133,126
287700,137,145
287717,122,130
287733,125,127
287749,115,136
287767,115,119
287784,119,140
287801,115,126
287817,108,120
287835,108,110
287852,112,105
287869,104,118
287885,98,102
287902,106,129
287918,103,120
287934,103,120
287951,112,110
287968,120,128
287984,103,101
288001,126,135
288018,126,135
288035,128,130
288052,125,150
288068,131,141
288085,112,123
288101,161,148
288117,149,141
288134,126,119
288151,136,149
288167,133,126
288184,121,122
288200,131,137
288217,147,151
288233,148,132
288249,133,137
288266,118,125
288282,97,104
288299,90,90
288315,105,94
288333,140,124
288349,134,127
288366,136,128
288382,128,120
288399,124,122
288416,124,125
288432,108,119
288450,106,117
288467,110,107
288483,107,96
288500,114,113
288517,114,98
288534,127,121
288551,103,106
288568,99,110
288584,109,111
288600,103,114
288617,103,105
288633,111,99
288651,124,134
288667,126,137
288683,120,135
288701,104,112
288717,99,104
288733,99,100
288751,96,94
288767,106,118
288784,89,107
288800,108,112
288817,98,108
288835,108,102
288851,111,101
288867,95,99
288884,98,115
288901,98,106
288917,107,109
288933,97,105
288951,98,98
288967,139,129
288983,140,133
289001,139,121
289018,142,125
289034,127,113
289050,125,117
289067,117,110
289084,121,104
289101,115,101
289117,115,101
289134,114,111
289150,102,114
289166,118,139
289184,145,149
289201,136,138
289217,145,147
289234,143,125
289251,122,111
289268,137,114
289285,117,132
289301,120,122
289318,123,118
289335,125,114
289351,102,122
289369,102,122
289385,132,138
289403,152,136
289420,135,131
289437,111,113
289454,108,93
289471,109,104
289488,109,104
289505,147,151
289522,148,141
289539,135,131
289556,145,123
289573,146,126
289590,130,122
289607,165,148
289624,161,147
289641,158,133
289658,158,142
289675,144,127
289692,136,110
289709,109,117
289725,126,109
289743,123,113
289759,118,123
289776,115,117
289793,116,92
289810,108,92
289827,124,130
289844,120,102
289860,101,96
289877,105,102
289893,124,109
289910,123,94
289927,113,111
289944,115,119
289961,106,110
289979,107,123
289995,106,99
290011,101,94
290029,97,93
290046,156,158
290063,166,152
290080,148,132
290097,123,125
290114,113,107
290132,93,104
290149,102,101
290165,94,102
290182,93,101
290199,97,106
290215,91,98
290232,98,95
290249,121,115
290266,110,105
290282,91,95
290299,100,97
290316,96,113
290333,100,89
290350,100,89
290367,164,168
290384,154,163
290400,139,145
290416,129,144
290433,114,120
290449,98,126
290465,147,141
290482,105,127
290499,96,100
290516,128,123
290533,110,122
290550,86,94
290566,134,131
290583,112,118
290600,112,118
290617,85,89
290634,126,125
290651,90,87
290669,81,98
290685,168,162
290702,157,148
290719,157,148
290735,132,143
290752,122,99
290769,116,125
290785,122,133
290801,102,137
290819,121,144
290837,124,114
290854,108,115
290871,90,107
290887,168,164
290904,156,161
290921,136,143
290937,127,137
290953,93,111
290971,100,99
290987,90,102
291003,113,113
291020,102,82
291036,92,93
291053,84,80
291070,74,76
291086,78,80
291103,117,117
291120,119,114
291137,116,101
291154,97,79
291170,95,95
291187,90,96
291204,95,117
291221,111,118
291238,106,114
291254,95,108
291271,89,115
291287,79,101
291304,75,87
291320,97,93
291338,97,93
291354,88,84
291371,75,81
291387,71,66
291404,77,72
291422,73,88
291439,75,79
291456,70,84
291473,60,71
291489,68,71
291506,72,74
291523,115,104
291539,127,146
291556,92,86
291573,74,80
291590,74,80
291607,82,65
291624,72,74
291641,61,74
291658,61,74
291674,71,65
291690,80,57
291707,80,57
291724,64,58
291740,91,87
291757,110,115
291774,120,141
291792,120,143
291808,118,137
291825,116,135
291842,96,124
291859,105,122
291875,108,136
291892,100,99
291909,93,113
291925,128,117
291942,117,121
291959,113,132
291976,111,146
291993,114,140
292009,103,128
292025,106,108
292042,96,134
292059,99,127
292075,109,137
292092,112,102
292109,101,115
292125,88,107
292141,93,113
292158,111,124
292174,104,127
292191,98,129
292207,110,115
292224,99,113
292241,96,101
292258,105,127
292274,106,129
292292,98,123
292309,101,115
292325,112,121
292342,100,112
292358,122,120
292375,118,129
292392,155,145
292409,160,157
292426,144,146
292442,113,105
292460,107,115
292477,101,125
292494,124,138
292510,120,145
292527,151,165
292543,129,122
292560,145,123
292576,127,128
292593,122,124
292610,153,167
292626,158,172
292643,128,153
292660,117,149
292677,122,116
292693,137,133
292710,125,142
292727,108,133
292745,109,108
292762,107,96
292778,107,115
292796,113,107
292813,100,106
292829,130,151
292846,138,119
292863,122,108
292880,127,135
292896,122,136
292913,135,124
292930,157,142
292947,131,129
292963,137,115
292979,137,124
292997,135,116
293013,131,123
293029,124,120
293046,148,147
293063,116,151
293080,134,143
293097,127,141
293114,126,137
293132,149,135
293149,142,135
293166,113,116
293182,135,113
293199,99,119
293216,131,102
293232,123,100
293249,115,88
293265,112,129
293283,131,123
293300,110,122
293316,105,119
293334,106,92
293350,115,112
293367,133,139
293384,142,150
293401,119,141
293417,120,132
293434,135,140
293451,131,132
293467,129,140
293485,113,123
293501,98,120
293518,86,121
293535,109,100
293552,114,98
293568,115,95
293584,109,95
293601,107,107
293617,116,100
293634,110,77
293650,121,89
293666,115,85
293684,119,122
293701,124,119
293717,128,120
293734,119,108
293751,126,123
293768,117,137
293784,113,120
293800,112,116
293817,121,110
293833,113,110
293850,105,89
293866,101,90
293882,104,104
293899,97,89
293916,106,97
293932,103,92
293949,82,93
293966,92,79
293983,76,81
293999,82,78
294016,107,133
294033,129,130
294050,104,118
294067,117,104
294084,109,110
294100,106,113
294116,98,102
294133,101,116
294149,86,107
294166,69,114
294182,103,80
294199,108,76
294216,96,76
294233,77,75
294249,93,74
294266,87,78
294283,87,74
294300,77,68
294316,83,77
294333,104,108
294350,116,103
294367,102,102
294383,114,101
294401,109,106
294417,109,106
294434,111,107
294450,103,106
294466,104,90
294483,97,82
294499,85,80
294517,92,80
294533,83,85
294550,74,81
294567,82,83
294584,76,70
294600,70,67
294617,73,68
294633,85,69
294650,97,107
294666,98,114
294682,106,108
294700,88,108
294717,108,110
294734,95,106
294750,98,88
294767,101,102
294784,96,99
294801,71,86
294818,88,66
294835,101,60
294852,92,63
294869,82,63
294886,70,74
294902,69,69
294919,62,67
294936,74,62
294952,79,76
294968,101,86
294986,97,84
295002,84,83
295019,92,80
295035,92,81
295052,97,76
295069,99,88
295086,97,85
295102,99,85
295119,86,80
295137,82,68
295153,80,69
295171,72,71
295188,68,60
295204,72,59
295221,62,54
295239,72,61
295256,56,52
295272,65,56
295289,73,61
295306,85,96
295323,100,86
295339,80,90
295356,89,90
295373,84,90
295390,99,91
295407,88,81
295424,88,87
295440,57,76
295457,66,50
295474,78,63
295490,80,65
295507,72,66
295524,56,52
295540,58,56
295557,53,54
295574,58,49
295591,73,62
295608,93,73
295626,86,73
295643,92,75
295659,80,78
295675,81,64
295693,80,70
295710,88,72
295726,81,60
295743,85,63
295760,79,69
295777,72,61
295794,70,64
295812,60,63
295829,60,59
295846,69,51
295862,54,52
295878,56,54
295896,49,47
295913,61,45
295930,75,63
295946,73,77
295962,80,78
295979,73,74
295996,78,78
296012,75,81
296029,79,79
296047,136,132
296064,102,130
296080,81,93
296097,70,79
296114,82,72
296130,89,70
296146,79,63
296163,69,60
296180,70,60
296197,56,54
296214,62,48
296230,67,54
296248,70,71
296264,82,90
296280,76,82
296297,70,77
296313,66,70
296331,77,74
296347,82,71
296364,89,73
296380,84,65
296398,78,70
296415,62,61
296432,63,53
296448,57,58
296465,69,61
296483,59,53
296499,57,47
296516,47,44
296533,45,40
296551,44,43
296568,67,61
296585,64,71
296602,72,63
296619,61,68
296635,60,61
296652,66,65
296668,61,60
296685,63,66
296702,58,56
296718,50,55
296735,40,36
296751,50,44
296767,51,48
296783,120,149
296801,101,114
296817,114,126
296834,81,73
296851,79,96
296868,68,82
296886,73,73
296903,150,148
296919,133,139
296936,124,133
296953,98,98
296969,108,82
296985,101,91
297002,87,94
297019,84,75
297036,84,76
297053,88,93
297069,73,83
297086,64,60
297104,67,69
297121,72,82
297139,65,62
297155,59,48
297172,66,64
297188,63,58
297209,122,123
297225,132,145
297242,152,161
297258,134,136
297275,108,126
297291,107,122
297308,89,114
297325,89,101
297341,82,81
297359,73,83
297375,103,94
297392,76,79
297408,59,63
297425,69,62
297443,59,65
297459,55,60
297475,58,56
297492,73,81
297510,69,77
297526,66,70
297542,142,164
297559,149,159
297576,135,154
297593,113,139
297610,104,99
297627,102,115
297644,108,122
297661,112,126
297678,117,134
297695,136,111
297712,87,111
297729,68,92
297745,115,126
297762,134,139
297779,106,121
297797,94,87
297813,89,90
297829,70,75
297846,99,96
297863,77,77
297880,75,77
297897,62,65
297914,90,89
297931,66,70
297948,61,56
297964,86,85
297980,76,82
297998,73,75
298015,78,69
298032,80,82
298048,67,67
298065,86,85
298083,97,107
298100,85,104
298116,82,99
298132,75,90
298149,72,78
298166,62,62
298183,80,79
298199,61,58
298216,56,61
298233,83,97
298250,51,55
298267,54,57
298285,78,80
298302,71,73
298318,53,58
298335,72,69
298352,75,78
298369,70,68
298385,94,95
298402,104,97
298418,96,86
298435,56,59
298451,58,63
298468,68,82
298485,72,68
298501,57,61
298518,53,52
298535,60,63
298552,47,45
298569,46,46
298585,62,53
298602,95,95
298618,48,48
298636,43,39
298653,88,94
298670,48,51
298687,46,53
298704,51,49
298720,85,87
298737,48,51
298754,44,37
298772,44,50
298789,75,75
298806,39,41
298823,47,50
298841,62,63
298857,43,44
298874,88,87
298891,45,41
298908,61,62
298925,86,111
298943,75,104
298959,77,78
298975,67,76
298992,94,96
299009,67,65
299025,62,60
299041,52,54
299059,85,86
299076,62,76
299093,44,51
299109,42,45
299127,44,45
299143,57,59
299160,37,38
299176,59,63
299192,79,87
299210,45,43
299227,47,38
299244,50,49
299261,59,56
299278,41,42
299295,60,57
299312,77,76
299329,45,45
299346,40,41
299363,103,100
299379,108,121
299395,125,124
299412,111,112
299428,92,112
299445,82,88
299462,82,88
299478,145,162
299496,112,121
299513,94,108
299530,96,91
299547,86,79
299563,73,81
299579,75,80
299596,68,67
299613,59,69
299630,61,58
299647,48,41
299664,88,98
299681,67,73
299697,74,77
299714,66,75
299731,96,101
299747,67,67
299764,49,54
299782,122,141
299798,123,138
299814,92,103
299831,78,94
299847,74,88
299864,64,71
299880,61,63
299898,61,66
299914,74,82
299931,48,54
299948,48,54
299966,45,49
299982,39,45
299999,72,73
300016,64,66
300032,64,71
300048,70,73
300065,56,52
300081,49,51
300098,63,69
300114,99,108
300131,78,88
300148,69,81
300164,57,69
300181,57,51
300197,57,51
300213,80,81
300230,52,66
300246,47,52
300262,71,77
300279,51,58
300296,48,47
300313,41,45
300329,60,59
300346,56,60
300363,45,57
300380,68,62
300397,46,50
300414,70,75
300430,75,89
300446,75,89
300463,56,70
300479,52,65
300496,51,58
300513,48,43
300530,62,58
300546,55,60
300562,55,45
300578,50,51
300595,43,43
300612,44,45
300628,46,48
300644,41,46
300661,54,54
300678,42,49
300694,51,51
300711,49,43
300728,59,51
300744,56,68
300762,64,69
300778,61,66
300795,51,51
300812,50,52
300829,48,45
300846,43,48
300863,52,54
300880,38,41
300897,42,44
300913,37,42
300930,39,45
300947,36,36
300963,41,47
300980,39,45
300996,34,40
301013,51,46
301029,46,40
301046,36,38
301062,31,31
301079,51,57
301096,43,53
301113,37,41
301130,38,42
301147,37,34
301164,28,33
301180,28,28
301198,33,36
301214,31,27
301230,26,28
301248,31,32
301265,29,29
301281,30,29
301298,34,30
301314,29,31
301332,25,29
301348,32,31
301365,23,23
301382,30,30
301398,35,44
301415,33,39
301431,29,36
301448,27,30
301465,23,28
301482,23,27
301498,25,20
301515,20,20
301532,20,19
301549,20,19
301565,17,16
301582,16,16
301598,14,19
301616,20,22
301632,18,22
301649,16,23
301665,17,18
301681,19,18
301698,17,14
301714,27,33
301731,30,38
301748,21,30
301765,20,21
301782,18,23
301798,18,23
301815,14,16
301832,15,16
301849,14,17
301866,13,16
301883,11,12
301899,12,12
301916,11,12
301932,12,15
301949,16,18
301966,15,19
301982,14,15
301999,14,13
302016,10,14
302033,24,30
302050,24,31
302067,24,27
302084,17,20
302102,15,16
302118,13,16
302135,15,15
302152,12,14
302169,12,14
302186,11,11
302203,11,11
302220,10,9
302236,10,11
302253,13,14
302269,12,14
302286,13,15
302304,11,14
302321,13,12
302338,10,12
302356,18,23
302373,20,25
302390,15,18
302407,13,15
302424,14,15
302440,12,13
302457,11,12
302473,12,12
302490,13,11
302506,11,10
302523,9,9
302539,9,9
302556,0,0
302573,9,11
302589,11,14
302605,11,13
302623,10,10
302639,10,10
302655,0,11
302672,13,13
302689,16,19
302706,15,18
302723,11,13
302741,12,11
302757,11,10
302773,11,10
302790,11,10
302806,11,10
302822,9,10
302839,8,9
302856,10,0
302874,0,0
302890,10,8
302906,10,8
302923,9,10
302940,8,10
302957,0,10
302973,0,0
302990,11,15
303006,14,16
303023,12,17
303041,10,11
303058,0,10
303075,9,10
303092,9,9
303109,9,9
303126,0,8
303142,0,0
303159,0,0
303176,0,0
303192,0,8
303208,0,0
303225,0,0
303242,0,0
303258,0,0
303275,0,9
303292,0,0
303308,0,0
303325,10,13
303343,11,13
303359,9,12
303376,8,0
303392,8,0
303409,0,0
303425,0,0
303442,0,0
303459,0,0
303477,0,0
303494,0,0
303511,0,0
303528,0,0
303545,0,0
303562,0,0
303578,0,0
303595,0,9
303613,0,0
303629,0,0
303645,8,11
303662,9,11
303678,0,10
303695,0,0
303712,0,8
303729,0,0
303745,0,0
303762,0,0
303779,0,0
303796,0,0
303813,0,0
303829,0,0
303845,0,0
303862,0,0
303879,0,0
303897,0,0
303913,0,0
303929,0,0
303946,0,0
303964,0,0
303981,0,0
303998,0,0
304014,0,0
304032,0,0
304049,0,0
304065,0,0
304083,0,0
304100,0,0
304116,0,0
304133,0,0
304150,0,0
304167,0,0
304183,0,0
304200,0,0
304217,0,0
304234,0,0
304251,0,0
304268,0,0
304285,0,0
304302,0,0
304319,0,0
304335,0,0
304352,0,0
304369,0,0
304385,0,0
304401,0,0
304418,0,0
304435,0,0
304452,0,0
304468,0,0
304485,0,0
304502,0,0
304518,0,0
304535,0,0
304553,0,0
304570,0,0
304586,0,0
304603,0,0
304619,0,0
304636,0,0
304652,0,0
304669,0,0
304685,0,0
304702,0,0
304718,0,0
304735,0,0
304751,0,0
304768,0,0
304785,0,0
304802,0,0
304818,0,0
304834,0,0
304851,0,0
304868,0,0
304885,0,0
304902,0,0
304919,0,0
304935,0,0
304952,0,0
304968,0,0
304984,0,0
305001,0,0
305018,0,0
305034,0,0
305051,0,0
305068,0,0
305085,0,0
305101,0,0
305118,0,0
305135,0,0
305152,0,0
305168,0,0
305185,0,0
305202,0,0
305219,0,0
305236,0,0
305253,0,0
305270,0,0
305286,0,0
305302,0,0
305320,0,0
305337,0,0
305353,0,0
305369,0,0
305386,0,0
305403,0,0
305419,0,0
305436,0,0
305453,0,0
305470,0,0
305486,0,0
305502,0,0
305519,0,0
305535,0,0
305552,0,0
305569,0,0
305585,0,0
305602,0,0
305618,0,0
305634,0,0
305651,0,0
305668,0,0
305685,0,0
305702,0,0
305719,0,0
305735,0,0
305752,0,0
305768,0,0
305785,0,0
305802,0,0
305819,0,0
305836,0,0
305852,0,0
305869,0,0
305885,0,0
305901,0,0
305919,0,0
305936,0,0
305953,0,0
305970,0,0
305987,0,0
306003,0,0
306020,0,0
306037,0,0
306054,0,0
306070,0,0
306087,0,0
306104,0,0
306121,0,0
306139,0,0
306155,0,0
306172,0,0
306188,0,0
306205,0,0
306221,0,0
306239,0,0
306255,0,0
306271,0,0
306288,0,0
306305,0,0
306321,0,0
306339,0,0
306355,0,0
306371,0,0
306389,0,0
306406,0,0
306422,0,0
306440,0,0
306456,0,0
306474,0,0
306490,0,0
306507,0,0
306524,0,0
306541,0,0
306558,0,0
306574,0,0
306591,0,0
306607,0,0
306625,0,0
306642,0,0
306658,0,0
306675,0,0
306691,0,0
306708,0,0
306724,0,0
306742,0,0
306758,0,0
306775,0,0
306791,0,0
306808,0,0
